amino_acid	anticodon	decodes_codon	gene_copies	note
Ala	CGC	GCG	1	
Ala	GGC	GCC	1	
Ala	TGC	GCA	2	
Arg	ACG	CGT	1	
Arg	CCG	CGG	1	
Arg	CCT	AGG	1	
Arg	TCT	AGA	1	
Asn	GTT	AAC	1	
Asp	GTC	GAC	1	
Cys	GCA	TGC	2	
Gln	TTG	CAA	1	
Glu	TTC	GAA	1	
Gly	CCC	GGG	1	
Gly	GCC	GGC	1	
Gly	TCC	GGA	1	
His	GTG	CAC	1	
Ile	CAT	ATA	1	lysidine-modified tRNA-Ile2; decodes ATA not ATG
Ile	GAT	ATC	2	
Leu	CAA	TTG	1	
Leu	CAG	CTG	1	
Leu	GAG	CTC	1	
Leu	TAG	CTA	1	
Lys	TTT	AAA	1	
Met	CAT	ATG	2	
Phe	GAA	TTC	1	
Pro	CGG	CCG	1	
Pro	GGG	CCC	1	
Pro	TGG	CCA	1	
Ser	CGA	TCG	1	
Ser	GCT	AGC	1	
Ser	GGA	TCC	1	
Ser	TGA	TCA	1	
Thr	CGT	ACG	1	
Thr	GGT	ACC	1	
Thr	TGT	ACA	1	
Trp	CCA	TGG	1	
Tyr	GTA	TAC	1	
Val	CAC	GTG	1	
Val	GAC	GTC	1	
Val	TAC	GTA	1	
