locus_tag	seqid	start	end	strand	status	refseq_isotype	scan_isotype	refseq_anticodon	scan_anticodon	refseq_effective_anticodon	scan_score	refseq_pseudo	scan_pseudo	reason
M744_RS00070	NZ_CP006471.1	13050	13120	-	concordant	Gly	Gly	TCC	TCC	TCC	75.4	False	False	match
M744_RS00765	NZ_CP006471.1	143354	143427	+	concordant	Arg	Arg	CCT	CCT	CCT	71.5	False	False	match
M744_RS01500	NZ_CP006471.1	280106	280178	+	concordant	Ala	Ala	CGC	CGC	CGC	73.8	False	False	match
M744_RS01875	NZ_CP006471.1	348338	348411	-	concordant	Pro	Pro	CGG	CGG	CGG	76.5	False	False	match
M744_RS02135	NZ_CP006471.1	401730	401806	-	concordant	Met	fMet	CAT	CAT	CAT	76.1	False	False	match
M744_RS02355	NZ_CP006471.1	444328	444398	-	concordant	Cys	Cys	GCA	GCA	GCA	49.7	False	False	match
M744_RS02365	NZ_CP006471.1	446986	447056	-	concordant	Cys	Cys	GCA	GCA	GCA	71.1	False	False	match
M744_RS02535	NZ_CP006471.1	480534	480605	+	concordant	Asn	Asn	GTT	GTT	GTT	76.7	False	False	match
M744_RS03080	NZ_CP006471.1	587555	587627	+	concordant	Ile	Ile2	CAT	CAT	LAT	51.3	False	False	match
M744_RS03150	NZ_CP006471.1	597309	597395	+	concordant	Ser	Ser	GGA	GGA	GGA	83.0	False	False	match
M744_RS03185	NZ_CP006471.1	605552	605625	+	concordant	Ile	Ile	GAT	GAT	GAT	71.3	False	False	match
M744_RS03190	NZ_CP006471.1	605659	605734	+	concordant	Ala	Ala	TGC	TGC	TGC	87.3	False	False	match
M744_RS03380	NZ_CP006471.1	641070	641143	-	concordant	Asp	Asp	GTC	GTC	GTC	72.3	False	False	match
M744_RS03385	NZ_CP006471.1	641350	641422	-	concordant	Trp	Trp	CCA	CCA	CCA	73.5	False	False	match
M744_RS03520	NZ_CP006471.1	667578	667650	-	concordant	Ala	Ala	GGC	GGC	GGC	76.6	False	False	match
M744_RS03800	NZ_CP006471.1	725752	725838	-	concordant	Ser	Ser	CGA	CGA	CGA	75.2	False	False	match
M744_RS03915	NZ_CP006471.1	750421	750502	-	concordant	Leu	Leu	TAG	TAG	TAG	66.5	False	False	match
M744_RS04085	NZ_CP006471.1	785893	785965	-	concordant	Phe	Phe	GAA	GAA	GAA	72.8	False	False	match
M744_RS04275	NZ_CP006471.1	830913	830985	-	concordant	His	His	GTG	GTG	GTG	62.4	False	False	match
M744_RS04560	NZ_CP006471.1	884945	885018	+	concordant	Arg	Arg	ACG	ACG	ICG	75.3	False	False	match
M744_RS04740	NZ_CP006471.1	920824	920896	-	concordant	Arg	Arg	TCT	TCT	TCT	70.1	False	False	match
M744_RS04865	NZ_CP006471.1	946097	946169	-	concordant	Arg	Arg	CCG	CCG	CCG	70.5	False	False	match
M744_RS04915	NZ_CP006471.1	954752	954823	+	concordant	Gly	Gly	GCC	GCC	GCC	74.7	False	False	match
M744_RS05125	NZ_CP006471.1	983190	983278	+	concordant	Ser	Ser	GCT	GCT	GCT	79.2	False	False	match
M744_RS05575	NZ_CP006471.1	1068323	1068395	-	concordant	Glu	Glu	TTC	TTC	TTC	60.7	False	False	match
M744_RS06060	NZ_CP006471.1	1178950	1179021	+	concordant	Thr	Thr	CGT	CGT	CGT	80.2	False	False	match
M744_RS06385	NZ_CP006471.1	1239109	1239193	-	concordant	Ser	Ser	TGA	TGA	TGA	77.7	False	False	match
M744_RS08170	NZ_CP006471.1	1601886	1601957	+	concordant	Val	Val	GAC	GAC	GAC	70.3	False	False	match
M744_RS08460	NZ_CP006471.1	1667438	1667509	-	concordant	Gly	Gly	CCC	CCC	CCC	75.3	False	False	match
M744_RS08915	NZ_CP006471.1	1767491	1767562	-	concordant	Lys	Lys	TTT	TTT	TTT	72.5	False	False	match
M744_RS09245	NZ_CP006471.1	1843147	1843228	+	concordant	Leu	Leu	GAG	GAG	GAG	54.6	False	False	match
M744_RS10005	NZ_CP006471.1	2015915	2015986	+	concordant	Val	Val	CAC	CAC	CAC	70.7	False	False	match
M744_RS10400	NZ_CP006471.1	2089424	2089497	-	concordant	Pro	Pro	TGG	TGG	TGG	76.0	False	False	match
M744_RS10430	NZ_CP006471.1	2093691	2093764	+	concordant	Pro	Pro	GGG	GGG	GGG	66.2	False	False	match
M744_RS11570	NZ_CP006471.1	2341150	2341221	-	concordant	Thr	Thr	GGT	GGT	GGT	74.4	False	False	match
M744_RS11575	NZ_CP006471.1	2341232	2341313	-	concordant	Tyr	Tyr	GTA	GTA	GTA	63.3	False	False	match
M744_RS11660	NZ_CP006471.1	2356118	2356189	-	concordant	Thr	Thr	TGT	TGT	TGT	71.2	False	False	match
M744_RS12585	NZ_CP006471.1	2547447	2547530	-	concordant	Leu	Leu	CAA	CAA	CAA	73.3	False	False	match
M744_RS12595	NZ_CP006471.1	2549064	2549147	+	concordant	Leu	Leu	CAG	CAG	CAG	60.7	False	False	match
M744_RS12785	NZ_CP006471.1	2585244	2585315	-	concordant	Val	Val	TAC	TAC	TAC	75.4	False	False	match
M744_RS13055	NZ_CP006471.1	2638313	2638384	-	concordant	Gln	Gln	TTG	TTG	TTG	61.1	False	False	match
M744_RS13195	NZ_CP006471.1	2670969	2671040	-	concordant	Met	Met	CAT	CAT	CAT	68.5	False	False	match
M744_RS13270	NZ_CP006471.1	2688334	2688409	-	concordant	Ala	Ala	TGC	TGC	TGC	87.3	False	False	match
M744_RS13275	NZ_CP006471.1	2688443	2688516	-	concordant	Ile	Ile	GAT	GAT	GAT	71.3	False	False	match
