locus_tag	translation_efficiency_log2_fold_change	source_gene_id
PPG85_00005	-0.2544	thrL
PPG85_00010	-0.7009	thrA
PPG85_00015	-0.2035	thrB
PPG85_00020	-0.0684	thrC
PPG85_00025	-0.8014	yaaX
PPG85_00030	-1.2463	yaaA
PPG85_00035	0.1179	yaaJ
PPG85_00045	0.3809	mog
PPG85_00050	-0.284	satP
PPG85_00060	0.6214	yaaI
PPG85_00065	0.4203	dnaK
PPG85_00070	0.1137	dnaJ
PPG85_00075	0.3503	rpsT
PPG85_00080	0.717	yaaY
PPG85_00085	-0.2831	ribF
PPG85_00090	-0.281	ileS
PPG85_00095	-0.2841	lspA
PPG85_00100	0.0118	fkpB
PPG85_00105	0.3797	ispH
PPG85_00110	0.5747	rihC
PPG85_00115	0.3219	dapB
PPG85_00120	-0.4581	carA
PPG85_00125	-0.6645	carB
PPG85_00130	0.3833	caiF
PPG85_00135	-0.3196	caiE
PPG85_00140	-1.7847	caiD
PPG85_00145	-0.0218	caiC
PPG85_00150	-0.5144	caiB
PPG85_00155	0.6883	caiA
PPG85_00160	-1.9731	caiT
PPG85_00165	0.2669	fixA
PPG85_00170	-0.3703	fixB
PPG85_00175	-1.1854	fixC
PPG85_00180	5.4582	fixX
PPG85_00185	-0.358	yaaU
PPG85_00190	0.3829	kefF
PPG85_00195	-0.9299	kefC
PPG85_00200	-0.5618	folA
PPG85_00205	-0.0731	apaH
PPG85_00210	0.9011	apaG
PPG85_00215	-0.3035	rsmA
PPG85_00220	-0.5618	pdxA
PPG85_00225	-0.3421	surA
PPG85_00230	-0.4668	lptD
PPG85_00235	-0.216	djlA
PPG85_00245	1.7435	yabQ
PPG85_00255	-1.5717	rluA
PPG85_00260	-0.1458	rapA
PPG85_00265	0.2837	polB
PPG85_00275	0.3889	araA
PPG85_00280	0.1484	araB
PPG85_00290	-0.7261	yabI
PPG85_00295	0.1305	thiQ
PPG85_00300	0.1849	thiP
PPG85_00305	0.3655	thiB
PPG85_00310	-0.7345	sgrR
PPG85_00315	0.4664	sgrT
PPG85_00325	0.1337	leuD
PPG85_00330	0.3801	leuC
PPG85_00335	-0.0335	leuB
PPG85_00340	-0.133	leuA
PPG85_00345	-0.2871	leuL
PPG85_00350	1.3513	leuO
PPG85_00360	-0.5743	ilvI
PPG85_00375	-0.0672	cra
PPG85_00380	-0.2183	mraZ
PPG85_00385	-0.359	rsmH
PPG85_00390	-0.2329	ftsL
PPG85_00395	-0.3705	ftsI
PPG85_00405	-0.3732	murE
PPG85_00410	0.0218	murF
PPG85_00415	-1.1721	mraY
PPG85_00420	-0.4539	murD
PPG85_00425	-0.7522	ftsW
PPG85_00430	-0.4437	murG
PPG85_00435	0.2029	murC
PPG85_00440	-0.4789	ddlB
PPG85_00445	-0.7628	ftsQ
PPG85_00450	-0.0982	ftsA
PPG85_00455	-0.2091	ftsZ
PPG85_00460	-0.6017	lpxC
PPG85_00465	0.7058	secM
PPG85_00470	-0.0354	secA
PPG85_00475	0.3404	mutT
PPG85_00480	-1.1489	yacG
PPG85_00485	-0.8296	zapD
PPG85_00490	-0.2075	coaE
PPG85_00500	-0.2595	guaC
PPG85_00505	0.3096	hofC
PPG85_00515	2.9663	ppdD
PPG85_00520	0.2593	nadC
PPG85_00525	0.4176	ampD
PPG85_00530	0.1108	ampE
PPG85_00535	0.0498	aroP
PPG85_00540	0.3264	pdhR
PPG85_00545	0.1065	aceE
PPG85_00550	0.2369	aceF
PPG85_00560	1.7636	yacH
PPG85_00565	0.1997	acnB
PPG85_00570	0.1542	yacL
PPG85_00575	-0.4492	speD
PPG85_00580	0.8636	speE
PPG85_00585	0.3018	yacC
PPG85_00590	-0.1667	cueO
PPG85_00600	-0.0843	gcd
PPG85_00605	0.2391	hpt
PPG85_00610	0.0125	can
PPG85_00615	0.1901	yadG
PPG85_00620	-0.3124	yadH
PPG85_00625	-0.6597	yadI
PPG85_00630	0.4996	yadE
PPG85_00635	0.2918	panD
PPG85_00640	-0.8169	rpnC
PPG85_00645	0.0514	panC
PPG85_00650	0.7806	panB
PPG85_00655	0.8884	yadC
PPG85_00660	2.3707	yadK
PPG85_00665	0.1015	yadL
PPG85_00670	0.7963	yadM
PPG85_00675	1.2946	htrE
PPG85_00680	0.2418	yadV
PPG85_00685	2.0383	yadN
PPG85_00690	0.3048	folK
PPG85_00695	-0.394	pcnB
PPG85_00705	0.5536	dksA
PPG85_00710	-0.0539	sfsA
PPG85_00715	-0.1191	thpR
PPG85_00720	0.0862	hrpB
PPG85_00725	0.394	mrcB
PPG85_00730	-0.3396	hemL
PPG85_00740	-0.7486	clcA
PPG85_00745	3.1836	yadW
PPG85_00750	-0.4599	erpA
PPG85_00755	0.1314	yadS
PPG85_00760	0.967	btuF
PPG85_00770	0.2678	dgt
PPG85_00775	0.2645	degP
PPG85_00780	-0.5591	cdaR
PPG85_00785	-0.2372	yaeH
PPG85_00790	-1.7881	yaeI
PPG85_00795	0.7371	dapD
PPG85_00800	-0.3099	glnD
PPG85_00805	0.258	map
PPG85_00810	-0.0011	rpsB
PPG85_00815	0.2767	tsf
PPG85_00820	-0.564	pyrH
PPG85_00825	0.1061	frr
PPG85_00835	0.2881	ispU
PPG85_00840	-1.2751	cdsA
PPG85_00845	-1.4467	rseP
PPG85_00850	-1.1366	bamA
PPG85_00855	0.288	skp
PPG85_00860	-0.4933	lpxD
PPG85_00865	0.0699	fabZ
PPG85_00870	-0.1524	lpxA
PPG85_00875	-0.1867	lpxB
PPG85_00880	-0.0895	rnhB
PPG85_00885	-0.6144	dnaE
PPG85_00890	-0.1888	accA
PPG85_00900	0.4141	yaeR
PPG85_00905	-0.3325	tilS
PPG85_00910	-0.0235	rof
PPG85_00915	2.3951	yaeP
PPG85_00920	0.3061	yaeQ
PPG85_00925	0.5978	arfB
PPG85_00930	-0.3707	nlpE
PPG85_00935	-1.2158	yaeF
PPG85_00940	0.0139	proS
PPG85_00950	0.6501	rcsF
PPG85_00955	0.153	metQ
PPG85_00960	-0.8747	metI
PPG85_00965	-0.3799	metN
PPG85_00970	-0.0616	gmhB
PPG85_01005	0.2637	dkgB
PPG85_01010	0.8645	yafC
PPG85_01015	0.1519	yafD
PPG85_01025	-0.3434	mltD
PPG85_01030	-0.1406	gloB
PPG85_01035	0.2052	yafS
PPG85_01040	-0.4924	rnhA
PPG85_01045	-0.002	dnaQ
PPG85_01060	5.5472	ykfM
PPG85_01075	-0.1072	yafV
PPG85_01080	-0.7471	ivy
PPG85_01085	-0.3745	fadE
PPG85_01090	0.467	lpcA
PPG85_01095	0.604	yafJ
PPG85_01105	0.6958	yafQ
PPG85_01110	0.8539	dinJ
PPG85_01115	2.0932	yafL
PPG85_01120	-0.4902	rayT
PPG85_01130	-0.4632	lafU
PPG85_01140	0.3271	yafN
PPG85_01145	-1.2444	yafO
PPG85_01150	-0.8437	yafP
PPG85_01165	0.2323	pepD
PPG85_01170	-0.0753	gpt
PPG85_01175	0.0845	frsA
PPG85_01180	-0.5869	crl
PPG85_01185	-0.7684	phoE
PPG85_01190	-0.2873	proB
PPG85_01195	-0.0535	proA
PPG85_01210	0.4388	betA
PPG85_01215	0.1135	betB
PPG85_01220	0.023	betI
PPG85_01225	-0.7213	betT
PPG85_01235	0.1902	pdeL
PPG85_01240	-0.379	yahB
PPG85_01245	-5.5597	yahC
PPG85_01250	0.7767	yahD
PPG85_01255	1.2755	yahE
PPG85_01265	1.3129	yahG
PPG85_01270	2.7315	yahH
PPG85_01275	1.8772	yahI
PPG85_01280	-0.5164	yahJ
PPG85_01290	-0.7801	yahK
PPG85_01295	-0.427	yahL
PPG85_01300	-0.0857	yahM
PPG85_01305	0.2018	yahN
PPG85_01310	0.726	yahO
PPG85_01315	-0.8065	prpR
PPG85_01320	2.2053	prpB
PPG85_01325	3.5799	prpC
PPG85_01330	-0.3269	prpD
PPG85_01335	0.4666	prpE
PPG85_01340	0.2883	codB
PPG85_01345	-1.4094	codA
PPG85_01350	-0.1108	cynR
PPG85_01355	0.9869	cynT
PPG85_01360	1.1494	cynS
PPG85_01365	-0.1162	cynX
PPG85_01370	0.1791	lacA
PPG85_01375	0.3841	lacY
PPG85_01380	-1.0338	lacZ
PPG85_01385	-0.799	lacI
PPG85_01390	0.3321	mhpR
PPG85_01395	0.1991	mhpA
PPG85_01400	-1.3939	mhpB
PPG85_01405	0.4633	mhpC
PPG85_01410	-0.389	mhpD
PPG85_01415	-1.2266	mhpF
PPG85_01430	1.0278	mhpT
PPG85_01435	0.1631	yaiL
PPG85_01445	0.1734	frmA
PPG85_01450	-0.0287	frmR
PPG85_01455	-0.3798	hemB
PPG85_01460	-0.035	ddlA
PPG85_01470	1.3227	iraP
PPG85_01475	-1.1854	phoA
PPG85_01480	-0.5102	psiF
PPG85_01490	0.0404	proC
PPG85_01495	0.6146	yaiI
PPG85_01500	-0.6855	aroL
PPG85_01505	-0.4052	yaiA
PPG85_01510	-0.1714	aroM
PPG85_01515	0.0658	ppnP
PPG85_01530	-0.3465	rdgC
PPG85_01535	-0.0085	mak
PPG85_01540	0.4407	araJ
PPG85_01545	-0.0686	sbcC
PPG85_01550	-1.3441	sbcD
PPG85_01555	-0.6037	phoB
PPG85_01560	-0.6573	phoR
PPG85_01565	0.066	brnQ
PPG85_01570	-0.2015	proY
PPG85_01575	0.3926	malZ
PPG85_01580	-0.3051	acpH
PPG85_01585	0.0813	queA
PPG85_01590	-0.3977	tgt
PPG85_01595	-0.4922	yajC
PPG85_01600	-0.431	secD
PPG85_01605	-0.0496	secF
PPG85_01610	0.7345	yajD
PPG85_01615	-0.046	tsx
PPG85_01620	0.4873	yajI
PPG85_01625	-0.4624	nrdR
PPG85_01630	-0.1703	ribD
PPG85_01640	-0.0637	nusB
PPG85_01645	-0.0134	thiL
PPG85_01650	-0.4743	pgpA
PPG85_01655	-0.3357	yajO
PPG85_01660	0.0324	dxs
PPG85_01665	0.2937	ispA
PPG85_01670	0.0195	xseB
PPG85_01675	-0.2589	thiI
PPG85_01680	-1.1728	yajL
PPG85_01685	0.6407	panE
PPG85_01690	0.4	yajQ
PPG85_01695	-0.3653	yajR
PPG85_01700	-0.3932	cyoE
PPG85_01705	-1.0979	cyoD
PPG85_01710	-0.5698	cyoC
PPG85_01715	-0.6893	cyoB
PPG85_01720	-1.2922	cyoA
PPG85_01725	-0.3267	ampG
PPG85_01730	0.5309	yajG
PPG85_01735	0.1687	bolA
PPG85_01740	0.0743	tig
PPG85_01745	0.1452	clpP
PPG85_01750	-0.4047	clpX
PPG85_01755	-0.2723	lon
PPG85_01760	0.6837	hupB
PPG85_01765	-0.3828	ppiD
PPG85_01770	1.0798	ybaV
PPG85_01775	0.6556	fadM
PPG85_01780	0.1216	queC
PPG85_01785	-0.1231	ybaE
PPG85_01790	0.3272	cof
PPG85_01795	-0.0841	decR
PPG85_01800	-1.226	mdlA
PPG85_01805	-1.1551	mdlB
PPG85_01810	-0.4371	glnK
PPG85_01815	-0.5192	amtB
PPG85_01820	0.3388	tesB
PPG85_01825	-0.2041	ybaY
PPG85_01840	4.5613	ybaA
PPG85_01845	-0.8157	pdeB
PPG85_01850	-0.6403	ylaC
PPG85_01855	0.5706	maa
PPG85_01860	0.1537	hha
PPG85_01865	0.4612	tomB
PPG85_01870	-0.1514	acrB
PPG85_01875	-0.0673	acrA
PPG85_01880	-0.7336	acrR
PPG85_01885	-0.3092	mscK
PPG85_01895	-0.8254	priC
PPG85_01900	0.7508	ybaN
PPG85_01905	0.0012	apt
PPG85_01910	0.1529	dnaX
PPG85_01915	0.4838	ybaB
PPG85_01920	0.0117	recR
PPG85_01925	0.113	htpG
PPG85_01930	0.0217	adk
PPG85_01935	0.4094	hemH
PPG85_01940	-0.4675	aes
PPG85_01945	0.016	gsk
PPG85_01950	0.2497	ybaL
PPG85_01955	0.1373	fsr
PPG85_01960	0.1117	ushA
PPG85_01970	-0.4476	ybaP
PPG85_01975	-0.0412	ybaQ
PPG85_01985	1.5724	glsA
PPG85_01990	-0.4115	ybaT
PPG85_02000	0.1857	cueR
PPG85_02005	-0.0105	ybbJ
PPG85_02010	0.1016	qmcA
PPG85_02015	0.5386	fetA
PPG85_02020	-0.9593	fetB
PPG85_02025	0.4004	cnoX
PPG85_02030	-0.1171	ybbO
PPG85_02035	0.7843	tesA
PPG85_02040	-0.4548	ybbA
PPG85_02045	-0.6182	ybbP
PPG85_02055	-0.0839	allS
PPG85_02060	-2.8824	allA
PPG85_02065	0.0531	allR
PPG85_02070	-0.9395	gcl
PPG85_02075	-0.9891	hyi
PPG85_02080	-2.812	glxR
PPG85_02085	-1.2461	ybbW
PPG85_02090	-0.2482	allB
PPG85_02095	-0.4463	ybbY
PPG85_02100	-0.3638	glxK
PPG85_02105	-0.3238	allE
PPG85_02110	-1.5346	allC
PPG85_02115	0.7777	allD
PPG85_02125	-0.8882	ylbE
PPG85_02130	0.4678	ylbF
PPG85_02135	0.9949	ybcF
PPG85_02140	-0.6374	purK
PPG85_02145	0.4949	purE
PPG85_02150	-0.2214	lpxH
PPG85_02155	0.0463	ppiB
PPG85_02160	-0.0974	cysS
PPG85_02165	0.2222	ybcI
PPG85_02170	-0.7577	ybcJ
PPG85_02175	0.1615	folD
PPG85_02200	2.8054	sfmF
PPG85_02205	-0.1395	fimZ
PPG85_02645	-0.8766	lnt
PPG85_02655	0.4036	ybeY
PPG85_02660	0.7697	ybeZ
PPG85_02665	-1.0997	miaB
PPG85_02670	-0.1166	ubiF
PPG85_02710	0.1155	asnB
PPG85_02725	-0.4648	nagC
PPG85_02730	0.4419	nagA
PPG85_02735	0.3396	nagB
PPG85_02740	-0.5464	nagE
PPG85_02745	0.0555	glnS
PPG85_02750	-1.3146	chiP
PPG85_02755	-0.1163	chiQ
PPG85_02760	0.0058	fur
PPG85_02765	-0.0581	uof
PPG85_02770	0.2963	fldA
PPG85_02775	-0.0746	ybfE
PPG85_02780	0.1299	ybfF
PPG85_02785	0.1919	seqA
PPG85_02790	-0.252	pgm
PPG85_02810	-0.6292	potE
PPG85_02815	0.8411	speF
PPG85_02825	0.5075	kdpE
PPG85_02835	-0.526	kdpC
PPG85_02840	-0.4397	kdpB
PPG85_02845	-1.5334	kdpA
PPG85_02850	5.7923	kdpF
PPG85_02855	0.2644	ybfA
PPG85_02860	0.0428	ybgA
PPG85_02870	1.0003	dtpD
PPG85_02875	0.7353	ybgI
PPG85_02880	-0.013	pxpB
PPG85_02885	-0.7025	pxpC
PPG85_02890	-0.2433	pxpA
PPG85_02895	0.4156	nei
PPG85_02900	-0.5499	abrB
PPG85_02905	-1.4653	ybgO
PPG85_02910	0.0018	ybgP
PPG85_02915	0.4585	ybgQ
PPG85_02920	2.3936	ybgD
PPG85_02925	0.488	gltA
PPG85_02935	0.4471	sdhC
PPG85_02940	-0.7029	sdhD
PPG85_02945	-0.2425	sdhA
PPG85_02950	-0.8262	sdhB
PPG85_02955	-0.3353	sucA
PPG85_02965	-0.0331	sucC
PPG85_02970	-0.0227	sucD
PPG85_02975	0.0203	mngR
PPG85_02980	-0.0145	mngA
PPG85_02985	-0.5255	mngB
PPG85_02990	-0.0651	cydA
PPG85_02995	-0.213	cydB
PPG85_03000	0.6246	cydX
PPG85_03005	0.0922	ybgE
PPG85_03010	0.5527	ybgC
PPG85_03015	-0.3382	tolQ
PPG85_03020	0.5016	tolR
PPG85_03025	-0.2212	tolA
PPG85_03030	-0.7988	tolB
PPG85_03035	0.3414	pal
PPG85_03040	-0.5381	cpoB
PPG85_03085	-0.2863	nadA
PPG85_03090	-0.4492	pnuC
PPG85_03095	-0.7257	zitB
PPG85_03100	1.5991	ybgS
PPG85_03105	0.4937	aroG
PPG85_03110	0.4604	gpmA
PPG85_03115	-0.221	galM
PPG85_03120	-0.3184	galK
PPG85_03125	0.1217	galT
PPG85_03130	0.8189	galE
PPG85_03135	-0.1969	modF
PPG85_03140	0.8855	modE
PPG85_03145	-0.0116	acrZ
PPG85_03150	-0.2757	modA
PPG85_03155	-0.1033	modB
PPG85_03160	-0.126	modC
PPG85_03165	-0.5866	ybhA
PPG85_03170	0.2213	pgl
PPG85_03175	0.4012	ybhD
PPG85_03180	1.3004	ybhH
PPG85_03185	-2.7705	ybhI
PPG85_03190	0.428	ybhJ
PPG85_03195	-1.0081	ybhC
PPG85_03200	0.3447	ybhB
PPG85_03205	-0.2261	bioA
PPG85_03210	0.3165	bioB
PPG85_03215	-0.6514	bioF
PPG85_03220	0.4353	bioC
PPG85_03230	-0.4213	uvrB
PPG85_03245	-0.0984	moaA
PPG85_03250	1.1188	moaB
PPG85_03255	0.5469	moaC
PPG85_03260	0.3713	moaD
PPG85_03265	0.4664	moaE
PPG85_03270	-1.0295	ybhL
PPG85_03275	-0.0671	ybhM
PPG85_03280	1.4506	ybhN
PPG85_03285	0.1598	clsB
PPG85_03290	1.6293	ybhP
PPG85_03295	0.0483	ybhQ
PPG85_03300	1.0362	ybhR
PPG85_03305	-0.1632	ybhS
PPG85_03310	-0.2295	ybhF
PPG85_03320	0.1182	cecR
PPG85_03325	0.624	rhlE
PPG85_03330	0.9671	ybiA
PPG85_03335	0.2984	dinG
PPG85_03340	0.0173	ybiB
PPG85_03345	-0.1993	hcxB
PPG85_03355	0.9978	ybiJ
PPG85_03360	1.2279	ybiI
PPG85_03365	-0.713	ybiX
PPG85_03370	-0.8408	fiu
PPG85_03375	0.5353	mcbA
PPG85_03380	0.2096	rlmF
PPG85_03385	-0.8837	ybiO
PPG85_03390	-0.1199	glnQ
PPG85_03395	-0.0895	glnP
PPG85_03400	-0.0079	glnH
PPG85_03405	0.4358	dps
PPG85_03410	0.1573	rhtA
PPG85_03420	0.3497	ompX
PPG85_03425	0.7198	opgE
PPG85_03430	1.1496	mntS
PPG85_03435	-0.0237	mntR
PPG85_03440	-0.2366	ybiR
PPG85_03445	-0.1394	ldtB
PPG85_03450	-0.381	ybiT
PPG85_03455	0.3604	ybiU
PPG85_03460	-0.4902	ybiV
PPG85_03465	0.1086	ybiW
PPG85_03470	-2.3287	ybiY
PPG85_03480	-0.6333	moeB
PPG85_03485	0.6632	moeA
PPG85_03490	-0.4127	iaaA
PPG85_03495	-0.6438	gsiA
PPG85_03500	-0.2857	gsiB
PPG85_03505	-0.3249	gsiC
PPG85_03510	-0.2791	gsiD
PPG85_03515	0.1359	pdeI
PPG85_03520	0.423	dgcI
PPG85_03525	-0.1822	rimO
PPG85_03530	1.0613	bssR
PPG85_03535	-2.3518	yliI
PPG85_03540	-0.3682	gstB
PPG85_03545	0.0531	dacC
PPG85_03550	-0.0104	deoR
PPG85_03555	-0.0927	ybjG
PPG85_03560	-0.0627	mdfA
PPG85_03565	0.1658	ybjH
PPG85_03570	-0.1387	ybjI
PPG85_03575	0.31	ybjJ
PPG85_03580	0.0787	rcdA
PPG85_03585	-0.4849	ybjL
PPG85_03590	0.0281	ybjM
PPG85_03595	-1.3207	grxA
PPG85_03600	-0.4991	ybjC
PPG85_03605	-1.1965	nfsA
PPG85_03610	0.1447	rimK
PPG85_03615	0.3385	ybjN
PPG85_03620	-0.6796	potF
PPG85_03625	-1.9012	potG
PPG85_03630	0.8295	potH
PPG85_03635	0.4349	potI
PPG85_03640	-1.8254	ybjO
PPG85_03645	-0.4519	rlmC
PPG85_03660	-1.4831	artM
PPG85_03665	0.2393	artQ
PPG85_03675	-0.2528	artP
PPG85_03680	0.6055	ybjP
PPG85_03685	0.6678	ybjQ
PPG85_03690	0.2401	amiD
PPG85_03695	-0.0966	ybjS
PPG85_03700	-0.052	ybjT
PPG85_03705	0.1502	ltaE
PPG85_03710	-0.3609	poxB
PPG85_03720	-0.0318	hcp
PPG85_03725	-0.0147	lysO
PPG85_03730	-0.3598	aqpZ
PPG85_03735	-0.1398	ybjD
PPG85_03740	-0.9781	ybjX
PPG85_03745	0.1792	macA
PPG85_03750	-0.3978	macB
PPG85_03755	0.3683	cspD
PPG85_03765	-0.4189	clpS
PPG85_03770	0.3493	clpA
PPG85_03780	0.4482	infA
PPG85_03785	0.5907	aat
PPG85_03790	-1.0012	cydC
PPG85_03795	0.2736	cydD
PPG85_03800	0.286	trxB
PPG85_03805	-0.1983	lrp
PPG85_03810	-0.2272	ftsK
PPG85_03815	0.4886	lolA
PPG85_03820	-0.0138	rarA
PPG85_03825	0.0751	serS
PPG85_03830	0.7037	dmsA
PPG85_03840	0.8126	dmsC
PPG85_03845	-0.9078	ycaC
PPG85_03850	-0.6933	ycaD
PPG85_03855	-0.9315	ycaM
PPG85_03860	-0.8691	ycaN
PPG85_03865	-0.4737	ycaK
PPG85_03870	-0.5396	pflA
PPG85_03875	0.6786	pflB
PPG85_03880	-0.6831	focA
PPG85_03885	-0.2673	ycaO
PPG85_03890	-1.1681	ycaP
PPG85_03895	-0.0644	serC
PPG85_03900	-0.2168	aroA
PPG85_03905	0.7636	ycaL
PPG85_03910	0.309	cmk
PPG85_03915	-0.3141	rpsA
PPG85_03920	1.0508	ihfB
PPG85_03925	0.901	ycaI
PPG85_03930	-0.586	msbA
PPG85_03935	-0.4599	lpxK
PPG85_03940	-0.9436	ycaQ
PPG85_03945	0.8146	ycaR
PPG85_03950	-1.233	kdsB
PPG85_03955	0.6629	ycbJ
PPG85_03960	-0.9455	elyC
PPG85_03965	0.082	cmoM
PPG85_03970	1.3437	mukF
PPG85_03975	-1.7152	mukE
PPG85_03980	-0.166	mukB
PPG85_03985	-0.5812	ldtD
PPG85_03995	-0.1348	gloC
PPG85_04000	0.2271	aspC
PPG85_04005	0.3952	ompF
PPG85_04010	-0.2892	asnS
PPG85_04015	0.0588	pncB
PPG85_04020	0.4153	pepN
PPG85_04025	-0.6831	ssuB
PPG85_04030	0.4086	ssuC
PPG85_04035	-1.0694	ssuD
PPG85_04040	1.0659	ssuA
PPG85_04045	-1.9315	ssuE
PPG85_04050	2.2139	elfA
PPG85_04055	1.0495	elfD
PPG85_04060	-0.0478	elfC
PPG85_04065	1.1541	elfG
PPG85_04070	-0.8651	ycbU
PPG85_04075	1.3355	ycbV
PPG85_04080	-2.8171	ycbF
PPG85_04085	-0.1554	pyrD
PPG85_04090	-0.5347	zapC
PPG85_04095	0.4183	ycbX
PPG85_04105	-0.2934	uup
PPG85_04110	0.0512	pqiA
PPG85_04115	-0.1647	pqiB
PPG85_04120	-0.1728	pqiC
PPG85_04125	-0.2813	rmf
PPG85_04130	-0.3593	fabA
PPG85_04135	0.1358	ycbZ
PPG85_04145	0.2602	ompA
PPG85_04150	-0.2619	sulA
PPG85_04155	0.4061	sxy
PPG85_04160	-0.3825	yccS
PPG85_04165	0.5801	yccF
PPG85_04170	-0.0932	helD
PPG85_04175	0.5833	mgsA
PPG85_04180	0.8283	yccT
PPG85_04185	0.2308	yccU
PPG85_04190	-0.4591	hspQ
PPG85_04195	-0.407	rlmI
PPG85_04200	0.2708	yccX
PPG85_04205	-0.2103	tusE
PPG85_04210	0.6311	yccA
PPG85_04215	0.5074	hyaA
PPG85_04220	-1.1627	hyaB
PPG85_04225	1.5148	hyaC
PPG85_04230	0.2366	hyaD
PPG85_04235	2.492	hyaE
PPG85_04240	-1.334	hyaF
PPG85_04250	-1.2177	appB
PPG85_04260	-1.3869	appA
PPG85_04265	0.2657	cspH
PPG85_04270	0.3552	cspG
PPG85_04275	1.5649	ymcF
PPG85_04280	-0.0731	ymcE
PPG85_04285	0.805	gnsA
PPG85_04290	3.2157	yccM
PPG85_04295	0.129	torS
PPG85_04300	-1.0039	torT
PPG85_04305	-0.0782	torR
PPG85_04310	1.4553	torC
PPG85_04315	-0.1796	torA
PPG85_04320	-1.1503	torD
PPG85_04325	0.3567	cbpM
PPG85_04330	0.2359	cbpA
PPG85_04335	0.9168	yccE
PPG85_04340	0.816	agp
PPG85_04345	1.3174	yccJ
PPG85_04350	0.4749	wrbA
PPG85_04355	1.3845	ymdF
PPG85_04365	-0.3402	rutG
PPG85_04370	0.6283	rutF
PPG85_04375	-3.5441	rutE
PPG85_04380	0.978	rutD
PPG85_04385	-4.4283	rutC
PPG85_04390	2.6023	rutB
PPG85_04395	-0.9051	rutA
PPG85_04400	0.249	rutR
PPG85_04405	-0.2664	putA
PPG85_04415	-0.2961	putP
PPG85_04425	-1.0591	efeO
PPG85_04430	-0.6813	efeB
PPG85_04440	-0.4449	phoH
PPG85_04455	0.3264	ghrA
PPG85_04460	-0.1282	ycdX
PPG85_04465	-0.7009	ycdY
PPG85_04470	-0.7978	ycdZ
PPG85_04475	-2.1658	csgG
PPG85_04480	0.9662	csgF
PPG85_04485	0.1781	csgE
PPG85_04490	0.7311	csgD
PPG85_04495	4.3796	csgB
PPG85_04500	0.5088	csgA
PPG85_04505	-0.2026	csgC
PPG85_04510	4.9916	ymdA
PPG85_04515	0.8803	ymdB
PPG85_04520	0.1417	clsC
PPG85_04540	6.4299	yceK
PPG85_04550	-0.8941	mdtG
PPG85_04555	-0.0156	lpxL
PPG85_04565	-1.2113	yceI
PPG85_04570	1.4784	yceJ
PPG85_04580	0.3925	solA
PPG85_04585	0.1192	bssS
PPG85_04590	0.9306	dinI
PPG85_04595	-0.0476	pyrC
PPG85_04600	-0.9694	yceB
PPG85_04605	0.3861	grxB
PPG85_04615	0.1948	rimJ
PPG85_04620	0.4701	yceH
PPG85_04625	0.039	yceM
PPG85_04630	-0.4848	murJ
PPG85_04635	0.4718	rne
PPG85_04640	0.4225	rluC
PPG85_04645	-0.8852	yceF
PPG85_04650	-0.7994	yceD
PPG85_04655	0.4875	rpmF
PPG85_04660	-0.118	plsX
PPG85_04665	-0.7293	fabH
PPG85_04670	-0.4565	fabD
PPG85_04675	0.5507	fabG
PPG85_04680	-0.0433	acpP
PPG85_04685	-0.678	fabF
PPG85_04690	-0.3878	pabC
PPG85_04700	-0.3164	tmk
PPG85_04705	0.2845	holB
PPG85_04710	0.2315	ycfH
PPG85_04715	0.0164	ptsG
PPG85_04720	-0.095	fhuE
PPG85_04725	0.2585	hinT
PPG85_04730	-0.284	ycfL
PPG85_04735	0.1869	lpoB
PPG85_04740	-0.9578	thiK
PPG85_04745	0.0912	nagZ
PPG85_04750	0.1158	ycfP
PPG85_04755	0.3459	ndh
PPG85_04760	-0.3507	ycfJ
PPG85_04765	0.0853	comR
PPG85_04770	1.0196	bhsA
PPG85_04775	0.4296	ldtC
PPG85_04780	-0.079	mfd
PPG85_04785	-0.5832	ycfT
PPG85_04790	0.2977	lolC
PPG85_04795	0.075	lolD
PPG85_04800	-0.0617	lolE
PPG85_04805	0.4556	nagK
PPG85_04810	-0.0631	cobB
PPG85_04815	0.4777	ycfZ
PPG85_04820	0.439	ymfA
PPG85_04825	-0.1227	potD
PPG85_04830	0.1109	potC
PPG85_04835	-0.3299	potB
PPG85_04840	0.5554	potA
PPG85_04845	0.3092	pepT
PPG85_04850	-0.3514	roxA
PPG85_04855	0.2204	phoQ
PPG85_04860	0.4078	phoP
PPG85_04865	-0.336	purB
PPG85_04870	0.7422	hflD
PPG85_04875	-0.0538	mnmA
PPG85_04880	0.3885	nudJ
PPG85_04885	0.3817	rluE
PPG85_04890	0.3381	icd
PPG85_04920	-0.2511	minE
PPG85_04925	0.1578	minD
PPG85_04930	-0.3901	minC
PPG85_04935	0.23	ycgJ
PPG85_04940	0.8861	pliG
PPG85_04950	-0.2018	ycgM
PPG85_04955	-0.8672	ycgN
PPG85_04960	2.2332	hlyE
PPG85_04965	-0.362	umuD
PPG85_04970	-0.2796	umuC
PPG85_04975	-1.2639	dsbB
PPG85_04980	0.0928	nhaB
PPG85_04985	0.3304	fadR
PPG85_04990	0.4731	ycgB
PPG85_04995	-0.5871	dadA
PPG85_05000	0.2249	dadX
PPG85_05005	-0.6897	cvrA
PPG85_05010	0.0177	ldcA
PPG85_05015	-0.9042	emtA
PPG85_05020	-2.0092	ycgR
PPG85_05025	0.0663	ymgE
PPG85_05030	0.0281	ycgY
PPG85_05035	0.2673	treA
PPG85_05040	0.1042	dhaM
PPG85_05045	-0.3503	dhaL
PPG85_05050	0.3597	dhaK
PPG85_05055	-0.3439	dhaR
PPG85_05060	-0.9558	ycgV
PPG85_05065	0.1019	ychF
PPG85_05070	-0.3013	pth
PPG85_05075	0.4133	ychH
PPG85_05080	0.1002	dauA
PPG85_05085	-0.5675	prs
PPG85_05090	-1.2971	ispE
PPG85_05095	0.4489	lolB
PPG85_05100	-0.4405	hemA
PPG85_05105	0.9665	prmC
PPG85_05120	-0.3674	kdsA
PPG85_05140	0.562	chaA
PPG85_05145	-1.3208	chaB
PPG85_05150	0.5307	chaC
PPG85_05155	0.5945	ychN
PPG85_05160	-0.3358	ychO
PPG85_05165	-1.351	narL
PPG85_05170	-0.7373	narX
PPG85_05175	0.1099	narK
PPG85_05180	0.7655	narG
PPG85_05190	-0.0259	narJ
PPG85_05230	-0.1842	purU
PPG85_05235	0.2947	ychJ
PPG85_05240	0.3495	rssA
PPG85_05245	-0.056	rssB
PPG85_05250	0.3154	galU
PPG85_05255	0.284	hns
PPG85_05260	-0.0907	tdk
PPG85_05270	0.5713	adhE
PPG85_05285	0.4928	oppA
PPG85_05290	0.211	oppB
PPG85_05295	-0.1787	oppC
PPG85_05300	-0.5132	oppD
PPG85_05305	-0.4163	oppF
PPG85_05310	-0.7904	yciU
PPG85_05320	-0.2731	yciY
PPG85_05325	-0.2686	kch
PPG85_05330	0.6615	yciI
PPG85_05335	0.0127	tonB
PPG85_05340	0.355	yciA
PPG85_05345	-0.1595	yciB
PPG85_05350	-0.105	yciC
PPG85_05365	1.5251	yciE
PPG85_05370	1.2133	yciF
PPG85_05375	-5.1199	yciG
PPG85_05380	0.0362	trpA
PPG85_05385	0.0077	trpB
PPG85_05395	-2.4792	trpD
PPG85_05400	0.682	trpE
PPG85_05405	1.7388	trpL
PPG85_05415	-0.1905	yciO
PPG85_05420	1.4224	yciQ
PPG85_05425	0.0906	rluB
PPG85_05435	0.4675	yciK
PPG85_05440	-0.0553	sohB
PPG85_05445	0.8534	yciN
PPG85_05450	0.0344	topA
PPG85_05455	0.0384	cysB
PPG85_05460	-0.874	ymiA
PPG85_05465	-0.3765	yciX
PPG85_05470	2.191	ymiC
PPG85_05475	0.0084	acnA
PPG85_05480	0.6489	ribA
PPG85_05485	0.1729	pgpB
PPG85_05490	0.0111	lapA
PPG85_05495	-0.0942	lapB
PPG85_05500	-1.2732	pyrF
PPG85_05505	1.0257	yciH
PPG85_05510	1.145	osmB
PPG85_05515	0.7268	yciT
PPG85_05520	0.4519	yciZ
PPG85_05530	0.4738	pdeR
PPG85_05540	-0.669	rnb
PPG85_05545	0.2386	yciW
PPG85_05550	0.428	fabI
PPG85_05555	0.2045	ycjD
PPG85_05560	0.4614	sapF
PPG85_05565	0.0352	sapD
PPG85_05570	1.0285	sapC
PPG85_05575	-0.2625	sapB
PPG85_05580	0.358	sapA
PPG85_05585	0.6972	ymjA
PPG85_05590	0.1401	puuP
PPG85_05600	-0.781	puuA
PPG85_05605	-1.3529	puuD
PPG85_05610	0.5175	puuR
PPG85_05615	1.0227	puuC
PPG85_05620	1.2605	puuB
PPG85_05625	-1.5826	puuE
PPG85_05630	0.2202	pspF
PPG85_05635	-0.5128	pspA
PPG85_05640	-1.503	pspB
PPG85_05645	-0.4896	pspC
PPG85_05650	0.3485	pspD
PPG85_05655	0.7819	pspE
PPG85_05660	-1.5137	ycjM
PPG85_05665	0.6565	ycjN
PPG85_05670	-0.5385	ycjO
PPG85_05675	-1.9061	ycjP
PPG85_05680	0.1119	ycjQ
PPG85_05685	-0.349	ycjR
PPG85_05690	-1.2815	ycjS
PPG85_05695	-0.4442	ycjT
PPG85_05710	0.0293	ompG
PPG85_05715	-0.2951	ycjW
PPG85_05720	0.0891	ycjX
PPG85_05725	0.2943	ycjF
PPG85_05730	-0.0774	tyrR
PPG85_05735	0.6652	tpx
PPG85_05740	0.2769	fnr
PPG85_05745	-0.3143	ogt
PPG85_05750	-0.8298	azoR
PPG85_05755	0.5736	hrpA
PPG85_05760	0.5245	ydcF
PPG85_05765	-0.2311	aldA
PPG85_05775	-0.4934	cybB
PPG85_05800	-0.7962	trg
PPG85_05805	-0.1049	ydcI
PPG85_05810	-1.0162	ydcJ
PPG85_05815	0.3256	opgD
PPG85_05820	1.2152	ydcH
PPG85_05825	0.1607	rimL
PPG85_05830	0.7777	ydcK
PPG85_05835	-1.4755	tehA
PPG85_05840	0.0366	tehB
PPG85_05845	0.0992	ydcL
PPG85_05855	0.8398	insQ
PPG85_05860	-0.6993	ydcO
PPG85_05870	-0.4156	rlhA
PPG85_05875	0.3132	yncJ
PPG85_05880	-1.8283	hicA
PPG85_05885	0.9476	hicB
PPG85_05895	0.2962	ydcS
PPG85_05900	-2.5123	ydcT
PPG85_05905	0.042	ydcU
PPG85_05910	0.3162	ydcV
PPG85_05915	-0.9548	patD
PPG85_05920	1.0167	yncL
PPG85_05925	1.4801	ortT
PPG85_05930	0.9615	ydcY
PPG85_05935	0.337	ydcZ
PPG85_05945	-0.1811	curA
PPG85_05950	3.0147	mcbR
PPG85_05955	-0.1562	yncD
PPG85_05960	-0.3336	yncE
PPG85_05965	-0.1718	ansP
PPG85_05970	-0.4949	yncG
PPG85_05975	5.5494	yncH
PPG85_05985	-0.3709	nhoA
PPG85_05990	0.035	yddE
PPG85_06000	-1.7621	narW
PPG85_06010	0.3252	narZ
PPG85_06015	-0.9856	narU
PPG85_06030	0.1572	yddG
PPG85_06040	-0.1082	fdnH
PPG85_06045	-0.4529	fdnI
PPG85_06050	0.0114	yddM
PPG85_06055	-1.5606	adhP
PPG85_06060	0.2475	maeA
PPG85_06065	0.3391	sra
PPG85_06070	-1.308	bdm
PPG85_06075	-0.2913	osmC
PPG85_06080	0.4182	ddpF
PPG85_06085	0.4196	ddpD
PPG85_06090	-0.4104	ddpC
PPG85_06095	-1.0963	ddpB
PPG85_06100	-1.318	ddpA
PPG85_06105	1.0965	ddpX
PPG85_06110	0.0908	dosP
PPG85_06115	-1.6346	dosC
PPG85_06130	-1.2547	gadC
PPG85_06135	0.5942	gadB
PPG85_06140	-0.1385	pqqL
PPG85_06145	-0.3397	yddB
PPG85_06150	-0.1283	yddA
PPG85_06160	-0.3074	ydeM
PPG85_06165	0.7165	ydeN
PPG85_06170	0.2714	ydeO
PPG85_06175	-1.344	safA
PPG85_06180	-0.8625	ydeP
PPG85_06185	1.1037	ydeQ
PPG85_06190	-4.7494	ydeR
PPG85_06195	0.9357	ydeS
PPG85_06210	0.8204	hipA
PPG85_06215	-0.4743	hipB
PPG85_06225	0.6629	lsrK
PPG85_06230	-0.3947	lsrR
PPG85_06235	-0.3627	lsrA
PPG85_06240	-1.7263	lsrC
PPG85_06245	-1.1496	lsrD
PPG85_06250	-0.7702	lsrB
PPG85_06255	-0.019	lsrF
PPG85_06260	0.6257	lsrG
PPG85_06265	0.1037	tam
PPG85_06270	-0.474	yneE
PPG85_06275	-1.2661	uxaB
PPG85_06285	-0.1567	yneG
PPG85_06290	-0.2299	glsB
PPG85_06295	-0.0922	sad
PPG85_06300	-0.5872	yneJ
PPG85_06305	0.234	yneK
PPG85_06310	0.9889	ydeA
PPG85_06315	0.0768	marC
PPG85_06320	1.2957	marR
PPG85_06325	-0.9798	marA
PPG85_06330	0.2341	marB
PPG85_06335	0.2314	eamA
PPG85_06340	-1.008	ydeE
PPG85_06345	1.8703	mgtS
PPG85_06355	-0.3238	dgcZ
PPG85_06360	0.5728	ydeI
PPG85_06365	-1.2896	ydeJ
PPG85_06370	0.035	dcp
PPG85_06375	0.1264	rspB
PPG85_06380	0.6185	rspA
PPG85_06385	0.2317	ynfA
PPG85_06390	0.9512	ynfB
PPG85_06395	-0.0438	speG
PPG85_06400	1.1212	ynfC
PPG85_06405	0.9259	ynfD
PPG85_06410	0.4294	ynfE
PPG85_06415	-0.3031	ynfF
PPG85_06425	-0.6423	ynfH
PPG85_06430	0.3703	dmsD
PPG85_06435	0.1992	clcB
PPG85_06445	-0.1513	mlc
PPG85_06450	-0.3443	ynfL
PPG85_06455	-0.1791	ynfM
PPG85_06460	-0.8298	asr
PPG85_06470	-0.3534	ydgD
PPG85_06475	0.6845	mdtI
PPG85_06480	-0.1573	mdtJ
PPG85_06485	0.5987	tqsA
PPG85_06490	-0.3152	pntB
PPG85_06495	0.1511	pntA
PPG85_06500	0.1355	ydgH
PPG85_06505	0.1663	ydgI
PPG85_06510	-0.9962	folM
PPG85_06515	0.5918	ydgC
PPG85_06520	-0.3142	rstA
PPG85_06525	-0.1177	rstB
PPG85_06530	0.0961	tus
PPG85_06535	0.4495	fumC
PPG85_06545	0.3919	manA
PPG85_06550	-2.0879	ydgA
PPG85_06555	-0.9369	uidC
PPG85_06560	1.2943	uidB
PPG85_06565	-0.7128	uidA
PPG85_06570	0.0657	uidR
PPG85_06575	0.5215	hdhA
PPG85_06580	0.1126	malI
PPG85_06585	0.1394	malX
PPG85_06590	-0.3253	malY
PPG85_06595	0.2729	add
PPG85_06600	-0.3951	ydgJ
PPG85_06605	-0.3796	blr
PPG85_06615	0.3144	ydgK
PPG85_06620	-0.3273	rsxA
PPG85_06625	0.267	rsxB
PPG85_06630	0.1727	rsxC
PPG85_06635	-0.2743	rsxD
PPG85_06640	-0.7813	rsxG
PPG85_06645	-0.0508	rsxE
PPG85_06650	-0.0019	nth
PPG85_06655	-0.4727	dtpA
PPG85_06660	0.6538	gstA
PPG85_06665	-0.3741	pdxY
PPG85_06670	-0.4219	tyrS
PPG85_06675	0.5264	pdxH
PPG85_06680	1.2979	mliC
PPG85_06685	-0.6297	anmK
PPG85_06690	0.487	slyB
PPG85_06695	0.0723	slyA
PPG85_06700	0.5623	ydhI
PPG85_06705	-0.7241	ydhJ
PPG85_06710	-1.1247	ydhK
PPG85_06715	-0.0404	sodC
PPG85_06720	0.6593	ydhF
PPG85_06725	0.0734	ydhL
PPG85_06730	0.4876	nemR
PPG85_06735	0.0312	nemA
PPG85_06740	0.5418	gloA
PPG85_06745	0.7143	rnt
PPG85_06750	-1.1367	lhr
PPG85_06755	0.6174	grxD
PPG85_06760	0.3613	mepH
PPG85_06765	0.202	sodB
PPG85_06770	-0.2704	ydhP
PPG85_06780	0.4615	purR
PPG85_06795	0.1707	cfa
PPG85_06805	-0.3357	mdtK
PPG85_06810	-0.9234	ydhQ
PPG85_06825	0.9045	ydhR
PPG85_06830	-0.0721	ydhS
PPG85_06835	-1.1347	ydhT
PPG85_06840	-1.5277	ydhU
PPG85_06845	-0.5069	ydhX
PPG85_06850	0.0072	ydhW
PPG85_06855	-1.3229	ydhV
PPG85_06860	3.1768	ydhY
PPG85_06865	0.3042	fumD
PPG85_06875	0.1887	pykF
PPG85_06880	0.6303	lpp
PPG85_06885	0.3113	ldtE
PPG85_06890	0.2621	sufE
PPG85_06895	-0.067	sufS
PPG85_06900	-0.24	sufD
PPG85_06905	0.3033	sufC
PPG85_06910	-0.3178	sufB
PPG85_06915	1.3738	sufA
PPG85_06920	1.3118	ydiH
PPG85_06925	-0.1052	menI
PPG85_06930	-0.4492	ydiJ
PPG85_06935	-0.1458	ydiK
PPG85_06945	0.8133	ydiL
PPG85_06950	-0.2497	ydiM
PPG85_06955	3.8539	ydiN
PPG85_06960	0.935	ydiB
PPG85_06965	0.2355	aroD
PPG85_06970	-0.4215	ydiF
PPG85_06975	0.2793	ydiO
PPG85_06980	-0.701	ydiP
PPG85_06985	2.6319	ydiQ
PPG85_06990	-0.1621	ydiR
PPG85_06995	-0.9756	ydiS
PPG85_07000	-6.1185	ydiT
PPG85_07010	-0.777	ppsA
PPG85_07015	0.3905	ppsR
PPG85_07035	0.1487	ydiV
PPG85_07040	0.3592	nlpC
PPG85_07045	-0.4885	btuD
PPG85_07050	-0.0031	btuE
PPG85_07055	-0.3892	btuC
PPG85_07060	-0.0957	ihfA
PPG85_07065	-0.726	pheT
PPG85_07070	-0.479	pheS
PPG85_07075	0.3137	pheM
PPG85_07095	0.3383	thrS
PPG85_07105	0.5349	yniD
PPG85_07110	-0.4369	ydiY
PPG85_07115	0.3912	pfkB
PPG85_07125	0.0893	yniA
PPG85_07130	-0.5874	yniB
PPG85_07135	-0.4746	hxpB
PPG85_07140	0.2679	ydjM
PPG85_07145	-0.0763	tcyP
PPG85_07150	-0.3608	ydjO
PPG85_07155	-0.1101	cedA
PPG85_07160	0.3969	katE
PPG85_07165	-0.4413	chbG
PPG85_07180	-0.6723	chbA
PPG85_07185	0.4197	chbC
PPG85_07190	1.2461	chbB
PPG85_07195	0.5333	osmE
PPG85_07200	0.6157	nadE
PPG85_07205	1.0087	cho
PPG85_07210	-3.4699	ves
PPG85_07215	-0.2214	spy
PPG85_07220	0.9088	astE
PPG85_07225	-0.4928	astB
PPG85_07230	-0.0959	astD
PPG85_07235	-4.3561	astA
PPG85_07240	0.484	astC
PPG85_07245	-0.1302	xthA
PPG85_07250	-0.0228	ydjX
PPG85_07255	-0.3578	ydjY
PPG85_07260	-0.3025	ydjZ
PPG85_07265	-0.7108	ynjA
PPG85_07270	-0.3292	ynjB
PPG85_07275	0.2623	ynjC
PPG85_07280	-0.3133	ynjD
PPG85_07285	0.1757	ynjE
PPG85_07290	-0.0414	ynjF
PPG85_07295	0.0983	nudG
PPG85_07300	1.1036	ynjH
PPG85_07305	0.3635	gdhA
PPG85_07310	0.1094	ynjI
PPG85_07315	0.2873	topB
PPG85_07320	0.0531	selD
PPG85_07325	1.0127	ydjA
PPG85_07330	0.3004	sppA
PPG85_07335	0.3334	ansA
PPG85_07340	-0.6708	pncA
PPG85_07345	-0.9329	ydjE
PPG85_07350	-0.2055	ydjF
PPG85_07355	-0.7975	ydjG
PPG85_07360	-0.7435	ydjH
PPG85_07365	-0.1977	ydjI
PPG85_07370	1.5894	ydjJ
PPG85_07375	-1.541	ydjK
PPG85_07380	0.5236	ydjL
PPG85_07385	-0.191	yeaC
PPG85_07390	0.5069	msrB
PPG85_07395	0.3598	gapA
PPG85_07400	0.4428	yeaD
PPG85_07405	0.4196	yeaE
PPG85_07410	-0.0419	mipA
PPG85_07415	-0.0498	yeaG
PPG85_07420	1.0639	yeaH
PPG85_07435	0.3014	yeaK
PPG85_07440	-6.9476	yoaI
PPG85_07445	-0.4084	yeaL
PPG85_07450	-0.5579	nimR
PPG85_07455	-1.0912	nimT
PPG85_07460	1.1027	yeaO
PPG85_07465	0.3239	yoaF
PPG85_07470	-0.4246	dgcP
PPG85_07475	-0.7044	yoaK
PPG85_07480	1.4386	yoaJ
PPG85_07485	0.6269	yeaQ
PPG85_07490	-1.7837	yoaG
PPG85_07495	-0.2898	yeaR
PPG85_07500	-0.9877	leuE
PPG85_07505	-0.2523	dmlR
PPG85_07510	-0.6902	dmlA
PPG85_07520	-0.5521	yeaW
PPG85_07525	-1.8895	yeaX
PPG85_07530	-0.0043	rnd
PPG85_07535	0.2154	fadD
PPG85_07540	0.5519	yeaY
PPG85_07545	0.0309	tsaB
PPG85_07550	-0.086	yoaA
PPG85_07555	0.507	yoaB
PPG85_07560	0.3453	yoaC
PPG85_07565	1.1365	yoaH
PPG85_07570	0.1196	pabB
PPG85_07575	-0.0132	nudL
PPG85_07580	-0.7211	sdaA
PPG85_07585	-0.7573	pdeD
PPG85_07590	-1.7202	yoaE
PPG85_07595	1.6208	yoaL
PPG85_07600	0.1646	manX
PPG85_07605	0.4607	manY
PPG85_07610	-0.5258	manZ
PPG85_07615	0.0167	yobD
PPG85_07620	-3.3959	mntP
PPG85_07625	0.349	rlmA
PPG85_07635	0.8762	yobF
PPG85_07640	0.2737	yebO
PPG85_07645	-1.1852	mgrB
PPG85_07655	-0.1129	kdgR
PPG85_07660	0.1834	yebQ
PPG85_07665	0.2939	htpX
PPG85_07670	-0.4485	prc
PPG85_07675	-0.0183	proQ
PPG85_07680	0.4135	msrC
PPG85_07685	-0.183	yebS
PPG85_07690	-1.8933	yebT
PPG85_07695	0.1023	rsmF
PPG85_07700	-0.0237	yebV
PPG85_07705	-0.1228	yebW
PPG85_07710	2.87	pphA
PPG85_07715	-0.9371	yebY
PPG85_07725	0.4899	yobA
PPG85_07730	1.309	holE
PPG85_07735	-1.2365	yobB
PPG85_07740	0.0191	exoX
PPG85_07745	-0.0166	ptrB
PPG85_07750	-0.0327	yebE
PPG85_07755	-1.9064	yebF
PPG85_07760	0.6084	yebG
PPG85_07765	0.5018	purT
PPG85_07775	-0.7152	edd
PPG85_07780	0.2748	zwf
PPG85_07795	-0.1178	lpxM
PPG85_07800	-0.3167	mepM
PPG85_07805	0.0758	znuA
PPG85_07810	-0.2594	znuC
PPG85_07815	-0.3726	znuB
PPG85_07820	-0.2401	ruvB
PPG85_07825	0.7865	ruvA
PPG85_07830	0.4634	yobI
PPG85_07835	-5.0718	yebB
PPG85_07840	0.0239	ruvC
PPG85_07845	-0.1486	yebC
PPG85_07850	-1.7441	nudB
PPG85_07855	-0.3247	aspS
PPG85_07860	0.9387	yecD
PPG85_07865	1.0874	yecE
PPG85_07870	0.2602	yecN
PPG85_07875	0.4471	cmoA
PPG85_07880	-0.1685	cmoB
PPG85_07885	-0.2918	torZ
PPG85_07890	-0.5909	torY
PPG85_07895	-0.3349	cutC
PPG85_07900	0.1441	yecM
PPG85_07905	-0.4315	argS
PPG85_07915	1.1792	yecT
PPG85_07920	0.8673	uspC
PPG85_07925	0.0035	otsA
PPG85_07930	0.5511	otsB
PPG85_07935	-1.5361	araH
PPG85_07945	0.4969	araF
PPG85_07950	0.3918	ftnB
PPG85_07955	0.5189	yecJ
PPG85_07960	-0.0369	azuC
PPG85_07965	0.0569	yecR
PPG85_07970	0.8504	ftnA
PPG85_07975	1.2625	yecH
PPG85_07980	-0.0726	tyrP
PPG85_07985	0.5734	yecA
PPG85_08005	0.236	pgsA
PPG85_08010	0.2883	uvrC
PPG85_08015	-0.5505	uvrY
PPG85_08020	-0.7931	yecU
PPG85_08025	-0.0286	yecF
PPG85_08030	0.783	sdiA
PPG85_08035	0.0283	rcsA
PPG85_08040	-0.6152	dsrB
PPG85_08045	-0.2539	yodD
PPG85_08050	-1.0457	yedP
PPG85_08055	0.6117	dgcQ
PPG85_08060	-0.8067	yodC
PPG85_08065	-0.3141	yedI
PPG85_08070	-1.0331	yedA
PPG85_08075	-0.2554	vsr
PPG85_08080	-0.1879	dcm
PPG85_08085	-0.7178	yedJ
PPG85_08100	0.2668	hchA
PPG85_08105	-0.7292	hprS
PPG85_08110	0.6231	hprR
PPG85_08120	-0.2137	msrP
PPG85_08125	0.5011	msrQ
PPG85_08130	-0.8584	zinT
PPG85_08135	0.925	yodB
PPG85_08140	-2.1697	mtfA
PPG85_08150	-0.6194	yeeJ
PPG85_08160	0.1608	shiA
PPG85_08165	0.0792	amn
PPG85_08170	0.2712	yeeN
PPG85_08180	-0.9775	yeeO
PPG85_08190	-0.7817	cbl
PPG85_08195	0.6954	nac
PPG85_08205	-0.4907	ldtA
PPG85_08210	0.0383	cobT
PPG85_08215	-0.2305	cobS
PPG85_08220	-0.2114	cobU
PPG85_08230	0.6486	sbmC
PPG85_08235	0.1265	dacD
PPG85_08240	0.1903	sbcB
PPG85_08255	-0.7335	plaP
PPG85_08260	1.0102	yoeI
PPG85_08265	-0.7858	yeeY
PPG85_08270	0.6253	yeeZ
PPG85_08275	-0.1835	yoeB
PPG85_08280	0.3247	yefM
PPG85_08285	1.4674	hisL
PPG85_08290	0.2437	hisG
PPG85_08295	0.3107	hisD
PPG85_08305	0.211	hisB
PPG85_08310	-0.1963	hisH
PPG85_08315	-0.7915	hisA
PPG85_08320	-0.2409	hisF
PPG85_08330	-0.1084	wzzB
PPG85_08335	-0.8887	ugd
PPG85_08345	-0.2398	yegH
PPG85_08350	-0.5951	asmA
PPG85_08355	0.3948	dcd
PPG85_08360	-0.5088	udk
PPG85_08365	-0.6273	dgcE
PPG85_08370	-0.2573	alkA
PPG85_08375	-1.1024	yegD
PPG85_08380	0.8347	yegI
PPG85_08385	2.261	yegJ
PPG85_08390	3.5519	pphC
PPG85_08395	0.8096	yegL
PPG85_08400	0.8042	ibsA
PPG85_08410	0.3956	mdtA
PPG85_08415	0.1208	mdtB
PPG85_08420	-0.3028	mdtC
PPG85_08430	0.5354	baeS
PPG85_08435	-0.4754	baeR
PPG85_08440	0.3821	fbaB
PPG85_08445	-0.8408	yegT
PPG85_08450	0.217	yegU
PPG85_08455	-0.0576	yegV
PPG85_08460	-0.3717	yegW
PPG85_08465	-0.3909	yegX
PPG85_08470	-0.5137	thiD
PPG85_08475	-0.0585	thiM
PPG85_08480	0.0119	rcnR
PPG85_08485	0.3435	rcnA
PPG85_08490	0.6123	rcnB
PPG85_08495	0.5688	yehA
PPG85_08500	-0.4082	yehB
PPG85_08505	1.5407	yehC
PPG85_08510	0.3064	yehD
PPG85_08515	0.1823	yehE
PPG85_08525	-0.2772	metG
PPG85_08535	0.5194	yehI
PPG85_08540	-1.5245	yehK
PPG85_08545	0.9226	yehL
PPG85_08550	1.3633	yehM
PPG85_08555	-0.2345	yehP
PPG85_08565	-0.8078	yehR
PPG85_08570	0.2473	yehS
PPG85_08575	-0.1013	btsR
PPG85_08580	0.0088	btsS
PPG85_08585	-2.6285	mlrA
PPG85_08590	0.9799	yohO
PPG85_08595	-0.0996	yehW
PPG85_08600	-0.3065	yehX
PPG85_08605	0.2378	yehY
PPG85_08610	-0.8034	osmF
PPG85_08615	-0.1928	bglX
PPG85_08620	0.5775	dld
PPG85_08625	0.2214	pbpG
PPG85_08630	-0.7859	yohC
PPG85_08635	-0.3976	yohD
PPG85_08640	0.908	yohF
PPG85_08650	-7.9258	yohP
PPG85_08655	0.0697	dusC
PPG85_08660	-1.295	yohJ
PPG85_08665	0.5381	yohK
PPG85_08670	0.496	cdd
PPG85_08675	0.1063	sanA
PPG85_08680	0.1285	yeiS
PPG85_08685	0.4077	preT
PPG85_08690	-2.1076	preA
PPG85_08695	-0.9191	mglC
PPG85_08700	-1.7035	mglA
PPG85_08705	-1.0039	mglB
PPG85_08710	-0.1266	galS
PPG85_08715	-0.7729	yeiB
PPG85_08720	0.2568	folE
PPG85_08725	0.6289	yeiG
PPG85_08730	-0.2489	cirA
PPG85_08735	-0.2557	lysP
PPG85_08745	-0.0934	yeiH
PPG85_08750	0.9406	nfo
PPG85_08755	-0.4874	yeiI
PPG85_08760	-0.2965	nupX
PPG85_08765	-1.2344	rihB
PPG85_08770	0.3541	yeiL
PPG85_08780	-0.2089	psuG
PPG85_08785	0.046	psuK
PPG85_08790	0.184	fruA
PPG85_08795	0.3155	fruK
PPG85_08800	0.8152	fruB
PPG85_08805	-0.8878	setB
PPG85_08810	0.5158	yeiW
PPG85_08815	0.4573	yeiP
PPG85_08820	-0.3343	yeiQ
PPG85_08825	0.0764	yeiR
PPG85_08830	0.0296	lpxT
PPG85_08835	-0.3649	mepS
PPG85_08840	0.3415	pdeN
PPG85_08845	0.1998	yejA
PPG85_08850	-0.2895	yejB
PPG85_08855	-0.2607	yejE
PPG85_08860	-0.672	yejF
PPG85_08865	0.3777	yejG
PPG85_08870	0.1951	bcr
PPG85_08875	0.3338	rsuA
PPG85_08880	0.5244	radD
PPG85_08885	0.3689	rplY
PPG85_08890	-0.1307	yejK
PPG85_08895	0.9608	yejL
PPG85_08900	-0.0842	yejM
PPG85_08910	-0.3273	narP
PPG85_08915	-0.7054	ccmH
PPG85_08925	0.3746	ccmF
PPG85_08930	0.4805	ccmE
PPG85_08935	1.2367	ccmD
PPG85_08940	0.3396	ccmC
PPG85_08945	-0.7419	ccmB
PPG85_08950	0.3285	ccmA
PPG85_08955	-0.2215	napC
PPG85_08960	-1.5618	napB
PPG85_08965	-0.1074	napH
PPG85_08970	-0.2783	napG
PPG85_08975	-0.4303	napA
PPG85_08980	0.1829	napD
PPG85_08985	-1.3197	napF
PPG85_08990	0.6799	yojO
PPG85_08995	0.7616	eco
PPG85_09000	-0.5503	mqo
PPG85_09005	-0.1178	yojI
PPG85_09010	0.6959	alkB
PPG85_09015	-0.7308	ada
PPG85_09025	0.4065	ompC
PPG85_09030	-1.1685	rcsD
PPG85_09035	0.4231	rcsB
PPG85_09040	0.4514	rcsC
PPG85_09045	0.0281	atoS
PPG85_09050	-0.1321	atoC
PPG85_09055	0.3173	atoD
PPG85_09060	-0.5466	atoA
PPG85_09065	-0.7258	atoE
PPG85_09070	-1.1316	atoB
PPG85_09075	-0.9649	yfaP
PPG85_09080	-1.3663	yfaQ
PPG85_09090	0.5404	yfaT
PPG85_09095	-0.7042	yfaA
PPG85_09100	0.0624	gyrA
PPG85_09105	0.5692	ubiG
PPG85_09110	-0.0547	yfaL
PPG85_09115	1.1202	ypaB
PPG85_09120	0.0562	nrdA
PPG85_09130	0.0051	nrdB
PPG85_09135	0.7636	yfaE
PPG85_09140	-1.2909	inaA
PPG85_09155	-0.6252	glpQ
PPG85_09160	0.1871	glpT
PPG85_09165	0.0689	glpA
PPG85_09170	0.0538	glpB
PPG85_09175	0.3568	glpC
PPG85_09180	0.538	rpnE
PPG85_09190	0.6131	yfaU
PPG85_09195	0.6596	yfaV
PPG85_09200	-0.6271	rhmD
PPG85_09205	1.0245	yfaX
PPG85_09210	0.265	yfaY
PPG85_09215	-0.2503	yfaZ
PPG85_09220	0.2871	nudI
PPG85_09225	-3.86	ais
PPG85_09230	1.7337	arnB
PPG85_09235	0.436	arnC
PPG85_09240	-0.6329	arnA
PPG85_09245	0.0059	arnD
PPG85_09250	0.8313	arnT
PPG85_09255	0.4636	arnE
PPG85_09260	0.2032	arnF
PPG85_09265	0.1214	pmrD
PPG85_09270	-0.2861	menE
PPG85_09275	-0.3902	menC
PPG85_09280	0.5173	menB
PPG85_09285	0.1151	menH
PPG85_09290	0.0493	menD
PPG85_09295	0.3175	menF
PPG85_09300	-0.3534	elaB
PPG85_09305	-0.899	elaA
PPG85_09310	-0.2403	rbn
PPG85_09315	0.1606	elaD
PPG85_09320	-0.0579	yfbK
PPG85_09325	-4.8195	yfbL
PPG85_09330	1.1589	yfbM
PPG85_09335	-0.3445	yfbN
PPG85_09340	2.533	yfbO
PPG85_09345	1.2111	yfbP
PPG85_09350	-0.3231	nuoN
PPG85_09355	-0.4787	nuoM
PPG85_09360	-0.3826	nuoL
PPG85_09365	0.6358	nuoK
PPG85_09370	-0.3333	nuoJ
PPG85_09375	0.209	nuoI
PPG85_09380	-0.607	nuoH
PPG85_09385	-0.3002	nuoG
PPG85_09390	-0.1273	nuoF
PPG85_09395	0.0978	nuoE
PPG85_09400	-0.1862	nuoC
PPG85_09405	-0.0192	nuoB
PPG85_09410	0.6221	nuoA
PPG85_09415	0.3925	lrhA
PPG85_09420	-0.1994	alaA
PPG85_09425	0.7715	yfbR
PPG85_09435	-0.1007	hxpA
PPG85_09440	0.253	yfbU
PPG85_09445	0.2046	yfbV
PPG85_09450	0.0249	ackA
PPG85_09460	0.58	yfcC
PPG85_09465	-0.8467	yfcD
PPG85_09470	1.43	yfcE
PPG85_09475	0.1359	yfcF
PPG85_09480	-5.0553	yfcG
PPG85_09485	0.2135	folX
PPG85_09490	-0.3127	yfcH
PPG85_09495	-0.5	rpnB
PPG85_09500	0.1182	hisP
PPG85_09505	-0.1861	hisM
PPG85_09510	0.4922	hisQ
PPG85_09515	-0.1325	hisJ
PPG85_09520	-1.2025	argT
PPG85_09525	0.1223	ubiX
PPG85_09530	0.3643	purF
PPG85_09535	-0.9558	cvpA
PPG85_09540	-0.2683	dedD
PPG85_09545	-0.656	folC
PPG85_09550	0.0616	accD
PPG85_09555	0.0928	dedA
PPG85_09560	-0.566	truA
PPG85_09565	-0.0018	usg
PPG85_09570	0.3177	pdxB
PPG85_09575	0.2286	flk
PPG85_09580	0.0747	yfcJ
PPG85_09585	0.0693	fabB
PPG85_09590	0.1799	mnmC
PPG85_09595	0.1058	yfcL
PPG85_09600	-0.4559	epmC
PPG85_09605	-0.4344	yfcA
PPG85_09610	-0.0502	mepA
PPG85_09615	0.2742	aroC
PPG85_09620	0.6468	prmB
PPG85_09625	0.1883	smrB
PPG85_09630	1.034	yfcO
PPG85_09635	-1.2815	yfcP
PPG85_09640	3.3216	yfcQ
PPG85_09645	-0.2249	yfcR
PPG85_09650	1.9318	yfcS
PPG85_09660	2.0133	yfcV
PPG85_09665	0.1784	sixA
PPG85_09670	-0.3668	fadJ
PPG85_09675	-0.8335	fadI
PPG85_09680	0.7573	yfcZ
PPG85_09685	-0.745	fadL
PPG85_09690	0.6252	yfdF
PPG85_09695	-0.1098	mlaA
PPG85_09700	-0.4268	yfdC
PPG85_09710	1.4641	torI
PPG85_09715	-1.1586	dsdC
PPG85_09720	-0.2598	dsdX
PPG85_09725	-0.4557	dsdA
PPG85_09730	0.5412	emrY
PPG85_09735	0.4569	emrK
PPG85_09740	0.2133	evgA
PPG85_09745	0.0678	evgS
PPG85_09750	-1.039	yfdE
PPG85_09755	1.2083	yfdV
PPG85_09760	1.1346	oxc
PPG85_09765	-0.5327	frc
PPG85_09770	0.5892	yfdX
PPG85_09775	-7.5009	ypdI
PPG85_09780	-0.7123	yfdY
PPG85_09785	0.1333	lpxP
PPG85_09790	0.3941	ypdK
PPG85_09795	-0.0845	alaC
PPG85_09800	0.0432	ypdA
PPG85_09805	0.1637	ypdB
PPG85_09810	-0.5543	ypdC
PPG85_09820	-0.6774	ypdE
PPG85_09825	2.6468	ypdF
PPG85_09830	-3.1423	fryC
PPG85_09835	-3.1211	fryB
PPG85_09840	0.3366	glk
PPG85_09855	-0.4931	yfeC
PPG85_09860	0.558	yfeD
PPG85_09865	0.0748	gltX
PPG85_09895	0.1823	xapR
PPG85_09905	-0.5548	xapB
PPG85_09910	1.367	xapA
PPG85_09915	2.4846	yfeN
PPG85_09920	0.4815	yfeR
PPG85_09925	-0.4236	yfeH
PPG85_09930	0.2732	ypeB
PPG85_09935	-0.7407	ligA
PPG85_09940	0.2685	zipA
PPG85_09945	-0.0396	cysZ
PPG85_09950	-0.1093	cysK
PPG85_09955	0.4497	ptsH
PPG85_09960	-0.0916	ptsI
PPG85_09965	-0.2517	crr
PPG85_09970	0.5772	pdxK
PPG85_09975	-0.0393	yfeK
PPG85_09980	0.502	yfeS
PPG85_09985	-0.276	cysM
PPG85_09990	0.831	cysA
PPG85_09995	-0.1572	cysW
PPG85_10005	-0.4847	cysP
PPG85_10010	0.1132	ucpA
PPG85_10015	0.1241	murR
PPG85_10020	0.766	murQ
PPG85_10025	-0.168	murP
PPG85_10035	-0.0305	yfeX
PPG85_10040	0.5928	yfeY
PPG85_10045	0.0436	yfeZ
PPG85_10050	0.0146	ypeA
PPG85_10055	0.2446	amiA
PPG85_10060	-0.132	hemF
PPG85_10065	-0.5489	eutR
PPG85_10070	-1.5618	eutK
PPG85_10075	-0.0776	eutL
PPG85_10080	-1.6634	eutC
PPG85_10085	0.633	eutB
PPG85_10090	0.7208	eutA
PPG85_10095	-0.6986	eutH
PPG85_10100	-2.8665	eutG
PPG85_10105	0.4948	eutJ
PPG85_10110	-1.9351	eutE
PPG85_10115	0.3613	eutN
PPG85_10120	0.6719	eutM
PPG85_10130	-1.12	eutT
PPG85_10135	0.1903	eutQ
PPG85_10140	-4.9731	eutP
PPG85_10145	-3.9736	eutS
PPG85_10150	-0.3004	maeB
PPG85_10165	-1.2577	ypfG
PPG85_10170	0.5155	nudK
PPG85_10175	-0.2074	aegA
PPG85_10180	-0.8641	narQ
PPG85_10185	-1.2098	acrD
PPG85_10190	1.0157	ypfM
PPG85_10195	0.7374	yffB
PPG85_10200	-0.7154	dapE
PPG85_10205	-0.4261	ypfN
PPG85_10210	-0.1845	ypfH
PPG85_10215	0.0364	tmcA
PPG85_10220	0.2161	ypfJ
PPG85_10225	0.1977	purC
PPG85_10230	-0.1246	bamC
PPG85_10235	-0.326	dapA
PPG85_10240	-0.1934	gcvR
PPG85_10245	0.5172	bcp
PPG85_10250	-1.4988	hyfA
PPG85_10255	-1.8095	hyfB
PPG85_10260	-2.1298	hyfC
PPG85_10265	0.8893	hyfD
PPG85_10270	-3.6993	hyfE
PPG85_10275	-0.1436	hyfF
PPG85_10280	0.5776	hyfG
PPG85_10285	0.0363	hyfH
PPG85_10290	1.7835	hyfI
PPG85_10295	-0.0608	hyfJ
PPG85_10300	-0.5221	hyfR
PPG85_10305	-3.078	focB
PPG85_10310	0.3264	yfgO
PPG85_10315	1.1921	bepA
PPG85_10325	0.1052	hda
PPG85_10330	-0.7185	uraA
PPG85_10335	-0.0247	upp
PPG85_10340	-0.228	purM
PPG85_10345	0.0767	purN
PPG85_10355	-0.2937	ppx
PPG85_10360	-0.643	pdeF
PPG85_10370	0.0832	yfgG
PPG85_10375	-0.176	yfgH
PPG85_10380	0.6875	yfgI
PPG85_10385	-0.0641	guaA
PPG85_10390	-0.3691	guaB
PPG85_10400	-0.5161	yfgJ
PPG85_10405	0.0463	der
PPG85_10410	0.3414	bamB
PPG85_10415	-0.0397	yfgM
PPG85_10420	-0.0563	hisS
PPG85_10425	0.1378	ispG
PPG85_10430	0.0646	rodZ
PPG85_10435	0.0771	rlmN
PPG85_10440	-0.3953	ndk
PPG85_10445	-0.4612	pbpC
PPG85_10455	0.1345	sseA
PPG85_10465	0.6481	sseB
PPG85_10470	0.7895	pepB
PPG85_10475	-0.1559	iscX
PPG85_10480	-0.145	fdx
PPG85_10485	0.1071	hscA
PPG85_10490	-0.2072	hscB
PPG85_10495	0.3388	iscA
PPG85_10500	0.1776	iscU
PPG85_10505	0.452	iscS
PPG85_10510	0.5029	iscR
PPG85_10515	0.8709	trmJ
PPG85_10520	-0.1934	suhB
PPG85_10525	-0.0055	yfhR
PPG85_10530	0.0189	csiE
PPG85_10535	-0.3826	hcaT
PPG85_10540	-0.5528	hcaR
PPG85_10545	-1.6809	hcaE
PPG85_10550	0.9578	hcaF
PPG85_10555	0.5231	hcaC
PPG85_10560	-0.2223	hcaB
PPG85_10565	-1.1153	hcaD
PPG85_10570	0.4753	yphA
PPG85_10575	-0.4374	yphB
PPG85_10580	0.6711	yphC
PPG85_10585	0.4182	yphD
PPG85_10590	0.9274	yphE
PPG85_10595	-0.5242	yphF
PPG85_10600	0.0524	yphG
PPG85_10605	0.6097	yphH
PPG85_10615	-0.0318	glyA
PPG85_10625	0.1264	glnB
PPG85_10630	0.1801	glrR
PPG85_10635	0.6005	qseG
PPG85_10645	-0.0662	purL
PPG85_10650	-0.3833	mltF
PPG85_10655	-0.7026	tadA
PPG85_10665	0.5577	yfhH
PPG85_10670	0.7132	yfhL
PPG85_10675	-1.2591	shoB
PPG85_10680	0.9262	acpS
PPG85_10685	0.0082	pdxJ
PPG85_10690	0.9035	recO
PPG85_10695	0.2073	era
PPG85_10700	0.0692	rnc
PPG85_10705	-0.2437	lepB
PPG85_10710	-0.0995	lepA
PPG85_10715	0.4095	rseC
PPG85_10720	0.2681	rseB
PPG85_10725	-0.3723	rseA
PPG85_10730	-0.2817	rpoE
PPG85_10735	-1.1544	rseD
PPG85_10740	-0.1594	nadB
PPG85_10750	0.3694	srmB
PPG85_10755	0.7018	yfiE
PPG85_10765	1.0671	grcA
PPG85_10770	0.2557	ung
PPG85_10775	0.1307	yfiF
PPG85_10780	-0.2748	trxC
PPG85_10795	-0.8492	pssA
PPG85_10800	-1.7957	yfiM
PPG85_10805	-0.3546	kgtP
PPG85_10830	-0.6931	clpB
PPG85_10840	0.5669	rluD
PPG85_10845	0.37	bamD
PPG85_10850	0.584	raiA
PPG85_10855	0.7545	pheL
PPG85_10860	0.4433	pheA
PPG85_10865	-0.1109	tyrA
PPG85_10870	-0.3407	aroF
PPG85_10880	1.5236	yfiR
PPG85_10885	-0.6731	dgcN
PPG85_10890	0.5273	yfiB
PPG85_10895	0.0761	rplS
PPG85_10900	-1.42	trmD
PPG85_10905	-1.3418	rimM
PPG85_10910	0.6092	rpsP
PPG85_10915	0.0192	ffh
PPG85_10920	-0.4336	ypjD
PPG85_10925	0.4023	yfjD
PPG85_10930	-0.1989	grpE
PPG85_10935	-0.8746	nadK
PPG85_10940	0.4543	recN
PPG85_10945	-0.2952	bamE
PPG85_10950	0.2983	yfjF
PPG85_10955	0.4105	ratA
PPG85_10960	-0.3284	smpB
PPG85_10970	0.6355	gabD
PPG85_10975	0.0983	gabT
PPG85_10980	-0.9653	gabP
PPG85_10985	-1.5967	csiR
PPG85_10990	0.5665	kbp
PPG85_10995	0.8589	yqaE
PPG85_11000	1.4908	ygaV
PPG85_11005	0.0559	ygaP
PPG85_11010	0.2229	stpA
PPG85_11015	0.4851	alaE
PPG85_11020	0.4597	ygaC
PPG85_11025	0.1611	ygaM
PPG85_11030	-0.1164	nrdH
PPG85_11035	0.0281	nrdI
PPG85_11040	-0.403	nrdE
PPG85_11045	-1.5672	nrdF
PPG85_11050	0.2908	proV
PPG85_11055	0.19	proW
PPG85_11060	-0.2007	proX
PPG85_11070	-0.0439	ygaZ
PPG85_11075	0.3713	ygaH
PPG85_11085	-0.6739	emrA
PPG85_11090	-0.069	emrB
PPG85_11095	0.2721	luxS
PPG85_11100	-0.6006	gshA
PPG85_11105	-1.3926	yqaA
PPG85_11110	0.1887	yqaB
PPG85_11140	0.5074	csrA
PPG85_11145	-0.3431	alaS
PPG85_11150	-0.1035	recX
PPG85_11155	0.829	recA
PPG85_11160	0.9294	pncC
PPG85_11165	-0.2768	mltB
PPG85_11170	0.9534	srlA
PPG85_11175	-0.3919	srlE
PPG85_11180	0.2174	srlB
PPG85_11185	0.4314	srlD
PPG85_11190	0.3234	gutM
PPG85_11195	-0.5385	srlR
PPG85_11200	-0.0281	gutQ
PPG85_11205	0.2543	norR
PPG85_11210	-0.824	norV
PPG85_11215	-0.5425	norW
PPG85_11220	0.1788	hypF
PPG85_11225	-1.2123	hydN
PPG85_11230	0.4173	ascG
PPG85_11235	-1.6361	ascF
PPG85_11240	-0.9639	ascB
PPG85_11245	-0.4241	hycI
PPG85_11250	-0.655	hycH
PPG85_11255	2.9343	hycG
PPG85_11260	-2.0665	hycF
PPG85_11265	-0.336	hycE
PPG85_11270	-1.9766	hycD
PPG85_11275	-0.2704	hycC
PPG85_11280	-1.3201	hycB
PPG85_11285	2.4768	hycA
PPG85_11295	0.9416	hypB
PPG85_11300	-1.0153	hypC
PPG85_11305	0.1424	hypD
PPG85_11310	-0.4932	hypE
PPG85_11320	-0.8666	ygbA
PPG85_11330	0.3358	mutS
PPG85_11335	0.9612	pphB
PPG85_11340	0.474	ygbI
PPG85_11345	-3.0666	ygbJ
PPG85_11350	-1.7665	ygbK
PPG85_11355	-0.3898	ygbL
PPG85_11360	-1.3613	ygbM
PPG85_11365	-1.6739	ygbN
PPG85_11370	0.6793	rpoS
PPG85_11375	-0.0213	nlpD
PPG85_11380	-0.2452	pcm
PPG85_11390	0.091	truD
PPG85_11395	0.235	ispF
PPG85_11400	-0.4781	ispD
PPG85_11405	-0.0578	ftsB
PPG85_11410	-2.1317	ygbE
PPG85_11415	-0.7965	cysC
PPG85_11420	-0.5464	cysN
PPG85_11425	-0.0415	cysD
PPG85_11430	0.0213	iap
PPG85_11460	1.2712	casB
PPG85_11465	0.4441	casA
PPG85_11470	0.1663	cas3
PPG85_11475	0.0767	cysH
PPG85_11480	-0.2253	cysI
PPG85_11485	-0.1472	cysJ
PPG85_11490	-0.0266	queD
PPG85_11495	0.315	ygcN
PPG85_11500	-0.6332	ygcO
PPG85_11505	0.2932	ygcP
PPG85_11510	1.5845	ygcQ
PPG85_11515	-0.5212	ygcR
PPG85_11520	1.1596	ygcS
PPG85_11525	-1.2325	ygcU
PPG85_11530	0.9839	ygcW
PPG85_11535	-2.3703	yqcE
PPG85_11540	-0.9614	ygcE
PPG85_11545	-0.0045	queE
PPG85_11550	-0.607	yqcG
PPG85_11555	0.6085	ygcG
PPG85_11560	0.3762	eno
PPG85_11565	-0.5093	pyrG
PPG85_11570	0.0686	mazG
PPG85_11575	-1.3154	mazF
PPG85_11580	0.111	mazE
PPG85_11585	-0.2929	relA
PPG85_11590	0.41	rlmD
PPG85_11595	-0.5033	barA
PPG85_11600	0.2253	gudD
PPG85_11605	-1.8742	gudX
PPG85_11610	-0.2749	gudP
PPG85_11615	0.8336	yqcA
PPG85_11620	0.7368	truC
PPG85_11625	0.9303	yqcC
PPG85_11630	-0.2552	syd
PPG85_11635	0.1896	queF
PPG85_11640	0.2706	ppnN
PPG85_11645	0.0901	sdaC
PPG85_11650	-0.3399	sdaB
PPG85_11660	0.216	fucO
PPG85_11665	-0.3957	fucA
PPG85_11670	0.1125	fucP
PPG85_11675	-0.0713	fucI
PPG85_11680	-0.0777	fucK
PPG85_11685	2.1844	fucU
PPG85_11690	0.2966	fucR
PPG85_11695	-0.4321	rlmM
PPG85_11700	0.9064	ygdD
PPG85_11705	-0.5073	gcvA
PPG85_11710	-0.7846	ygdI
PPG85_11715	0.1064	csdA
PPG85_11720	-0.3493	csdE
PPG85_11725	-0.3545	tcdA
PPG85_11730	-0.2526	mltA
PPG85_11750	1.1677	amiC
PPG85_11755	0.4377	argA
PPG85_11760	-0.4957	recD
PPG85_11765	-0.6241	recB
PPG85_11770	-0.662	ptrA
PPG85_11775	-0.465	recC
PPG85_11780	-0.5975	ppdC
PPG85_11785	0.5515	ygdB
PPG85_11790	-1.8437	ppdB
PPG85_11795	-0.0345	ppdA
PPG85_11800	-0.4204	thyA
PPG85_11805	-0.4445	lgt
PPG85_11815	0.3655	rppH
PPG85_11820	4.2644	ygdT
PPG85_11825	0.0492	mutH
PPG85_11830	0.5543	ygdQ
PPG85_11835	0.3094	ygdR
PPG85_11840	0.6197	tas
PPG85_11845	0.4403	lplT
PPG85_11850	-0.1306	aas
PPG85_11855	0.1683	galR
PPG85_11860	-0.4699	lysA
PPG85_11865	0.5409	lysR
PPG85_11870	-0.3687	ygeA
PPG85_11875	-0.7183	araE
PPG85_11880	-1.1032	kduD
PPG85_11885	0.8338	kduI
PPG85_11890	0.2886	yqeF
PPG85_11895	-0.6237	yqeG
PPG85_11900	-0.693	yqeH
PPG85_11905	-1.1633	yqeI
PPG85_11910	0.834	yqeJ
PPG85_11920	3.2084	yqeK
PPG85_11930	-5.5317	ygeG
PPG85_11935	3.0412	ygeH
PPG85_11940	-0.3905	ygeI
PPG85_11965	-0.3328	xdhA
PPG85_11970	0.0833	xdhB
PPG85_11975	0.0704	xdhC
PPG85_11985	-2.3194	ygeW
PPG85_11995	0.3102	ygeY
PPG85_12000	-3.6907	hyuA
PPG85_12010	-0.0706	yqeB
PPG85_12015	0.3984	yqeC
PPG85_12020	0.3179	mocA
PPG85_12025	-0.3834	ygfK
PPG85_12035	0.3531	ygfM
PPG85_12040	0.0145	xdhD
PPG85_12045	1.9132	xanQ
PPG85_12050	-0.0271	guaD
PPG85_12055	0.1422	ghxQ
PPG85_12060	0.4356	ygfS
PPG85_12065	-2.0495	ygfT
PPG85_12070	-3.5442	uacT
PPG85_12075	-1.27	yqfG
PPG85_12085	0.4862	idi
PPG85_12095	0.2168	prfB
PPG85_12100	-0.608	recJ
PPG85_12105	0.2588	dsbC
PPG85_12110	0.3357	xerD
PPG85_12115	0.2525	fldB
PPG85_12120	0.0759	ygfX
PPG85_12125	0.5306	sdhE
PPG85_12130	0.441	ygfZ
PPG85_12135	0.399	yqfA
PPG85_12140	-0.4894	yqfB
PPG85_12145	0.0623	bglA
PPG85_12150	-0.4411	ygfF
PPG85_12155	-0.0684	gcvP
PPG85_12160	0.6622	gcvH
PPG85_12165	0.4264	gcvT
PPG85_12175	0.9137	ubiI
PPG85_12180	-0.0178	ubiH
PPG85_12185	-0.1278	pepP
PPG85_12190	0.6013	ygfB
PPG85_12195	-1.2356	zapA
PPG85_12205	-0.5938	fau
PPG85_12210	-0.637	ibsC
PPG85_12215	-0.6123	serA
PPG85_12220	0.3308	rpiA
PPG85_12230	0.4491	argP
PPG85_12235	-0.3899	scpA
PPG85_12245	-0.5474	scpB
PPG85_12250	0.9069	scpC
PPG85_12255	0.8878	ygfI
PPG85_12260	0.3237	yggE
PPG85_12265	0.5425	argO
PPG85_12270	-0.1175	mscS
PPG85_12280	0.4692	fbaA
PPG85_12285	0.3776	pgk
PPG85_12290	-0.1126	epd
PPG85_12295	-0.1471	yggC
PPG85_12310	-1.1827	yggP
PPG85_12315	1.6132	cmtA
PPG85_12320	3.0018	cmtB
PPG85_12330	-0.0933	loiP
PPG85_12335	-0.002	speB
PPG85_12340	-0.3625	speA
PPG85_12345	-1.0714	yqgB
PPG85_12355	-1.9561	yqgD
PPG85_12360	-0.4374	metK
PPG85_12365	0.1285	galP
PPG85_12370	0.5658	yggI
PPG85_12375	-0.8836	rsmE
PPG85_12380	0.4373	gshB
PPG85_12385	0.3107	yqgE
PPG85_12395	1.1471	yggR
PPG85_12400	0.4186	yggS
PPG85_12405	0.3962	yggT
PPG85_12410	0.0062	yggU
PPG85_12415	-1.0248	rdgB
PPG85_12425	0.0742	yggM
PPG85_12430	0.6633	ansB
PPG85_12440	0.0129	yggL
PPG85_12450	0.7051	mutY
PPG85_12455	0.4491	yggX
PPG85_12460	-0.0403	mltC
PPG85_12465	-0.2503	nupG
PPG85_12470	-0.8853	speC
PPG85_12480	0.8219	yqgA
PPG85_12495	0.4051	gss
PPG85_12500	-0.5648	yghU
PPG85_12510	0.2645	hybG
PPG85_12520	-1.2264	hybE
PPG85_12525	-0.3146	hybD
PPG85_12530	-0.7684	hybC
PPG85_12535	-0.2683	hybB
PPG85_12540	0.0968	hybA
PPG85_12545	-0.1755	hybO
PPG85_12550	-1.2582	yghW
PPG85_12560	0.6518	gpr
PPG85_12565	0.0546	yqhA
PPG85_12570	0.1874	yghA
PPG85_12575	-0.6421	exbD
PPG85_12580	-0.4025	exbB
PPG85_12585	0.1098	metC
PPG85_12590	0.0681	yghB
PPG85_12595	-1.4046	yqhC
PPG85_12600	0.9083	yqhD
PPG85_12605	-0.1013	dkgA
PPG85_12610	-0.0645	yqhG
PPG85_12615	4.3231	yqhH
PPG85_12620	0.0569	ygiQ
PPG85_12625	-0.3525	ftsP
PPG85_12630	0.332	plsC
PPG85_12635	-0.1909	parC
PPG85_12640	-0.1146	ygiS
PPG85_12645	0.6941	mqsA
PPG85_12650	2.133	mqsR
PPG85_12660	0.2255	ygiW
PPG85_12665	0.3085	qseB
PPG85_12670	0.2184	qseC
PPG85_12675	-6.9362	ygiZ
PPG85_12680	0.6566	mdaB
PPG85_12685	1.0284	ygiN
PPG85_12690	-0.206	parE
PPG85_12695	-0.1342	yqiA
PPG85_12700	0.3464	cpdA
PPG85_12705	0.8162	yqiB
PPG85_12710	-0.4271	nudF
PPG85_12715	0.1826	tolC
PPG85_12720	-0.7153	ygiB
PPG85_12725	-1.0695	ygiC
PPG85_12730	-0.0535	ygiD
PPG85_12735	0.133	zupT
PPG85_12740	-0.2984	yqiD
PPG85_12745	0.527	ribB
PPG85_12750	0.3976	glgS
PPG85_12755	1.2459	yqiJ
PPG85_12760	-0.3251	yqiK
PPG85_12770	-1.3332	ibsE
PPG85_12780	-0.4049	glnE
PPG85_12785	0.1452	ygiF
PPG85_12790	0.2928	ygiM
PPG85_12795	-0.5647	cca
PPG85_12800	-0.1752	bacA
PPG85_12805	0.5052	folB
PPG85_12810	-0.1984	plsY
PPG85_12815	0.3134	ttdR
PPG85_12820	-0.4426	ttdA
PPG85_12825	1.2152	ttdB
PPG85_12830	-2.0174	ttdT
PPG85_12835	0.4993	tsaD
PPG85_12840	0.0138	rpsU
PPG85_12845	-0.4881	dnaG
PPG85_12850	-0.3994	rpoD
PPG85_12855	0.759	mug
PPG85_12865	0.3322	nfeF
PPG85_12870	1.0326	nfeR
PPG85_12875	-0.5955	aer
PPG85_12885	-0.3441	ygjH
PPG85_12890	0.541	ebgR
PPG85_12895	-1.2466	ebgA
PPG85_12900	-0.1851	ebgC
PPG85_12905	0.2719	ygjI
PPG85_12910	1.8249	ygjJ
PPG85_12915	-0.5784	ygjK
PPG85_12920	-0.697	fadH
PPG85_12925	0.5884	higA
PPG85_12930	0.7142	higB
PPG85_12935	-0.3901	rlmG
PPG85_12940	0.9644	ygjP
PPG85_12945	-1.1643	ygjQ
PPG85_12950	0.6088	ygjR
PPG85_12955	0.8674	alx
PPG85_12960	-0.3184	sstT
PPG85_12965	-0.7843	ygjV
PPG85_12970	0.0017	uxaA
PPG85_12975	0.4494	uxaC
PPG85_12980	-0.9206	exuT
PPG85_12985	0.1454	exuR
PPG85_12995	0.2165	yqjA
PPG85_13000	0.7839	mzrA
PPG85_13005	0.5404	yqjC
PPG85_13010	-0.2139	yqjD
PPG85_13015	-0.2174	yqjE
PPG85_13020	-0.7015	yqjK
PPG85_13025	0.6079	yqjF
PPG85_13030	0.5565	yqjG
PPG85_13035	0.1008	yhaH
PPG85_13040	2.0242	yhaI
PPG85_13045	0.1532	yhaJ
PPG85_13050	0.4412	yhaK
PPG85_13055	1.1024	yhaL
PPG85_13060	-0.4166	cyuA
PPG85_13065	-0.7241	cyuP
PPG85_13070	0.1997	tdcG
PPG85_13075	0.1475	tdcF
PPG85_13080	-0.9597	tdcE
PPG85_13085	0.4284	tdcD
PPG85_13090	-0.0521	tdcC
PPG85_13095	0.7148	tdcB
PPG85_13100	1.1003	tdcA
PPG85_13105	2.5868	tdcR
PPG85_13110	1.3465	yhaB
PPG85_13115	-1.4148	yhaC
PPG85_13125	0.6615	garK
PPG85_13130	0.0709	garR
PPG85_13135	1.1226	garL
PPG85_13140	-0.0303	garP
PPG85_13145	0.2062	garD
PPG85_13150	0.5196	prlF
PPG85_13155	0.4557	yhaV
PPG85_13160	-1.1914	agaR
PPG85_13165	-0.4522	kbaZ
PPG85_13170	-1.1126	agaV
PPG85_13185	0.5609	agaS
PPG85_13190	-0.0092	kbaY
PPG85_13195	-0.4373	agaB
PPG85_13200	-0.3587	agaC
PPG85_13205	-0.9353	agaD
PPG85_13210	-1.2586	agaI
PPG85_13215	-0.7174	yraH
PPG85_13220	-3.2626	yraI
PPG85_13225	0.3885	yraJ
PPG85_13230	0.8092	yraK
PPG85_13235	-0.3456	rsmI
PPG85_13240	-2.2466	lpoA
PPG85_13245	-0.5499	yraN
PPG85_13250	-0.4272	diaA
PPG85_13260	-1.5753	yraQ
PPG85_13265	0.8244	yraR
PPG85_13270	-1.4175	yhbO
PPG85_13275	-0.1277	yhbP
PPG85_13280	-1.1114	yhbQ
PPG85_13285	-0.0538	yhbS
PPG85_13305	0.2708	yhbW
PPG85_13310	-3.0901	mtr
PPG85_13315	0.4657	deaD
PPG85_13320	-0.7807	yrbN
PPG85_13325	-1.3397	nlpI
PPG85_13330	0.0189	pnp
PPG85_13335	-0.7267	rpsO
PPG85_13340	-0.108	truB
PPG85_13345	0.46	rbfA
PPG85_13350	-0.2254	infB
PPG85_13355	-0.1897	nusA
PPG85_13360	0.1717	rimP
PPG85_13370	-1.1358	argG
PPG85_13375	2.0575	yhbX
PPG85_13385	-0.0472	secG
PPG85_13390	-0.1155	glmM
PPG85_13395	-0.448	folP
PPG85_13400	-0.2468	ftsH
PPG85_13405	0.0983	rlmE
PPG85_13410	0.1934	yhbY
PPG85_13415	0.5192	greA
PPG85_13420	0.2943	dacB
PPG85_13435	0.319	yhbE
PPG85_13440	0.0339	rpmA
PPG85_13445	0.3199	rplU
PPG85_13450	0.0325	ispB
PPG85_13455	0.6233	sfsB
PPG85_13460	-0.3727	murA
PPG85_13465	0.287	ibaG
PPG85_13470	-0.9191	mlaB
PPG85_13475	-0.0424	mlaC
PPG85_13480	-0.4788	mlaD
PPG85_13485	-0.4793	mlaE
PPG85_13490	0.1945	mlaF
PPG85_13495	0.5943	yrbG
PPG85_13500	-0.1169	kdsD
PPG85_13505	-0.3719	kdsC
PPG85_13510	-0.0607	lptC
PPG85_13515	0.5162	lptA
PPG85_13520	-0.1653	lptB
PPG85_13525	0.1925	rpoN
PPG85_13530	0.7248	hpf
PPG85_13535	0.4607	ptsN
PPG85_13540	-0.4746	rapZ
PPG85_13545	0.65	npr
PPG85_13550	0.0783	yrbL
PPG85_13555	-0.583	mtgA
PPG85_13565	-0.1709	arcB
PPG85_13570	0.9691	yhcC
PPG85_13575	-0.24	gltB
PPG85_13580	-0.4129	gltD
PPG85_13585	-0.7117	gltF
PPG85_13590	-0.1412	yhcG
PPG85_13600	0.2519	nanK
PPG85_13605	1.002	nanE
PPG85_13610	-0.0973	nanT
PPG85_13615	-0.0029	nanA
PPG85_13620	0.2237	nanR
PPG85_13630	0.5154	sspB
PPG85_13635	0.8628	sspA
PPG85_13640	0.104	rpsI
PPG85_13645	-0.1712	rplM
PPG85_13650	0.305	zapE
PPG85_13660	-0.1787	degQ
PPG85_13665	0.1776	degS
PPG85_13670	0.6209	mdh
PPG85_13675	0.2372	argR
PPG85_13680	1.3367	yhcN
PPG85_13685	0.4693	yhcO
PPG85_13690	-1.0251	aaeB
PPG85_13695	-1.1765	aaeA
PPG85_13700	-0.2959	aaeX
PPG85_13705	-0.021	aaeR
PPG85_13710	0.1391	tldD
PPG85_13715	-0.4567	yhdP
PPG85_13720	1.2681	rng
PPG85_13725	0.034	yhdE
PPG85_13730	0.1933	mreD
PPG85_13735	-0.185	mreC
PPG85_13740	0.2044	mreB
PPG85_13745	-0.5626	csrD
PPG85_13750	0.2078	yhdH
PPG85_13755	-0.6221	accB
PPG85_13760	-0.4527	accC
PPG85_13765	-0.8073	yhdT
PPG85_13770	0.3281	panF
PPG85_13775	0.0738	prmA
PPG85_13780	-0.4466	dusB
PPG85_13785	-0.6634	fis
PPG85_13790	-1.3759	yhdJ
PPG85_13795	-0.1054	yhdU
PPG85_13805	-0.8576	acrE
PPG85_13810	-1.1554	acrF
PPG85_13825	-1.5092	yhdX
PPG85_13830	-1.3645	yhdY
PPG85_13835	-0.4225	yhdZ
PPG85_13875	-0.1538	yrdA
PPG85_13880	1.0881	yrdB
PPG85_13885	0.2769	aroE
PPG85_13890	-1.4337	tsaC
PPG85_13895	0.0887	yrdD
PPG85_13900	1.0996	smg
PPG85_13910	0.0907	def
PPG85_13915	-0.3212	fmt
PPG85_13920	0.4385	rsmB
PPG85_13925	-0.5616	trkA
PPG85_13930	0.7212	mscL
PPG85_13935	1.4376	arfA
PPG85_13940	0.1727	zntR
PPG85_13945	-0.0445	yhdN
PPG85_13950	-0.2611	rplQ
PPG85_13955	-0.0924	rpoA
PPG85_13960	-0.0048	rpsD
PPG85_13965	-0.5111	rpsK
PPG85_13970	-0.7541	rpsM
PPG85_13975	0.0762	rpmJ
PPG85_13980	-0.7906	secY
PPG85_13985	-0.9286	rplO
PPG85_13990	-0.6404	rpmD
PPG85_13995	-1.1781	rpsE
PPG85_14000	-0.5981	rplR
PPG85_14005	-0.2147	rplF
PPG85_14010	-0.516	rpsH
PPG85_14015	-0.7996	rpsN
PPG85_14020	-0.6282	rplE
PPG85_14025	0.2146	rplX
PPG85_14030	-0.306	rplN
PPG85_14035	-0.0218	rpsQ
PPG85_14040	-0.2959	rpmC
PPG85_14045	0.0508	rplP
PPG85_14050	-0.6781	rpsC
PPG85_14055	-0.412	rplV
PPG85_14060	-0.5345	rpsS
PPG85_14065	-0.4153	rplB
PPG85_14070	-0.7984	rplW
PPG85_14075	-0.1599	rplD
PPG85_14080	-0.44	rplC
PPG85_14085	-0.7534	rpsJ
PPG85_14090	0.2397	gspB
PPG85_14100	-0.182	fusA
PPG85_14110	0.4913	rpsL
PPG85_14115	-0.408	tusB
PPG85_14120	0.0873	tusC
PPG85_14125	0.0177	tusD
PPG85_14130	-0.1407	yheO
PPG85_14135	0.5936	fkpA
PPG85_14140	-0.8095	slyX
PPG85_14145	0.5202	slyD
PPG85_14150	-0.2946	yheV
PPG85_14155	-0.4955	kefB
PPG85_14160	-2.4642	kefG
PPG85_14165	-1.111	yheS
PPG85_14170	0.0175	yheT
PPG85_14175	0.055	yheU
PPG85_14180	-0.1306	prkB
PPG85_14185	0.4755	yhfA
PPG85_14190	0.1349	crp
PPG85_14195	0.1794	yhfK
PPG85_14200	0.0801	argD
PPG85_14205	-0.001	pabA
PPG85_14210	-0.7513	fic
PPG85_14215	0.0325	yhfG
PPG85_14220	-0.177	ppiA
PPG85_14225	-0.4323	tsgA
PPG85_14230	0.3336	nirB
PPG85_14235	1.4222	nirD
PPG85_14240	2.0799	nirC
PPG85_14245	-0.2043	cysG
PPG85_14250	0.0123	yhfL
PPG85_14255	0.7724	frlA
PPG85_14260	-0.6111	frlB
PPG85_14265	0.6885	frlC
PPG85_14270	0.4139	frlD
PPG85_14280	0.2778	yhfS
PPG85_14285	-0.5611	yhfT
PPG85_14290	2.0834	yhfU
PPG85_14295	-1.7964	php
PPG85_14300	-1.5792	yhfW
PPG85_14305	1.4445	yhfX
PPG85_14310	-0.3713	yhfY
PPG85_14315	-0.4766	yhfZ
PPG85_14320	-0.6014	trpS
PPG85_14325	0.0934	gph
PPG85_14330	0.7334	rpe
PPG85_14335	0.0992	dam
PPG85_14340	-0.4315	damX
PPG85_14345	0.4832	aroB
PPG85_14350	-0.2514	aroK
PPG85_14355	0.5975	hofQ
PPG85_14360	-6.0736	hofP
PPG85_14365	-0.2322	hofO
PPG85_14370	0.1593	hofN
PPG85_14375	-0.9108	hofM
PPG85_14380	0.0518	mrcA
PPG85_14385	-0.2298	nudE
PPG85_14390	0.2445	igaA
PPG85_14400	0.9901	hslR
PPG85_14405	0.0357	hslO
PPG85_14410	-0.0453	yhgE
PPG85_14420	0.5379	envZ
PPG85_14425	0.3612	ompR
PPG85_14430	0.2421	greB
PPG85_14435	-0.3836	yhgF
PPG85_14440	0.7005	feoA
PPG85_14445	0.3576	feoB
PPG85_14450	0.3197	feoC
PPG85_14455	-1.2258	rpnA
PPG85_14460	0.4003	bioH
PPG85_14470	0.4635	nfuA
PPG85_14475	-1.2758	gntT
PPG85_14480	-0.758	malQ
PPG85_14490	0.1083	malT
PPG85_14495	-0.4762	rtcA
PPG85_14500	-0.2294	rtcB
PPG85_14505	0.8244	rtcR
PPG85_14515	-1.2656	glpG
PPG85_14520	0.3248	glpE
PPG85_14525	0.2425	glpD
PPG85_14535	-0.8432	glgP
PPG85_14540	0.3093	glgA
PPG85_14545	-0.4387	glgC
PPG85_14550	1.1458	glgX
PPG85_14555	0.3032	glgB
PPG85_14570	-0.5894	yhgN
PPG85_14575	-0.1606	gntU
PPG85_14580	-0.0126	gntK
PPG85_14585	0.3512	gntR
PPG85_14590	0.2214	yhhW
PPG85_14595	0.3096	yhhX
PPG85_14600	-1.2104	ggt
PPG85_14605	1.1019	yhhA
PPG85_14610	0.0657	ugpQ
PPG85_14615	-1.3547	ugpC
PPG85_14620	0.3587	ugpE
PPG85_14625	-0.2565	ugpA
PPG85_14630	-0.3178	ugpB
PPG85_14635	0.3085	livF
PPG85_14640	-0.2813	livG
PPG85_14645	-0.7776	livM
PPG85_14650	-0.6725	livH
PPG85_14655	0.47	livK
PPG85_14665	0.4104	livJ
PPG85_14670	0.3191	rpoH
PPG85_14675	0.241	ftsX
PPG85_14680	0.0256	ftsE
PPG85_14685	0.0125	ftsY
PPG85_14690	0.3442	rsmD
PPG85_14695	-0.8284	yhhL
PPG85_14700	-0.4343	yhhM
PPG85_14705	0.7751	yhhN
PPG85_14710	0.1973	zntA
PPG85_14715	0.0506	tusA
PPG85_14720	-0.8316	yhhQ
PPG85_14725	0.1223	dcrB
PPG85_14730	0.0027	yhhS
PPG85_14735	-0.2932	yhhT
PPG85_14740	-0.3848	acpT
PPG85_14745	0.6521	nikA
PPG85_14750	0.1766	nikB
PPG85_14755	-0.1841	nikC
PPG85_14760	-0.8776	nikD
PPG85_14765	0.8272	nikE
PPG85_14770	-0.9514	nikR
PPG85_14775	-0.6978	yhhJ
PPG85_14780	-0.2135	rbbA
PPG85_14785	0.1717	yhiI
PPG85_14795	0.1633	yhiJ
PPG85_14805	2.5774	yhiM
PPG85_14810	-1.4279	yhiN
PPG85_14815	-0.3936	pitA
PPG85_14820	-0.3731	uspB
PPG85_14825	0.2102	uspA
PPG85_14840	0.1973	dtpB
PPG85_14845	-0.3139	rsmJ
PPG85_14850	-0.1559	prlC
PPG85_14855	0.4178	rlmJ
PPG85_14865	-0.1125	dinQ
PPG85_14870	-0.0225	arsR
PPG85_14875	-0.6764	arsB
PPG85_14885	0.1169	slp
PPG85_14890	-1.1879	dctR
PPG85_14895	0.6265	yhiD
PPG85_14900	-0.4061	hdeB
PPG85_14905	-0.8052	hdeA
PPG85_14910	0.7318	hdeD
PPG85_14915	-1.1498	gadE
PPG85_14925	-1.3411	mdtE
PPG85_14930	0.2385	mdtF
PPG85_14935	0.0694	gadW
PPG85_14940	0.5415	gadX
PPG85_14945	0.4815	gadA
PPG85_14950	0.1786	ccp
PPG85_14955	-0.1339	treF
PPG85_14960	-0.1068	yhjB
PPG85_14970	-0.8066	yhjD
PPG85_14975	-0.2292	yhjE
PPG85_14980	0.2166	yhjG
PPG85_14985	1.0742	pdeH
PPG85_14990	0.5363	kdgK
PPG85_14995	0.074	yhjJ
PPG85_15000	-0.3207	dctA
PPG85_15010	-0.4392	bcsC
PPG85_15015	-0.2021	bcsZ
PPG85_15020	-0.5005	bcsB
PPG85_15025	-0.0783	bcsA
PPG85_15030	0.491	bcsQ
PPG85_15040	-0.0537	bcsE
PPG85_15045	-0.2747	bcsF
PPG85_15050	0.2244	bcsG
PPG85_15055	-0.3501	ldrD
PPG85_15060	0.0419	yhjV
PPG85_15065	-0.0115	dppF
PPG85_15070	-0.3105	dppD
PPG85_15075	0.3949	dppC
PPG85_15080	0.184	dppB
PPG85_15090	0.3252	dppA
PPG85_15105	0.1522	eptB
PPG85_15110	-1.0434	yhjX
PPG85_15115	-0.2514	yhjY
PPG85_15120	0.518	tag
PPG85_15125	1.3235	yiaC
PPG85_15130	-0.6984	bisC
PPG85_15135	1.0601	yiaD
PPG85_15140	0.294	ghrB
PPG85_15145	-0.1832	yiaF
PPG85_15150	-1.7912	yiaG
PPG85_15155	0.6081	cspA
PPG85_15165	0.5152	hokA
PPG85_15170	-0.76	glyS
PPG85_15175	-0.0859	glyQ
PPG85_15180	0.1474	ysaB
PPG85_15185	-0.2091	wecH
PPG85_15190	-6.7292	yiaA
PPG85_15195	2.1211	yiaB
PPG85_15200	0.2206	xylB
PPG85_15205	-0.6962	xylA
PPG85_15210	0.3094	xylF
PPG85_15215	1.429	xylG
PPG85_15220	-0.6209	xylH
PPG85_15225	-0.6119	xylR
PPG85_15230	-0.1052	bax
PPG85_15235	0.121	malS
PPG85_15240	0.283	avtA
PPG85_15250	-0.6134	yiaJ
PPG85_15255	-0.9553	yiaK
PPG85_15260	-0.2309	yiaL
PPG85_15265	-3.1091	yiaM
PPG85_15270	-2.1466	yiaN
PPG85_15275	0.4581	yiaO
PPG85_15290	-1.171	sgbU
PPG85_15310	-0.1959	yiaT
PPG85_15315	-0.277	yiaU
PPG85_15320	-0.0819	yiaV
PPG85_15325	4.3276	yiaW
PPG85_15330	-0.5275	aldB
PPG85_15335	3.4204	yiaY
PPG85_15340	-0.2241	selB
PPG85_15345	0.4662	selA
PPG85_15350	0.6303	yibF
PPG85_15355	-0.499	yibH
PPG85_15360	0.6339	yibI
PPG85_15365	-0.143	mtlA
PPG85_15370	-0.0822	mtlD
PPG85_15375	0.7932	mtlR
PPG85_15380	-0.3711	yibT
PPG85_15385	0.7395	yibL
PPG85_15390	0.1555	lldP
PPG85_15395	0.2024	lldR
PPG85_15400	0.2863	lldD
PPG85_15405	0.098	trmL
PPG85_15410	-0.6847	cysE
PPG85_15415	-0.3059	gpsA
PPG85_15420	0.5625	secB
PPG85_15425	0.3469	grxC
PPG85_15430	0.389	yibN
PPG85_15435	0.6152	gpmM
PPG85_15440	-0.1106	envC
PPG85_15445	2.0461	yibQ
PPG85_15450	-0.2854	waaH
PPG85_15455	0.0916	tdh
PPG85_15460	0.1061	kbl
PPG85_15470	0.1752	rfaD
PPG85_15485	-0.8591	waaL
PPG85_15490	-0.5867	waaU
PPG85_15495	0.0075	waaZ
PPG85_15510	0.3482	waaO
PPG85_15515	-0.2473	waaB
PPG85_15540	0.0956	waaA
PPG85_15545	0.9303	coaD
PPG85_15550	-0.3365	mutM
PPG85_15555	-0.1791	rpmG
PPG85_15560	0.6442	rpmB
PPG85_15575	-0.3798	dut
PPG85_15580	0.78	slmA
PPG85_15585	-1.5482	pyrE
PPG85_15595	0.3027	yicC
PPG85_15600	-0.2069	dinD
PPG85_15605	0.2197	yicG
PPG85_15610	-0.0262	ligB
PPG85_15615	-0.55	gmk
PPG85_15620	0.6825	rpoZ
PPG85_15625	0.1433	spoT
PPG85_15630	-0.0208	trmH
PPG85_15635	-0.4139	recG
PPG85_15640	-0.5546	gltS
PPG85_15645	-0.094	xanP
PPG85_15650	-0.2054	yicH
PPG85_15655	-0.3321	yicI
PPG85_15660	2.6522	yicJ
PPG85_15675	-2.1301	setC
PPG85_15680	0.0975	yicL
PPG85_15685	0.1337	nlpA
PPG85_15690	0.5988	yicS
PPG85_15695	0.4407	nepI
PPG85_15700	0.7251	yicN
PPG85_15705	-0.7725	adeQ
PPG85_15710	0.1066	adeD
PPG85_15720	-0.7546	uhpC
PPG85_15725	0.2025	uhpB
PPG85_15730	0.8887	uhpA
PPG85_15740	-0.4394	ilvB
PPG85_15745	1.3535	ivbL
PPG85_15750	-0.8808	tisB
PPG85_15760	0.1559	emrD
PPG85_15765	-0.1807	yidF
PPG85_15770	0.0863	yidG
PPG85_15775	0.1671	yidH
PPG85_15780	-0.2774	yidI
PPG85_15790	-1.186	yidK
PPG85_15795	-0.1489	yidL
PPG85_15810	0.796	yidP
PPG85_15815	-0.4589	yidE
PPG85_15820	-0.1303	ibpB
PPG85_15825	-0.2201	ibpA
PPG85_15830	0.0281	yidQ
PPG85_15835	0.1149	yidR
PPG85_15840	-0.1021	cbrA
PPG85_15845	-0.2566	dgoT
PPG85_15850	0.1014	dgoD
PPG85_15855	0.7434	dgoA
PPG85_15860	0.2889	dgoK
PPG85_15865	0.4873	dgoR
PPG85_15985	0.3309	cbrC
PPG85_15990	0.0719	yieK
PPG85_15995	-0.4036	yieL
PPG85_16000	3.1881	bglH
PPG85_16005	0.9296	bglB
PPG85_16015	1.6547	bglG
PPG85_16020	-0.3266	phoU
PPG85_16025	0.1177	pstB
PPG85_16030	-0.6123	pstA
PPG85_16035	-0.5205	pstC
PPG85_16040	-0.3863	pstS
PPG85_16045	-0.4298	glmS
PPG85_16050	0.1515	glmU
PPG85_16055	0.127	atpC
PPG85_16060	0.0202	atpD
PPG85_16065	-1.2575	atpG
PPG85_16070	-0.2829	atpA
PPG85_16075	0.1803	atpH
PPG85_16080	-0.299	atpF
PPG85_16085	0.2772	atpE
PPG85_16090	-1.7205	atpB
PPG85_16095	-0.6633	atpI
PPG85_16100	0.7021	rsmG
PPG85_16105	-0.0207	mnmG
PPG85_16110	0.2357	mioC
PPG85_16115	-0.1152	asnC
PPG85_16120	-0.3035	asnA
PPG85_16125	-0.186	viaA
PPG85_16130	-0.7191	ravA
PPG85_16135	0.1395	kup
PPG85_16140	0.397	rbsD
PPG85_16145	-0.2168	rbsA
PPG85_16150	0.0971	rbsC
PPG85_16155	0.3653	rbsB
PPG85_16160	-0.0103	rbsK
PPG85_16165	0.3074	rbsR
PPG85_16175	0.6407	yieP
PPG85_16210	-0.3835	hdfR
PPG85_16215	0.5499	maoP
PPG85_16220	0.2917	yifB
PPG85_16225	-0.3566	ilvL
PPG85_16230	2.4549	ilvX
PPG85_16240	-3.0425	ilvM
PPG85_16245	0.817	ilvE
PPG85_16250	-0.0132	ilvD
PPG85_16255	-0.1975	ilvA
PPG85_16260	-0.1858	ilvY
PPG85_16265	-0.6161	ilvC
PPG85_16270	0.8421	ppiC
PPG85_16280	-0.2041	rep
PPG85_16290	0.0976	rhlB
PPG85_16295	-0.1383	trxA
PPG85_16300	-0.2199	rhoL
PPG85_16305	-0.3582	rho
PPG85_16315	-0.4892	wzzE
PPG85_16320	-0.2564	wecB
PPG85_16325	-0.387	wecC
PPG85_16330	-0.7414	rffG
PPG85_16340	0.6326	rffC
PPG85_16350	-0.9925	wzxE
PPG85_16355	-0.3606	rffT
PPG85_16360	-0.2203	wzyE
PPG85_16365	0.1654	rffM
PPG85_16370	-0.5165	yifK
PPG85_16395	-0.93	aslB
PPG85_16400	-0.2687	aslA
PPG85_16405	-0.1037	hemY
PPG85_16410	0.1842	hemX
PPG85_16415	0.513	hemD
PPG85_16420	-0.0342	hemC
PPG85_16425	-0.1126	cyaA
PPG85_16430	-0.4346	cyaY
PPG85_16435	0.0466	yzcX
PPG85_16440	0.7762	yifL
PPG85_16445	-0.0733	dapF
PPG85_16450	0.1936	yigA
PPG85_16455	2.3696	xerC
PPG85_16460	0.0716	yigB
PPG85_16465	0.1011	uvrD
PPG85_16470	1.9168	yigE
PPG85_16480	-0.01	corA
PPG85_16485	0.4835	yigF
PPG85_16490	-3.0844	yigG
PPG85_16495	0.5845	rarD
PPG85_16500	-0.7791	yigI
PPG85_16505	-0.1635	pldA
PPG85_16510	-0.017	recQ
PPG85_16515	-0.4742	rhtC
PPG85_16520	-2.279	rhtB
PPG85_16525	-0.2453	pldB
PPG85_16530	-0.4471	yigL
PPG85_16535	-0.2944	bioP
PPG85_16550	-0.4409	metE
PPG85_16555	0.1181	ysgA
PPG85_16560	-0.2118	udp
PPG85_16565	0.8755	rmuC
PPG85_16570	0.0963	ubiE
PPG85_16575	-0.4971	ubiJ
PPG85_16580	0.1158	ubiB
PPG85_16585	0.3091	tatA
PPG85_16590	0.5109	tatB
PPG85_16595	-0.4791	tatC
PPG85_16600	-1.1687	tatD
PPG85_16605	-0.0103	rfaH
PPG85_16610	0.0091	ubiD
PPG85_16615	-1.0373	fre
PPG85_16625	-0.8296	fadA
PPG85_16630	-1.0476	fadB
PPG85_16635	0.3878	pepQ
PPG85_16640	0.4423	yigZ
PPG85_16645	-0.2508	trkH
PPG85_16650	-0.7515	hemG
PPG85_16680	1.2577	mobB
PPG85_16685	-0.009	mobA
PPG85_16690	0.6222	yihD
PPG85_16695	0.7159	srkA
PPG85_16700	-0.6119	dsbA
PPG85_16705	0.6868	yihF
PPG85_16710	0.3231	yihG
PPG85_16715	0.1732	polA
PPG85_16720	0.6453	yihA
PPG85_16730	0.3291	yihI
PPG85_16735	0.1397	hemN
PPG85_16740	0.6268	yshB
PPG85_16745	-0.2125	glnG
PPG85_16750	0.2029	glnL
PPG85_16755	0.0785	glnA
PPG85_16765	0.8138	yihL
PPG85_16770	-0.9973	yihM
PPG85_16775	-1.1128	yihN
PPG85_16780	-0.9719	ompL
PPG85_16785	-1.319	yihO
PPG85_16790	0.9562	yihP
PPG85_16795	-0.5262	yihQ
PPG85_16800	3.3531	yihR
PPG85_16805	0.6093	yihS
PPG85_16810	0.8724	yihT
PPG85_16815	0.7077	yihU
PPG85_16820	0.2875	yihV
PPG85_16830	0.3401	yihX
PPG85_16835	-0.164	yihY
PPG85_16840	0.4735	dtd
PPG85_16855	-0.2187	yiiE
PPG85_16860	-1.3274	yiiF
PPG85_16865	-0.2303	fdhE
PPG85_16870	-0.6953	fdoI
PPG85_16875	-0.2218	fdoH
PPG85_16885	-0.0942	fdhD
PPG85_16890	1.1818	yiiG
PPG85_16895	1.1388	frvR
PPG85_16900	0.4846	frvX
PPG85_16905	-0.2927	frvB
PPG85_16910	-0.4312	frvA
PPG85_16915	3.3948	rhaM
PPG85_16920	0.993	rhaD
PPG85_16925	-0.0526	rhaA
PPG85_16930	-3.4887	rhaB
PPG85_16935	0.1562	rhaS
PPG85_16940	1.9027	rhaR
PPG85_16945	-0.3786	rhaT
PPG85_16950	0.3451	sodA
PPG85_16960	0.0885	yiiM
PPG85_16965	-0.9468	cpxA
PPG85_16970	0.6309	cpxR
PPG85_16975	1.1311	cpxP
PPG85_16980	-1.0176	fieF
PPG85_16985	0.4615	pfkA
PPG85_16990	0.1503	sbp
PPG85_16995	0.1981	cdh
PPG85_17000	0.4751	tpiA
PPG85_17005	0.0214	yiiQ
PPG85_17010	-0.5989	yiiR
PPG85_17015	0.3212	yiiS
PPG85_17020	1.073	uspD
PPG85_17025	0.6061	fpr
PPG85_17035	-0.8301	glpK
PPG85_17040	-0.6567	glpF
PPG85_17045	0.7194	zapB
PPG85_17050	0.0714	rraA
PPG85_17055	0.1707	menA
PPG85_17060	0.0356	hslU
PPG85_17065	0.5242	hslV
PPG85_17070	0.6709	ftsN
PPG85_17075	-0.4277	cytR
PPG85_17080	-0.1946	priA
PPG85_17085	0.7631	rpmE
PPG85_17090	-1.2969	yiiX
PPG85_17095	0.2738	metJ
PPG85_17100	-1.2685	metB
PPG85_17115	-0.8253	metF
PPG85_17120	-0.1114	katG
PPG85_17125	-0.1104	yijE
PPG85_17130	1.0855	yijF
PPG85_17135	0.2766	gldA
PPG85_17150	-4.7459	frwC
PPG85_17155	-0.1421	frwB
PPG85_17160	-1.1229	pflD
PPG85_17165	-0.979	pflC
PPG85_17170	0.4591	frwD
PPG85_17175	0.6138	yijO
PPG85_17180	-0.1117	eptC
PPG85_17185	0.3181	ppc
PPG85_17190	-0.1372	argE
PPG85_17195	-0.7069	argC
PPG85_17200	0.2844	argB
PPG85_17205	-0.4028	argH
PPG85_17210	0.3256	oxyR
PPG85_17215	-0.066	sthA
PPG85_17220	0.2212	fabR
PPG85_17225	-0.2149	yijD
PPG85_17230	-0.3661	trmA
PPG85_17235	0.0892	btuB
PPG85_17240	-0.1589	murI
PPG85_17265	0.4117	murB
PPG85_17270	-1.3266	birA
PPG85_17275	-0.2814	coaA
PPG85_17305	-0.0448	secE
PPG85_17310	-0.4935	nusG
PPG85_17315	-0.0189	rplK
PPG85_17320	-0.4081	rplA
PPG85_17325	-0.6038	rplJ
PPG85_17330	0.2981	rplL
PPG85_17335	-0.503	rpoB
PPG85_17340	-0.3568	rpoC
PPG85_17345	0.2966	yjaZ
PPG85_17350	0.0659	thiH
PPG85_17355	0.3546	thiG
PPG85_17360	1.0394	thiS
PPG85_17365	0.3727	thiF
PPG85_17370	0.0036	thiE
PPG85_17375	-0.8103	thiC
PPG85_17380	0.0513	rsd
PPG85_17385	0.1055	nudC
PPG85_17390	0.1722	hemE
PPG85_17395	0.5791	nfi
PPG85_17400	0.0332	yjaG
PPG85_17405	0.2951	hupA
PPG85_17410	0.0265	yjaH
PPG85_17415	1.0875	zraP
PPG85_17420	-0.7667	zraS
PPG85_17425	-0.1829	zraR
PPG85_17430	0.1515	purD
PPG85_17435	-0.9816	purH
PPG85_17460	-0.8966	yjaA
PPG85_17465	-0.2338	yjaB
PPG85_17470	2.02	metA
PPG85_17475	-0.5081	aceB
PPG85_17480	0.1051	aceA
PPG85_17485	-0.3136	aceK
PPG85_17495	-0.4731	iclR
PPG85_17500	-0.4041	metH
PPG85_17505	-0.5552	yjbB
PPG85_17510	-0.4068	pepE
PPG85_17515	-1.2961	rluF
PPG85_17520	0.6242	yjbD
PPG85_17525	0.0104	lysC
PPG85_17530	0.1584	pgi
PPG85_17535	-0.0422	yjbE
PPG85_17540	1.9314	yjbF
PPG85_17545	0.5803	yjbG
PPG85_17550	-4.1359	yjbH
PPG85_17560	-0.546	psiE
PPG85_17565	-1.5851	xylE
PPG85_17570	-0.5731	malG
PPG85_17575	0.1641	malF
PPG85_17580	0.2688	malE
PPG85_17585	0.1481	malK
PPG85_17590	-0.2205	lamB
PPG85_17595	0.2049	malM
PPG85_17605	-0.4364	ubiC
PPG85_17610	0.0296	ubiA
PPG85_17615	-0.0847	plsB
PPG85_17620	-0.6714	dgkA
PPG85_17625	-0.0087	lexA
PPG85_17630	-0.3252	dinF
PPG85_17635	1.2343	yjbJ
PPG85_17640	0.3389	zur
PPG85_17645	3.9816	yjbL
PPG85_17650	-0.8286	yjbM
PPG85_17655	0.417	dusA
PPG85_17660	-0.3201	pspG
PPG85_17665	0.2857	qorA
PPG85_17670	-0.0764	dnaB
PPG85_17675	-0.1675	alr
PPG85_17680	0.1018	tyrB
PPG85_17685	0.2999	yjbS
PPG85_17690	0.8967	aphA
PPG85_17695	0.9289	yjbQ
PPG85_17700	0.4321	yjbR
PPG85_17705	0.0203	uvrA
PPG85_17715	0.3064	yjcB
PPG85_17720	0.7539	pdeC
PPG85_17725	0.1726	soxS
PPG85_17730	0.0504	soxR
PPG85_17735	-1.2348	ghxP
PPG85_17740	0.0887	yjcE
PPG85_17750	-1.5331	actP
PPG85_17755	-0.28	yjcH
PPG85_17760	0.2489	acs
PPG85_17765	-0.3676	nrfA
PPG85_17775	-0.1779	nrfC
PPG85_17780	0.0444	nrfD
PPG85_17785	1.6397	nrfE
PPG85_17790	-4.9274	nrfF
PPG85_17795	-6.3116	nrfG
PPG85_17800	0.0162	gltP
PPG85_17805	0.0169	yjcO
PPG85_17815	-1.1727	mdtP
PPG85_17820	0.8426	mdtO
PPG85_17825	0.8072	mdtN
PPG85_17830	-6.9507	ytcA
PPG85_17835	-1.2705	yjcS
PPG85_17840	0.1986	alsK
PPG85_17845	-0.2767	alsE
PPG85_17850	0.3928	alsC
PPG85_17855	0.8151	alsA
PPG85_17860	0.4879	alsB
PPG85_17865	1.1086	alsR
PPG85_17870	-0.3853	rpiB
PPG85_17875	0.262	yjdP
PPG85_17880	-0.2101	phnP
PPG85_17885	-0.0338	phnO
PPG85_17890	-0.8004	phnN
PPG85_17895	-0.5841	phnM
PPG85_17900	0.2161	phnL
PPG85_17905	1.3513	phnK
PPG85_17910	1.8319	phnJ
PPG85_17915	-0.953	phnI
PPG85_17920	-0.022	phnH
PPG85_17925	0.978	phnG
PPG85_17930	-1.9704	phnF
PPG85_17940	-5.4041	phnD
PPG85_17945	-1.455	phnC
PPG85_17950	2.0514	yjdN
PPG85_17955	0.6058	yjdM
PPG85_17960	0.3009	crfC
PPG85_17970	0.2768	proP
PPG85_17975	-0.2766	pmrR
PPG85_17985	0.4109	basR
PPG85_17990	-0.9773	eptA
PPG85_17995	-1.2548	adiC
PPG85_18000	0.124	adiY
PPG85_18005	-0.0061	adiA
PPG85_18010	0.58	melR
PPG85_18015	-0.1657	melA
PPG85_18020	1.1394	melB
PPG85_18025	0.4154	yjdF
PPG85_18035	-1.4342	dcuB
PPG85_18040	1.1233	dcuR
PPG85_18045	-0.8537	dcuS
PPG85_18050	-0.137	yjdI
PPG85_18055	0.9386	yjdJ
PPG85_18065	4.1156	ghoT
PPG85_18075	-0.1598	dtpC
PPG85_18080	-0.0892	cadA
PPG85_18085	-0.5433	cadB
PPG85_18090	1.6642	cadC
PPG85_18100	-0.0069	yjdC
PPG85_18105	-0.0248	dsbD
PPG85_18110	0.8182	cutA
PPG85_18115	-0.458	dcuA
PPG85_18120	-0.1312	aspA
PPG85_18125	1.1363	fxsA
PPG85_18130	-0.7182	yjeH
PPG85_18135	0.3654	groS
PPG85_18140	0.0467	groL
PPG85_18145	0.6929	yjeI
PPG85_18150	0.3636	yjeJ
PPG85_18155	-0.1114	epmB
PPG85_18160	-0.5956	efp
PPG85_18165	-0.2915	ecnA
PPG85_18170	-0.7229	ecnB
PPG85_18180	0.0487	blc
PPG85_18185	0.0429	ampC
PPG85_18190	-0.2574	frdD
PPG85_18195	-0.1844	frdC
PPG85_18200	0.3026	frdB
PPG85_18205	-0.3829	frdA
PPG85_18210	-0.7463	epmA
PPG85_18215	-1.436	yjeM
PPG85_18220	-2.81	yjeN
PPG85_18225	4.7436	yjeO
PPG85_18230	-0.4536	mscM
PPG85_18240	0.3237	rsgA
PPG85_18245	0.9686	orn
PPG85_18270	-0.2826	queG
PPG85_18275	-0.2711	nnr
PPG85_18280	-0.8104	tsaE
PPG85_18285	-0.1338	amiB
PPG85_18290	-0.3689	mutL
PPG85_18295	-1.3912	miaA
PPG85_18300	0.4862	hfq
PPG85_18305	0.2762	hflX
PPG85_18310	0.2459	hflK
PPG85_18315	-0.5967	hflC
PPG85_18320	-0.7968	yjeT
PPG85_18325	-0.0305	purA
PPG85_18330	-0.2222	nsrR
PPG85_18335	0.9543	rnr
PPG85_18340	0.1648	rlmB
PPG85_18345	1.2321	yjfI
PPG85_18350	0.0487	yjfJ
PPG85_18355	1.5443	yjfK
PPG85_18360	2.8208	yjfL
PPG85_18365	1.9275	yjfM
PPG85_18370	3.5287	yjfC
PPG85_18375	-0.591	aidB
PPG85_18380	0.4208	yjfN
PPG85_18385	-0.7146	bsmA
PPG85_18390	-0.3684	yjfP
PPG85_18395	-0.5908	ulaR
PPG85_18400	0.577	ulaG
PPG85_18405	-0.1031	ulaA
PPG85_18410	-1.1892	ulaB
PPG85_18415	0.6172	ulaC
PPG85_18425	-0.5058	ulaE
PPG85_18430	0.3041	ulaF
PPG85_18435	4.317	yjfY
PPG85_18440	-0.5549	rpsF
PPG85_18445	-0.5535	priB
PPG85_18450	0.6524	rpsR
PPG85_18455	-0.4924	rplI
PPG85_18460	0.2253	yjfZ
PPG85_18470	-0.3368	ytfB
PPG85_18480	-0.4104	cycA
PPG85_18485	-0.0826	ytfE
PPG85_18490	-0.049	ytfF
PPG85_18495	-0.2198	qorB
PPG85_18500	0.9905	ytfH
PPG85_18505	-0.2474	cpdB
PPG85_18510	0.6294	cysQ
PPG85_18515	1.0657	ytfI
PPG85_18520	0.9423	ytfJ
PPG85_18525	0.3549	ytfK
PPG85_18535	0.907	msrA
PPG85_18540	-0.1225	tamA
PPG85_18545	-0.4776	tamB
PPG85_18550	0.6275	ytfP
PPG85_18555	-0.0077	chpS
PPG85_18560	-1.4629	chpB
PPG85_18565	0.4051	ppa
PPG85_18570	0.1442	ytfQ
PPG85_18575	-1.1949	ytfR
PPG85_18580	0.4756	ytfT
PPG85_18585	-1.114	yjfF
PPG85_18590	0.1208	fbp
PPG85_18595	0.2611	mpl
PPG85_18600	-0.1265	yjgA
PPG85_18605	0.0472	pmbA
PPG85_18615	-1.0356	nrdG
PPG85_18620	0.3042	nrdD
PPG85_18625	0.0958	treC
PPG85_18630	0.3323	treB
PPG85_18635	0.0714	treR
PPG85_18640	0.8647	mgtL
PPG85_18645	-0.3092	mgtA
PPG85_18650	0.3344	ridA
PPG85_18655	0.9005	pyrI
PPG85_18660	0.2885	pyrB
PPG85_18665	-1.5982	pyrL
PPG85_18670	0.0878	yjgH
PPG85_18675	0.3612	bdcA
PPG85_18680	-0.1365	bdcR
PPG85_18685	0.9843	tabA
PPG85_18690	0.0913	yjgL
PPG85_18700	0.6904	rraB
PPG85_18705	0.3226	yjgM
PPG85_18710	1.1631	yjgN
PPG85_18715	-0.5192	valS
PPG85_18720	0.0881	holC
PPG85_18725	-0.6972	pepA
PPG85_18735	-0.7943	lptF
PPG85_18740	-0.12	lptG
PPG85_18745	0.4224	yjgR
PPG85_18750	0.321	idnR
PPG85_18755	-0.099	idnT
PPG85_18760	0.1152	idnO
PPG85_18765	-0.0339	idnD
PPG85_18770	0.2552	idnK
PPG85_18775	0.0437	ahr
PPG85_18785	-0.2164	gntP
PPG85_18790	0.1916	uxuA
PPG85_18795	-0.3633	uxuB
PPG85_18800	-0.0015	uxuR
PPG85_18805	0.1818	opgB
PPG85_18810	0.9682	yjjA
PPG85_18815	-0.6307	dnaC
PPG85_18820	0.9069	dnaT
PPG85_18825	0.6194	yjjB
PPG85_18830	0.0972	yjjP
PPG85_18835	0.085	yjjQ
PPG85_18840	2.1135	bglJ
PPG85_18845	-0.1534	fhuF
PPG85_18850	-0.0513	yjjZ
PPG85_18870	0.3405	rsmC
PPG85_18875	-0.7875	holD
PPG85_18880	0.0322	rimI
PPG85_18885	0.2867	yjjG
PPG85_18890	0.0756	prfC
PPG85_18895	0.672	osmY
PPG85_18900	0.7955	ytjA
PPG85_18905	-0.3692	yjjU
PPG85_18910	0.2863	yjjV
PPG85_18915	-0.7644	yjjW
PPG85_18920	0.9976	yjjI
PPG85_18925	0.338	deoC
PPG85_18930	-0.3776	deoA
PPG85_18935	0.1327	deoB
PPG85_18940	0.3074	deoD
PPG85_18945	-0.7294	yjjJ
PPG85_18950	0.0003	lplA
PPG85_18955	-0.4233	ytjB
PPG85_18960	-0.4446	serB
PPG85_18965	-0.0067	radA
PPG85_18970	-1.0994	nadR
PPG85_18980	-0.1481	ettA
PPG85_18990	0.4014	trpR
PPG85_18995	-0.4185	yjjX
PPG85_19010	0.4787	creA
PPG85_19015	-0.3131	creB
PPG85_19020	0.213	creC
PPG85_19025	-1.6209	creD
PPG85_19030	-0.4459	arcA
PPG85_19035	-5.1637	yjjY
PPG85_19040	0.2905	yjtD
