locus_tag	abundance	source_gene_id
M744_RS00005	48.6190	Synpcc7942_0586
M744_RS00010	2164.8073	Synpcc7942_0585
M744_RS00020	757.3177	Synpcc7942_0583
M744_RS00025	24.4073	Synpcc7942_0582
M744_RS00030	33.7775	Synpcc7942_0581
M744_RS00035	545.2003	Synpcc7942_0580
M744_RS00040	848.7778	Synpcc7942_0579
M744_RS00045	2821.9185	Synpcc7942_0578
M744_RS00050	207.3514	Synpcc7942_0576
M744_RS00055	1764.9423	Synpcc7942_0575
M744_RS00060	211.8179	Synpcc7942_0574
M744_RS00065	138.1422	Synpcc7942_0573
M744_RS00075	95.7960	Synpcc7942_0572
M744_RS00080	331.7516	Synpcc7942_0571
M744_RS00085	454.5492	Synpcc7942_0570
M744_RS00090	5079.1497	Synpcc7942_0569
M744_RS00095	716.7696	Synpcc7942_0568
M744_RS00100	222.7101	Synpcc7942_0567
M744_RS00105	111.5883	Synpcc7942_0566
M744_RS00110	447.9718	Synpcc7942_0565
M744_RS00115	308.1443	Synpcc7942_0564
M744_RS00120	345.6438	Synpcc7942_0563
M744_RS00125	243.0759	Synpcc7942_0562
M744_RS00130	758.0120	Synpcc7942_0561
M744_RS00135	113.2414	Synpcc7942_0560
M744_RS00140	477.2507	Synpcc7942_0559
M744_RS00145	618.7686	Synpcc7942_0558
M744_RS00150	80.7961	Synpcc7942_0557
M744_RS00155	262.2953	Synpcc7942_0556
M744_RS00160	21.7027	Synpcc7942_0555
M744_RS00165	875.2026	Synpcc7942_0554
M744_RS00170	532.7568	Synpcc7942_0553
M744_RS00175	268.1789	Synpcc7942_0552
M744_RS00180	13007.0105	Synpcc7942_0551
M744_RS00185	48.4499	Synpcc7942_0550
M744_RS00190	441.4247	Synpcc7942_0549
M744_RS00195	987.5193	Synpcc7942_0548
M744_RS00200	11.1763	Synpcc7942_0547
M744_RS00205	374.1808	Synpcc7942_0546
M744_RS00210	315.2894	Synpcc7942_0545
M744_RS00215	69.6730	Synpcc7942_0544
M744_RS00220	183.6673	Synpcc7942_0543
M744_RS00225	225.3390	Synpcc7942_0542
M744_RS00235	111.0540	Synpcc7942_0541
M744_RS00240	94.0372	Synpcc7942_0540
M744_RS00245	39.9149	Synpcc7942_0539
M744_RS00250	9662.9297	Synpcc7942_0538
M744_RS00255	3297.5294	Synpcc7942_0537
M744_RS00260	936.5126	Synpcc7942_0536
M744_RS00265	31183.3768	Synpcc7942_0535
M744_RS00270	989.9398	Synpcc7942_0534
M744_RS00275	72.3054	Synpcc7942_0533
M744_RS00280	82.9771	Synpcc7942_0532
M744_RS00285	621.6823	Synpcc7942_0531
M744_RS00290	63.0135	Synpcc7942_0530
M744_RS00295	192.6484	Synpcc7942_0529
M744_RS00300	687.0059	Synpcc7942_0528
M744_RS00305	192.3823	Synpcc7942_0527
M744_RS00310	125.9557	Synpcc7942_0526
M744_RS00315	265.3270	Synpcc7942_0525
M744_RS00320	184.5674	Synpcc7942_0524
M744_RS00325	143.5970	Synpcc7942_0523
M744_RS00330	450.1584	Synpcc7942_0522
M744_RS00335	63.6669	Synpcc7942_0521
M744_RS00340	168.6931	Synpcc7942_0520
M744_RS00345	101.8223	Synpcc7942_0519
M744_RS00350	163.7289	Synpcc7942_0518
M744_RS00355	434.4529	Synpcc7942_0517
M744_RS00360	1342.8382	Synpcc7942_0516
M744_RS00365	72.4732	Synpcc7942_0515
M744_RS00370	848.8459	Synpcc7942_0514
M744_RS00375	260.4689	Synpcc7942_0513
M744_RS00380	516.0395	Synpcc7942_0512
M744_RS00385	1216.7657	Synpcc7942_0511
M744_RS00390	101.7702	Synpcc7942_0510
M744_RS00395	101.3685	Synpcc7942_0509
M744_RS00400	270.0753	Synpcc7942_0508
M744_RS00405	776.1853	Synpcc7942_0507
M744_RS00410	428.4005	Synpcc7942_0506
M744_RS00415	5662.5868	Synpcc7942_0505
M744_RS00420	1131.9876	Synpcc7942_0504
M744_RS00425	101.7252	Synpcc7942_0503
M744_RS00430	17.9859	Synpcc7942_0502
M744_RS00435	173.6736	Synpcc7942_0501
M744_RS00440	36.0441	Synpcc7942_0500
M744_RS00445	167.5927	Synpcc7942_0499
M744_RS00450	536.2415	Synpcc7942_0498
M744_RS00455	413.9207	Synpcc7942_0496
M744_RS00460	1035.8067	Synpcc7942_0495
M744_RS00465	315.9483	Synpcc7942_0494
M744_RS00470	121.2593	Synpcc7942_0493
M744_RS00475	101.9055	Synpcc7942_0492
M744_RS00485	695.0683	Synpcc7942_0490
M744_RS00490	471.4189	Synpcc7942_0489
M744_RS00495	896.3110	Synpcc7942_0488
M744_RS00500	378.3418	Synpcc7942_0487
M744_RS00505	292.9674	Synpcc7942_0486
M744_RS00510	453.7919	Synpcc7942_0485
M744_RS00515	428.5136	Synpcc7942_0484
M744_RS00520	378.5698	Synpcc7942_0483
M744_RS00525	1688.8059	Synpcc7942_0482
M744_RS00530	619.1093	Synpcc7942_0481
M744_RS00535	880.1324	Synpcc7942_0480
M744_RS00540	962.8663	Synpcc7942_0479
M744_RS00545	215.1884	Synpcc7942_0478
M744_RS00550	519.1726	Synpcc7942_0477
M744_RS00555	133.1972	Synpcc7942_0476
M744_RS00560	27.5883	Synpcc7942_0475
M744_RS00565	2381.1296	Synpcc7942_0473
M744_RS00570	55.7861	Synpcc7942_0472
M744_RS00575	346.2479	Synpcc7942_0471
M744_RS00590	3606.0726	Synpcc7942_0469
M744_RS00595	180.1513	Synpcc7942_0468
M744_RS00600	207.5779	Synpcc7942_0467
M744_RS00605	2132.6454	Synpcc7942_0466
M744_RS00610	569.9422	Synpcc7942_0465
M744_RS00615	3122.9514	Synpcc7942_0464
M744_RS00620	112.7676	Synpcc7942_0463
M744_RS00625	116.8637	Synpcc7942_0462
M744_RS00630	52.6363	Synpcc7942_0461
M744_RS00635	26.9313	Synpcc7942_0460
M744_RS00640	392.3409	Synpcc7942_0459
M744_RS00645	139.5632	Synpcc7942_0458
M744_RS00650	146.3272	Synpcc7942_0457
M744_RS00655	126.6697	Synpcc7942_0455
M744_RS00660	30.7005	Synpcc7942_0454
M744_RS00665	447.8445	Synpcc7942_0453
M744_RS00675	127.7055	Synpcc7942_0451
M744_RS00680	1765.7174	Synpcc7942_0450
M744_RS00685	518.3570	Synpcc7942_0449
M744_RS00690	1100.6701	Synpcc7942_0448
M744_RS00695	55.1073	Synpcc7942_0447
M744_RS00700	3387.0739	Synpcc7942_0446
M744_RS00705	115.7012	Synpcc7942_0445
M744_RS00710	397.2113	Synpcc7942_0444
M744_RS00715	810.8106	Synpcc7942_0443
M744_RS00720	49206.9937	Synpcc7942_0442
M744_RS00725	122.7200	Synpcc7942_0441
M744_RS00735	289.5225	Synpcc7942_0439
M744_RS00740	54.6683	Synpcc7942_0437
M744_RS00750	7.1589	Synpcc7942_0436
M744_RS00755	153.7972	Synpcc7942_0435
M744_RS00760	346.5101	Synpcc7942_0434
M744_RS00770	799.2912	Synpcc7942_0433
M744_RS00775	235.2553	Synpcc7942_0432
M744_RS00780	307.9119	Synpcc7942_0431
M744_RS00785	3998.1978	Synpcc7942_0430
M744_RS00790	2005.7460	Synpcc7942_0429
M744_RS00795	562.0558	Synpcc7942_0428
M744_RS00800	209.4524	Synpcc7942_0427
M744_RS00805	114.5063	Synpcc7942_0426
M744_RS00810	1670.4095	Synpcc7942_0425
M744_RS00815	127823.1243	Synpcc7942_0424
M744_RS00820	943.8683	Synpcc7942_0423
M744_RS00825	805.1550	Synpcc7942_0422
M744_RS00830	131.3419	Synpcc7942_0421
M744_RS00835	331.5840	Synpcc7942_0420
M744_RS00840	291.1340	Synpcc7942_0419
M744_RS00845	65265.6119	Synpcc7942_0418
M744_RS00850	18499.9365	Synpcc7942_0417
M744_RS00855	12433.0657	Synpcc7942_0416
M744_RS00860	3808.7016	Synpcc7942_0415
M744_RS00865	218.3901	Synpcc7942_0414
M744_RS00880	175.9686	Synpcc7942_0412
M744_RS00885	303.6287	Synpcc7942_0411
M744_RS00890	103.8260	Synpcc7942_0410
M744_RS00895	81.8472	Synpcc7942_0409
M744_RS00900	69.7685	Synpcc7942_0408
M744_RS00905	3123.1114	Synpcc7942_0407
M744_RS00910	122.6747	Synpcc7942_0406
M744_RS00915	173.9684	Synpcc7942_0405
M744_RS00920	503.9879	Synpcc7942_0404
M744_RS00925	92.4581	Synpcc7942_0403
M744_RS00930	151.7764	Synpcc7942_0402
M744_RS00935	361.4934	Synpcc7942_0401
M744_RS00940	435.8517	Synpcc7942_0400
M744_RS00945	272.8290	Synpcc7942_0399
M744_RS00950	1121.0985	Synpcc7942_0398
M744_RS00955	131.2378	Synpcc7942_0397
M744_RS00960	459.3561	Synpcc7942_0396
M744_RS00965	780.0367	Synpcc7942_0395
M744_RS00970	187.3917	Synpcc7942_0394
M744_RS00975	96.8495	Synpcc7942_0393
M744_RS00980	122.8949	Synpcc7942_0392
M744_RS00985	786.3831	Synpcc7942_0391
M744_RS00990	188.5258	Synpcc7942_0390
M744_RS00995	99.3310	Synpcc7942_0389
M744_RS01000	92.7152	Synpcc7942_0388
M744_RS01005	228.1123	Synpcc7942_0387
M744_RS01010	903.7670	Synpcc7942_0386
M744_RS01015	8810.7238	Synpcc7942_0385
M744_RS01020	50.2891	Synpcc7942_0384
M744_RS01025	580.8973	Synpcc7942_0383
M744_RS01030	1664.8019	Synpcc7942_0382
M744_RS01035	1521.3264	Synpcc7942_0381
M744_RS01045	547.5945	Synpcc7942_0380
M744_RS01050	222.3037	Synpcc7942_0379
M744_RS01055	601.8260	Synpcc7942_0378
M744_RS01060	1684.8477	Synpcc7942_0377
M744_RS01065	383.8779	Synpcc7942_0376
M744_RS01070	322.0032	Synpcc7942_0375
M744_RS01075	100.7714	Synpcc7942_0374
M744_RS01080	127.0162	Synpcc7942_0373
M744_RS01090	28.3586	Synpcc7942_0371
M744_RS01095	179.2845	Synpcc7942_0370
M744_RS01100	159.9481	Synpcc7942_0369
M744_RS01105	87.5748	Synpcc7942_0368
M744_RS01110	224.3225	Synpcc7942_0367
M744_RS01115	592.6952	Synpcc7942_0366
M744_RS01120	545.9019	Synpcc7942_0365
M744_RS01125	100.5337	Synpcc7942_0364
M744_RS01130	92.7459	Synpcc7942_0363
M744_RS01135	337.6110	Synpcc7942_0362
M744_RS01140	4779.3693	Synpcc7942_0361
M744_RS01145	556.4013	Synpcc7942_0360
M744_RS01150	225.5292	Synpcc7942_0359
M744_RS01155	30.0126	Synpcc7942_0358
M744_RS01160	411.7759	Synpcc7942_0357
M744_RS01170	255.5096	Synpcc7942_0356
M744_RS01175	405.0160	Synpcc7942_0355
M744_RS01180	179.9441	Synpcc7942_0354
M744_RS01185	251.0379	Synpcc7942_0353
M744_RS01190	317.0451	Synpcc7942_0352
M744_RS01195	266.9496	Synpcc7942_0351
M744_RS01200	140.5025	Synpcc7942_0350
M744_RS01205	355.9702	Synpcc7942_0349
M744_RS01210	873.4134	Synpcc7942_0348
M744_RS01215	270.8090	Synpcc7942_0346
M744_RS01220	114.2049	Synpcc7942_0345
M744_RS01225	772.5251	Synpcc7942_0344
M744_RS01230	1476.1263	Synpcc7942_0343
M744_RS01235	171.4722	Synpcc7942_0342
M744_RS01240	121.4361	Synpcc7942_0341
M744_RS01245	149.3125	Synpcc7942_0340
M744_RS01250	210.2967	Synpcc7942_0339
M744_RS01260	326.1606	Synpcc7942_0338
M744_RS01265	3356.3780	Synpcc7942_0337
M744_RS01275	2095.7543	Synpcc7942_0335
M744_RS01280	3083.7914	Synpcc7942_0334
M744_RS01285	4156.0604	Synpcc7942_0333
M744_RS01290	9062.6282	Synpcc7942_0332
M744_RS01295	16856.2530	Synpcc7942_0331
M744_RS01300	10455.3458	Synpcc7942_0330
M744_RS01305	158.4105	Synpcc7942_0329
M744_RS01310	25490.0943	Synpcc7942_0328
M744_RS01315	34058.5725	Synpcc7942_0327
M744_RS01320	37127.8494	Synpcc7942_0326
M744_RS01325	23434.3981	Synpcc7942_0325
M744_RS01330	930.4438	Synpcc7942_0324
M744_RS01335	385.5185	Synpcc7942_0323
M744_RS01340	428.6414	Synpcc7942_0322
M744_RS01345	7116.6146	Synpcc7942_0321
M744_RS01350	104.9163	Synpcc7942_0320
M744_RS01355	214.6142	Synpcc7942_0319
M744_RS01360	560.5748	Synpcc7942_0318
M744_RS01365	354.6899	Synpcc7942_0317
M744_RS01370	3542.7298	Synpcc7942_0316
M744_RS01375	2758.6341	Synpcc7942_0315
M744_RS01380	74.6512	Synpcc7942_0314
M744_RS01385	331.9963	Synpcc7942_0313
M744_RS01390	211.0191	Synpcc7942_0312
M744_RS01395	96.9677	Synpcc7942_0311
M744_RS01400	99.4463	Synpcc7942_0310
M744_RS01405	1356.8937	Synpcc7942_0309
M744_RS01410	658.0913	Synpcc7942_0308
M744_RS01415	401.7987	Synpcc7942_0307
M744_RS01425	301.5550	Synpcc7942_0305
M744_RS01430	369.3847	Synpcc7942_0304
M744_RS01435	49.0713	Synpcc7942_0303
M744_RS01440	50.0710	Synpcc7942_0302
M744_RS01445	1056.4502	Synpcc7942_0301
M744_RS01450	614.8369	Synpcc7942_0300
M744_RS01455	105.2991	Synpcc7942_0299
M744_RS01460	92.8111	Synpcc7942_0298
M744_RS01465	9063.5148	Synpcc7942_0297
M744_RS01470	921.7652	Synpcc7942_0296
M744_RS01475	1671.8051	Synpcc7942_0295
M744_RS01480	11462.8692	Synpcc7942_0294
M744_RS01485	74.2089	Synpcc7942_0293
M744_RS01490	193.7108	Synpcc7942_0292
M744_RS01495	279.6230	Synpcc7942_0291
M744_RS01505	227.6291	Synpcc7942_0290
M744_RS01510	4871.7648	Synpcc7942_0289
M744_RS01515	479.0731	Synpcc7942_0288
M744_RS01525	148.8672	Synpcc7942_0286
M744_RS01530	933.5573	Synpcc7942_0285
M744_RS01535	628.5638	Synpcc7942_0284
M744_RS01540	92.9810	Synpcc7942_0283
M744_RS01545	1940.0931	Synpcc7942_0282
M744_RS01550	374.6222	Synpcc7942_0281
M744_RS01555	208.1151	Synpcc7942_0280
M744_RS01560	225.5297	Synpcc7942_0279
M744_RS01565	41.2355	Synpcc7942_0278
M744_RS01570	286.4326	Synpcc7942_0277
M744_RS01575	809.6004	Synpcc7942_0276
M744_RS01580	122.4606	Synpcc7942_0275
M744_RS01585	65.4285	Synpcc7942_0274
M744_RS01590	86.5121	Synpcc7942_0273
M744_RS01595	191.3811	Synpcc7942_0272
M744_RS01600	126.3566	Synpcc7942_0271
M744_RS01605	381.8223	Synpcc7942_0270
M744_RS01610	204.9033	Synpcc7942_0269
M744_RS01615	64.3940	Synpcc7942_0268
M744_RS01620	1317.0803	Synpcc7942_0267
M744_RS01625	125.1307	Synpcc7942_0266
M744_RS01630	175.0179	Synpcc7942_0265
M744_RS01635	289.1577	Synpcc7942_0264
M744_RS01640	297.3450	Synpcc7942_0263
M744_RS01645	1757.4747	Synpcc7942_0262
M744_RS01650	162.6900	Synpcc7942_0261
M744_RS01655	26778.7863	Synpcc7942_0260
M744_RS01660	2350.1828	Synpcc7942_0259
M744_RS01665	156.2280	Synpcc7942_0258
M744_RS01670	110.7288	Synpcc7942_0257
M744_RS01680	723.9297	Synpcc7942_0255
M744_RS01685	3148.2325	Synpcc7942_0254
M744_RS01690	1086.2017	Synpcc7942_0253
M744_RS01695	1356.5093	Synpcc7942_0252
M744_RS01700	44.1597	Synpcc7942_0251
M744_RS01705	67.2736	Synpcc7942_0250
M744_RS01710	175.3695	Synpcc7942_0249
M744_RS01715	286.4618	Synpcc7942_0248
M744_RS01720	263.9114	Synpcc7942_0247
M744_RS01725	514.7888	Synpcc7942_0246
M744_RS01730	385.3866	Synpcc7942_0245
M744_RS01735	1134.6466	Synpcc7942_0244
M744_RS01740	1060.0430	Synpcc7942_0243
M744_RS01745	940.9362	Synpcc7942_0242
M744_RS01755	225.2928	Synpcc7942_0241
M744_RS01760	4186.5670	Synpcc7942_0240
M744_RS01765	175.6164	Synpcc7942_0239
M744_RS01770	264.0478	Synpcc7942_0238
M744_RS01775	79.5661	Synpcc7942_0237
M744_RS01780	594.4016	Synpcc7942_0236
M744_RS01785	153.6861	Synpcc7942_0235
M744_RS01790	166.1618	Synpcc7942_0234
M744_RS01795	528.8623	Synpcc7942_0233
M744_RS01800	296.3553	Synpcc7942_0232
M744_RS01805	27.1456	Synpcc7942_0231
M744_RS01810	178.3046	Synpcc7942_0230
M744_RS01815	214.3723	Synpcc7942_0229
M744_RS01820	131.7008	Synpcc7942_0228
M744_RS01825	687.1181	Synpcc7942_0227
M744_RS01830	682.7548	Synpcc7942_0226
M744_RS01835	9327.1332	Synpcc7942_0225
M744_RS01840	256.0289	Synpcc7942_0224
M744_RS01845	677.6027	Synpcc7942_0223
M744_RS01850	105.5799	Synpcc7942_0222
M744_RS01855	365.9883	Synpcc7942_0221
M744_RS01860	203.2501	Synpcc7942_0220
M744_RS01865	92.1790	Synpcc7942_0219
M744_RS01870	169.4872	Synpcc7942_0218
M744_RS01880	421.6319	Synpcc7942_0217
M744_RS01885	188.5746	Synpcc7942_0216
M744_RS01890	2795.5148	Synpcc7942_0215
M744_RS01895	298.8412	Synpcc7942_0214
M744_RS01900	74.8598	Synpcc7942_0213
M744_RS01905	478.9882	Synpcc7942_0212
M744_RS01910	158.0215	Synpcc7942_0211
M744_RS01915	59.2840	Synpcc7942_0210
M744_RS01920	121.0901	Synpcc7942_0209
M744_RS01925	331.8856	Synpcc7942_0208
M744_RS01935	59.0418	Synpcc7942_0206
M744_RS01940	215.8877	Synpcc7942_0205
M744_RS01950	83.4124	Synpcc7942_0203
M744_RS01955	223.9929	Synpcc7942_0202
M744_RS01960	79.9206	Synpcc7942_0201
M744_RS01965	70.3635	Synpcc7942_0200
M744_RS01970	123.4343	Synpcc7942_0199
M744_RS01975	280.2289	Synpcc7942_0198
M744_RS01980	537.9456	Synpcc7942_0197
M744_RS01985	250.8435	Synpcc7942_0196
M744_RS01990	1202.1795	Synpcc7942_0195
M744_RS01995	903.2698	Synpcc7942_0194
M744_RS02005	589.9794	Synpcc7942_0192
M744_RS02010	1342.9458	Synpcc7942_0191
M744_RS02015	58.7879	Synpcc7942_0190
M744_RS02020	2991.9280	Synpcc7942_0189
M744_RS02025	328.4172	Synpcc7942_0188
M744_RS02030	223.2049	Synpcc7942_0187
M744_RS02035	19.2771	Synpcc7942_0186
M744_RS02040	170.4626	Synpcc7942_0185
M744_RS02045	117.1928	Synpcc7942_0184
M744_RS02050	43.6270	Synpcc7942_0183
M744_RS02055	27.4751	Synpcc7942_0182
M744_RS02060	628.1413	Synpcc7942_0181
M744_RS02065	208.7560	Synpcc7942_0180
M744_RS02070	34.4949	Synpcc7942_0179
M744_RS02075	215.3840	Synpcc7942_0178
M744_RS02080	149.4108	Synpcc7942_0177
M744_RS02090	69.5574	Synpcc7942_0175
M744_RS02095	81.8221	Synpcc7942_0174
M744_RS02100	45.7698	Synpcc7942_0173
M744_RS02105	84.5990	Synpcc7942_0172
M744_RS02110	282.3182	Synpcc7942_0171
M744_RS02115	132.3614	Synpcc7942_0170
M744_RS02120	2568.6405	Synpcc7942_0169
M744_RS02125	1678.3935	Synpcc7942_0168
M744_RS02130	330.9631	Synpcc7942_0167
M744_RS02140	539.8939	Synpcc7942_0166
M744_RS02145	188.2191	Synpcc7942_0165
M744_RS02150	499.1455	Synpcc7942_0164
M744_RS02155	549.4344	Synpcc7942_0163
M744_RS02160	331.7147	Synpcc7942_0162
M744_RS02165	303.4659	Synpcc7942_0161
M744_RS02170	126.9995	Synpcc7942_0160
M744_RS02175	19.7217	Synpcc7942_0159
M744_RS02180	2382.4939	Synpcc7942_0158
M744_RS02185	1575.4276	Synpcc7942_0157
M744_RS02190	1435.7721	Synpcc7942_0156
M744_RS02195	28.0456	Synpcc7942_0155
M744_RS02200	127.0751	Synpcc7942_0154
M744_RS02205	322.7353	Synpcc7942_0153
M744_RS02210	630.3342	Synpcc7942_0152
M744_RS02215	615.7239	Synpcc7942_0151
M744_RS02220	121.4067	Synpcc7942_0150
M744_RS02225	54.1727	Synpcc7942_0149
M744_RS02230	355.0296	Synpcc7942_0148
M744_RS02235	294.0321	Synpcc7942_0147
M744_RS02240	147.5510	Synpcc7942_0146
M744_RS02245	69.3746	Synpcc7942_0145
M744_RS02250	157.3519	Synpcc7942_0144
M744_RS02255	1475.2650	Synpcc7942_0143
M744_RS02260	1366.5991	Synpcc7942_0142
M744_RS02265	692.7832	Synpcc7942_0141
M744_RS02275	9378.5130	Synpcc7942_0139
M744_RS02280	324.0893	Synpcc7942_0138
M744_RS02285	1946.3765	Synpcc7942_0137
M744_RS02290	82.5037	Synpcc7942_0136
M744_RS02295	48.9746	Synpcc7942_0135
M744_RS02300	463.1107	Synpcc7942_0134
M744_RS02305	345.6923	Synpcc7942_0133
M744_RS02310	69.6132	Synpcc7942_0132
M744_RS02315	441.8756	Synpcc7942_0131
M744_RS02320	377.1037	Synpcc7942_0130
M744_RS02325	43.6844	Synpcc7942_0129
M744_RS02330	488.0397	Synpcc7942_0128
M744_RS02335	419.1624	Synpcc7942_0127
M744_RS02345	775.4812	Synpcc7942_0125
M744_RS02350	188.6116	Synpcc7942_0124
M744_RS02360	189.8136	Synpcc7942_0122
M744_RS02370	77.6395	Synpcc7942_0121
M744_RS02375	49.6923	Synpcc7942_0120
M744_RS02380	18.5193	Synpcc7942_0119
M744_RS02385	2819.4525	Synpcc7942_0118
M744_RS02390	83.0012	Synpcc7942_0116
M744_RS02395	22.0698	Synpcc7942_0115
M744_RS02400	1055.1257	Synpcc7942_0114
M744_RS02405	56.3825	Synpcc7942_0113
M744_RS02410	73.5238	Synpcc7942_0112
M744_RS02415	197.7537	Synpcc7942_0111
M744_RS02420	159.3373	Synpcc7942_0110
M744_RS02425	334.9467	Synpcc7942_0109
M744_RS02430	27.7088	Synpcc7942_0108
M744_RS02435	489.7270	Synpcc7942_0107
M744_RS02440	61.8389	Synpcc7942_0106
M744_RS02445	281.8177	Synpcc7942_0105
M744_RS02450	187.9045	Synpcc7942_0104
M744_RS02455	31.3147	Synpcc7942_0103
M744_RS02460	428.9019	Synpcc7942_0102
M744_RS02465	1606.1472	Synpcc7942_0101
M744_RS02470	164.2695	Synpcc7942_0100
M744_RS02475	175.1986	Synpcc7942_0099
M744_RS02480	2120.7917	Synpcc7942_0098
M744_RS02485	279.7969	Synpcc7942_0097
M744_RS02490	414.7983	Synpcc7942_0096
M744_RS02505	18.0678	Synpcc7942_0094
M744_RS02510	138.1299	Synpcc7942_0093
M744_RS02515	276.4104	Synpcc7942_0092
M744_RS02520	94.1397	Synpcc7942_0091
M744_RS02525	567.8702	Synpcc7942_0090
M744_RS02530	578.0884	Synpcc7942_0089
M744_RS02545	257.6097	Synpcc7942_0088
M744_RS02550	568.7274	Synpcc7942_0087
M744_RS02555	807.3460	Synpcc7942_0086
M744_RS02560	38.6558	Synpcc7942_0085
M744_RS02565	458.2136	Synpcc7942_0084
M744_RS02570	78.2436	Synpcc7942_0083
M744_RS02575	936.9878	Synpcc7942_0082
M744_RS02580	235.8871	Synpcc7942_0081
M744_RS02585	412.0018	Synpcc7942_0080
M744_RS02590	829.2488	Synpcc7942_0079
M744_RS02595	162.7097	Synpcc7942_0078
M744_RS02600	254.2368	Synpcc7942_0077
M744_RS02605	223.2054	Synpcc7942_0076
M744_RS02610	1189.5712	Synpcc7942_0075
M744_RS02615	5.0088	Synpcc7942_0074
M744_RS02620	521.7357	Synpcc7942_0073
M744_RS02625	83.8796	Synpcc7942_0072
M744_RS02630	313.4748	Synpcc7942_0071
M744_RS02635	32.0711	Synpcc7942_0070
M744_RS02640	85.7275	Synpcc7942_0069
M744_RS02645	133.3284	Synpcc7942_0068
M744_RS02650	79.5863	Synpcc7942_0067
M744_RS02655	186.7257	Synpcc7942_0066
M744_RS02660	1885.8597	Synpcc7942_0065
M744_RS02665	7.0915	Synpcc7942_0063
M744_RS02670	244.3265	Synpcc7942_0062
M744_RS02675	152.5325	Synpcc7942_0061
M744_RS02685	146.7292	Synpcc7942_0059
M744_RS02690	122.2289	Synpcc7942_0058
M744_RS02695	277.6323	Synpcc7942_0057
M744_RS02700	220.4393	Synpcc7942_0056
M744_RS02710	336.1899	Synpcc7942_0054
M744_RS02715	332.9637	Synpcc7942_0053
M744_RS02720	223.2695	Synpcc7942_0052
M744_RS02725	793.0152	Synpcc7942_0051
M744_RS02730	1710.0504	Synpcc7942_0050
M744_RS02745	797.3803	Synpcc7942_0047
M744_RS02750	1708.4950	Synpcc7942_0046
M744_RS02755	95.8113	Synpcc7942_0045
M744_RS02760	240.6701	Synpcc7942_0044
M744_RS02765	44.5813	Synpcc7942_0043
M744_RS02770	2989.5295	Synpcc7942_0042
M744_RS02775	207.2577	Synpcc7942_0041
M744_RS02780	163.1832	Synpcc7942_0040
M744_RS02785	799.4795	Synpcc7942_0039
M744_RS02790	110.8025	Synpcc7942_0038
M744_RS02795	41.7428	Synpcc7942_0037
M744_RS02800	89.3684	Synpcc7942_0036
M744_RS02805	70.5065	Synpcc7942_0035
M744_RS02815	52.9138	Synpcc7942_0032
M744_RS02820	127.7150	Synpcc7942_0031
M744_RS02825	84.4018	Synpcc7942_0030
M744_RS02830	23.4018	Synpcc7942_0029
M744_RS02835	31.4977	Synpcc7942_0028
M744_RS02845	187.8271	Synpcc7942_0026
M744_RS02850	415.5574	Synpcc7942_0025
M744_RS02855	192.8668	Synpcc7942_0024
M744_RS02860	352.6763	Synpcc7942_0023
M744_RS02865	315.3715	Synpcc7942_0022
M744_RS02870	55.8077	Synpcc7942_0021
M744_RS02875	36.7967	Synpcc7942_0020
M744_RS02880	479.4134	Synpcc7942_0019
M744_RS02885	712.0430	Synpcc7942_0018
M744_RS02890	19.4047	Synpcc7942_0017
M744_RS02895	144.0635	Synpcc7942_0016
M744_RS02905	34.9274	Synpcc7942_0015
M744_RS02910	140.2331	Synpcc7942_0014
M744_RS02915	4269.8644	Synpcc7942_0013
M744_RS02920	1101.6219	Synpcc7942_0012
M744_RS02925	178.1111	Synpcc7942_0011
M744_RS02930	459.8507	Synpcc7942_0010
M744_RS02935	944.2722	Synpcc7942_0009
M744_RS02940	87.4465	Synpcc7942_0008
M744_RS02945	86.0342	Synpcc7942_0007
M744_RS02950	23.5695	Synpcc7942_0006
M744_RS02955	77.8052	Synpcc7942_0005
M744_RS02960	3046.9334	Synpcc7942_0004
M744_RS02965	1840.0491	Synpcc7942_0003
M744_RS02970	257.3840	Synpcc7942_0002
M744_RS02975	979.1868	Synpcc7942_0001
M744_RS02980	115.3435	Synpcc7942_2613
M744_RS02985	1158.6793	Synpcc7942_2612
M744_RS02990	60.7640	Synpcc7942_2611
M744_RS02995	142.0589	Synpcc7942_2610
M744_RS03000	664.3823	Synpcc7942_2609
M744_RS03005	1192.2206	Synpcc7942_2608
M744_RS03010	82.5157	Synpcc7942_2607
M744_RS03015	1168.5450	Synpcc7942_2606
M744_RS03020	1575.2974	Synpcc7942_2605
M744_RS03025	181.8243	Synpcc7942_2604
M744_RS03030	385.5371	Synpcc7942_2603
M744_RS03035	659.0215	Synpcc7942_2602
M744_RS03040	211.6790	Synpcc7942_2601
M744_RS03045	190.0474	Synpcc7942_2600
M744_RS03050	39.0325	Synpcc7942_2599
M744_RS03055	173.3899	Synpcc7942_2598
M744_RS03060	122.0205	Synpcc7942_2597
M744_RS03065	1326.2049	Synpcc7942_2596
M744_RS03070	593.4220	Synpcc7942_2595
M744_RS03075	324.8685	Synpcc7942_2594
M744_RS03085	2995.1362	Synpcc7942_2593
M744_RS03090	77.4962	Synpcc7942_2592
M744_RS03095	210.1174	Synpcc7942_2591
M744_RS03100	225.0276	Synpcc7942_2590
M744_RS03105	489.8084	Synpcc7942_2589
M744_RS03110	317.5549	Synpcc7942_2588
M744_RS03115	58.1169	Synpcc7942_2587
M744_RS03120	48.7861	Synpcc7942_2586
M744_RS03125	36.4276	Synpcc7942_2585
M744_RS03130	154.3155	Synpcc7942_2584
M744_RS03135	1272.0744	Synpcc7942_2583
M744_RS03140	141.4635	Synpcc7942_2582
M744_RS03145	116.2178	Synpcc7942_2581
M744_RS03155	1409.0189	Synpcc7942_2580
M744_RS03160	248.1810	Synpcc7942_2579
M744_RS03165	149.8627	Synpcc7942_2578
M744_RS03170	170.7061	Synpcc7942_2577
M744_RS03175	295.2642	Synpcc7942_2576
M744_RS03205	30.0558	Synpcc7942_2575
M744_RS03215	68.2448	Synpcc7942_2573
M744_RS03220	408.6107	Synpcc7942_2572
M744_RS03225	780.7414	Synpcc7942_2571
M744_RS03230	288.2037	Synpcc7942_2570
M744_RS03235	256.3699	Synpcc7942_2569
M744_RS03240	106.5859	Synpcc7942_2568
M744_RS03245	59.2813	Synpcc7942_2567
M744_RS03255	559.7656	Synpcc7942_2565
M744_RS03260	464.7691	Synpcc7942_2564
M744_RS03265	375.5166	Synpcc7942_2563
M744_RS03270	169.4517	Synpcc7942_2562
M744_RS03275	3262.8670	Synpcc7942_2561
M744_RS03280	60.2454	Synpcc7942_2560
M744_RS03285	2518.9652	Synpcc7942_2559
M744_RS03290	60.3763	Synpcc7942_2558
M744_RS03295	69.3697	Synpcc7942_2557
M744_RS03300	51.6050	Synpcc7942_2556
M744_RS03305	125.4719	Synpcc7942_2555
M744_RS03310	389.4033	Synpcc7942_2554
M744_RS03315	60.2135	Synpcc7942_2553
M744_RS03320	111.0666	Synpcc7942_2552
M744_RS03325	88.5066	Synpcc7942_2551
M744_RS03335	52.7235	Synpcc7942_2550
M744_RS03340	13.2893	Synpcc7942_2549
M744_RS03345	609.5931	Synpcc7942_2548
M744_RS03350	697.1972	Synpcc7942_2547
M744_RS03355	78.0111	Synpcc7942_2546
M744_RS03360	427.3899	Synpcc7942_2545
M744_RS03365	23.0265	Synpcc7942_2544
M744_RS03370	181.1253	Synpcc7942_2543
M744_RS03375	66.5725	Synpcc7942_2542
M744_RS03390	1800.4586	Synpcc7942_2541
M744_RS03395	189.8812	Synpcc7942_2540
M744_RS03400	106.3329	Synpcc7942_2539
M744_RS03405	761.5580	Synpcc7942_2538
M744_RS03410	797.3821	Synpcc7942_2537
M744_RS03415	293.5330	Synpcc7942_2536
M744_RS03420	947.4451	Synpcc7942_2535
M744_RS03425	691.4952	Synpcc7942_2534
M744_RS03430	78.2267	Synpcc7942_2533
M744_RS03435	342.4035	Synpcc7942_2532
M744_RS03440	2151.4756	Synpcc7942_2531
M744_RS03445	1548.3705	Synpcc7942_2530
M744_RS03450	427.6916	Synpcc7942_2529
M744_RS03455	48.3236	Synpcc7942_2528
M744_RS03460	91.6548	Synpcc7942_2527
M744_RS03465	2511.4526	Synpcc7942_2526
M744_RS03470	1005.7666	Synpcc7942_2525
M744_RS03475	1259.4428	Synpcc7942_2524
M744_RS03485	113.8402	Synpcc7942_2522
M744_RS03490	512.6833	Synpcc7942_2521
M744_RS03495	75.5053	Synpcc7942_2520
M744_RS03500	628.7430	Synpcc7942_2519
M744_RS03505	642.8520	Synpcc7942_2518
M744_RS03510	372.1255	Synpcc7942_2517
M744_RS03515	87.7747	Synpcc7942_2516
M744_RS03525	210.5465	Synpcc7942_2515
M744_RS03530	181.0915	Synpcc7942_2514
M744_RS03535	635.6879	Synpcc7942_2513
M744_RS03545	817.9267	Synpcc7942_2512
M744_RS03550	101.8469	Synpcc7942_2511
M744_RS03555	391.8492	Synpcc7942_2510
M744_RS03560	252.4177	Synpcc7942_2509
M744_RS03565	204.9298	Synpcc7942_2508
M744_RS03575	1515.7874	Synpcc7942_2506
M744_RS03580	20.5079	Synpcc7942_2505
M744_RS03585	116.0175	Synpcc7942_2504
M744_RS03590	6708.5034	Synpcc7942_2503
M744_RS03595	329.0802	Synpcc7942_2502
M744_RS03600	2394.7882	Synpcc7942_2501
M744_RS03605	630.1759	Synpcc7942_2500
M744_RS03610	1283.0869	Synpcc7942_2499
M744_RS03615	1461.1832	Synpcc7942_2498
M744_RS03620	1305.6415	Synpcc7942_2497
M744_RS03625	1243.2944	Synpcc7942_2496
M744_RS03630	163.6163	Synpcc7942_2495
M744_RS03635	200.1215	Synpcc7942_2494
M744_RS03640	99.8316	Synpcc7942_2493
M744_RS03650	1251.5227	Synpcc7942_2491
M744_RS03655	40.2817	Synpcc7942_2490
M744_RS03665	431.0235	Synpcc7942_2488
M744_RS03670	415.1935	Synpcc7942_2487
M744_RS03675	554.6027	Synpcc7942_2484
M744_RS03680	13048.1283	Synpcc7942_2483
M744_RS03690	651.3568	Synpcc7942_2480
M744_RS03700	502.2706	Synpcc7942_2478
M744_RS03705	873.8226	Synpcc7942_2477
M744_RS03710	553.3404	Synpcc7942_2476
M744_RS03715	442.8065	Synpcc7942_2475
M744_RS03725	1006.9284	Synpcc7942_2472
M744_RS03730	327.6691	Synpcc7942_2471
M744_RS03735	364.0987	Synpcc7942_2470
M744_RS03740	631.3642	Synpcc7942_2469
M744_RS03745	13305.2399	Synpcc7942_2468
M744_RS03750	125.6004	Synpcc7942_2467
M744_RS03755	289.0047	Synpcc7942_2466
M744_RS03765	833.6618	Synpcc7942_2465
M744_RS03770	192.3556	Synpcc7942_2464
M744_RS03775	2181.8115	Synpcc7942_2463
M744_RS03780	54.4646	Synpcc7942_2462
M744_RS03785	123.3431	Synpcc7942_2461
M744_RS03790	895.1475	Synpcc7942_2460
M744_RS03795	377.3902	Synpcc7942_2459
M744_RS03805	233.6898	Synpcc7942_2458
M744_RS03810	190.3518	Synpcc7942_2457
M744_RS03815	369.3433	Synpcc7942_2456
M744_RS03835	1364.0816	Synpcc7942_2453
M744_RS03850	1872.3640	Synpcc7942_2451
M744_RS03855	4741.1096	Synpcc7942_2450
M744_RS03860	2325.9160	Synpcc7942_2449
M744_RS03865	1191.2053	Synpcc7942_2448
M744_RS03870	293.1204	Synpcc7942_2447
M744_RS03875	2279.9114	Synpcc7942_2446
M744_RS03880	6508.5656	Synpcc7942_2445
M744_RS03885	2353.1070	Synpcc7942_2444
M744_RS03890	989.0167	Synpcc7942_2443
M744_RS03895	1096.2810	Synpcc7942_2442
M744_RS03900	1259.9699	Synpcc7942_2441
M744_RS03905	4167.5845	Synpcc7942_2440
M744_RS03910	1576.5703	Synpcc7942_2439
M744_RS03920	938.5414	Synpcc7942_2438
M744_RS03925	2181.0133	Synpcc7942_2437
M744_RS03930	116.2922	Synpcc7942_2436
M744_RS03935	88.0426	Synpcc7942_2435
M744_RS03940	838.5661	Synpcc7942_2434
M744_RS03945	163.8397	Synpcc7942_2433
M744_RS03950	172.7918	Synpcc7942_2432
M744_RS03955	708.2029	Synpcc7942_2431
M744_RS03960	66.5953	Synpcc7942_2430
M744_RS03965	261.3907	Synpcc7942_2429
M744_RS03970	98.0083	Synpcc7942_2428
M744_RS03975	454.5842	Synpcc7942_2427
M744_RS03980	736.0828	Synpcc7942_2426
M744_RS03985	202.8192	Synpcc7942_2425
M744_RS03990	836.6944	Synpcc7942_2424
M744_RS03995	710.3947	Synpcc7942_2423
M744_RS04000	670.4698	Synpcc7942_2422
M744_RS04005	75.4837	Synpcc7942_2421
M744_RS04010	442.0615	Synpcc7942_2420
M744_RS04015	189.1286	Synpcc7942_2419
M744_RS04020	63.2696	Synpcc7942_2418
M744_RS04025	210.5852	Synpcc7942_2417
M744_RS04030	19.1248	Synpcc7942_2416
M744_RS04035	583.6248	Synpcc7942_2415
M744_RS04040	130.6356	Synpcc7942_2414
M744_RS04045	237.5105	Synpcc7942_2412
M744_RS04050	78.6305	Synpcc7942_2411
M744_RS04055	539.1883	Synpcc7942_2410
M744_RS04060	1164.6889	Synpcc7942_2409
M744_RS04065	114.9250	Synpcc7942_2408
M744_RS04070	108.3664	Synpcc7942_2407
M744_RS04075	294.3794	Synpcc7942_2406
M744_RS04080	10.9985	Synpcc7942_2405
M744_RS04095	628.1635	Synpcc7942_2403
M744_RS04100	179.2519	Synpcc7942_2402
M744_RS04105	3349.2695	Synpcc7942_2401
M744_RS04110	185.2670	Synpcc7942_2400
M744_RS04115	1327.7110	Synpcc7942_2399
M744_RS04120	25.9436	Synpcc7942_2398
M744_RS04125	1014.7566	Synpcc7942_2397
M744_RS04130	485.5821	Synpcc7942_2396
M744_RS04135	180.8661	Synpcc7942_2395
M744_RS04140	247.8084	Synpcc7942_2394
M744_RS04145	407.2885	Synpcc7942_2393
M744_RS04150	470.1404	Synpcc7942_2392
M744_RS04155	45.0810	Synpcc7942_2391
M744_RS04160	216.0874	Synpcc7942_2390
M744_RS04165	164.0611	Synpcc7942_2389
M744_RS04170	492.1425	Synpcc7942_2388
M744_RS04175	410.4610	Synpcc7942_2387
M744_RS04180	40.1414	Synpcc7942_2386
M744_RS04185	63.9730	Synpcc7942_2385
M744_RS04190	440.0606	Synpcc7942_2384
M744_RS04195	502.6169	Synpcc7942_2383
M744_RS04200	54.1061	Synpcc7942_2382
M744_RS04205	137.7465	Synpcc7942_2381
M744_RS04210	702.0920	Synpcc7942_2380
M744_RS04215	50.8814	Synpcc7942_2379
M744_RS04220	1132.7470	Synpcc7942_2378
M744_RS04225	83.0015	Synpcc7942_2377
M744_RS04230	192.5721	Synpcc7942_2376
M744_RS04235	385.0154	Synpcc7942_2375
M744_RS04240	653.1400	Synpcc7942_2374
M744_RS04245	75.4836	Synpcc7942_2373
M744_RS04250	129.8399	Synpcc7942_2372
M744_RS04255	115.0203	Synpcc7942_2371
M744_RS04260	98.3493	Synpcc7942_2370
M744_RS04265	2971.4458	Synpcc7942_2369
M744_RS04270	1012.5603	Synpcc7942_2368
M744_RS04280	485.1208	Synpcc7942_2367
M744_RS04285	2577.4430	Synpcc7942_2366
M744_RS04290	741.7829	Synpcc7942_2365
M744_RS04295	179.0590	Synpcc7942_2364
M744_RS04300	178.0471	Synpcc7942_2363
M744_RS04305	208.0882	Synpcc7942_2362
M744_RS04310	185.6765	Synpcc7942_2361
M744_RS04315	453.7810	Synpcc7942_2360
M744_RS04320	1669.3887	Synpcc7942_2359
M744_RS04325	622.8556	Synpcc7942_2358
M744_RS04330	192.7628	Synpcc7942_2357
M744_RS04335	1227.3584	Synpcc7942_2356
M744_RS04340	666.9150	Synpcc7942_2355
M744_RS04345	1823.1494	Synpcc7942_2354
M744_RS04350	1099.3985	Synpcc7942_2353
M744_RS04355	9699.9366	Synpcc7942_2352
M744_RS04360	138.0154	Synpcc7942_2351
M744_RS04365	230.1135	Synpcc7942_2350
M744_RS04370	3249.2700	Synpcc7942_2349
M744_RS04375	234.4719	Synpcc7942_2348
M744_RS04380	1167.0013	Synpcc7942_2347
M744_RS04385	243.4311	Synpcc7942_2346
M744_RS04390	2147.1550	Synpcc7942_2345
M744_RS04395	837.5210	Synpcc7942_2344
M744_RS04400	710.5063	Synpcc7942_2343
M744_RS04405	21763.0762	Synpcc7942_2342
M744_RS04410	103.4483	Synpcc7942_2341
M744_RS04415	524.9251	Synpcc7942_2340
M744_RS04420	273.4464	Synpcc7942_2339
M744_RS04425	207.6944	Synpcc7942_2338
M744_RS04430	304.4272	Synpcc7942_2337
M744_RS04435	394.3422	Synpcc7942_2335
M744_RS04440	469.9345	Synpcc7942_2334
M744_RS04445	577.2315	Synpcc7942_2333
M744_RS04450	10055.9485	Synpcc7942_2332
M744_RS04455	9318.1964	Synpcc7942_2331
M744_RS04460	390.0123	Synpcc7942_2330
M744_RS04465	114.8716	Synpcc7942_2329
M744_RS04470	87.1898	Synpcc7942_2328
M744_RS04475	62.9540	Synpcc7942_2327
M744_RS04480	237.7437	Synpcc7942_2326
M744_RS04485	250.1203	Synpcc7942_2325
M744_RS04490	457.2717	Synpcc7942_2324
M744_RS04495	128.2289	Synpcc7942_2323
M744_RS04500	506.1917	Synpcc7942_2322
M744_RS04505	1010.9887	Synpcc7942_2321
M744_RS04510	38.2169	Synpcc7942_2320
M744_RS04520	60.5539	Synpcc7942_2318
M744_RS04525	1060.5010	Synpcc7942_2317
M744_RS04530	3562.4253	Synpcc7942_2316
M744_RS04535	14875.8739	Synpcc7942_2315
M744_RS04540	5320.5518	Synpcc7942_2314
M744_RS04545	25264.6665	Synpcc7942_2313
M744_RS04550	112.0905	Synpcc7942_2312
M744_RS04555	284.9898	Synpcc7942_2311
M744_RS04565	158.4355	Synpcc7942_2310
M744_RS04570	3878.6057	Synpcc7942_2309
M744_RS04575	401.7283	Synpcc7942_2308
M744_RS04580	882.8364	Synpcc7942_2307
M744_RS04585	666.7194	Synpcc7942_2306
M744_RS04590	300.2480	Synpcc7942_2305
M744_RS04600	97.6203	Synpcc7942_2303
M744_RS04605	62.5455	Synpcc7942_2302
M744_RS04610	1067.4534	Synpcc7942_2301
M744_RS04615	934.3493	Synpcc7942_2300
M744_RS04620	442.5722	Synpcc7942_2299
M744_RS04625	21.1819	Synpcc7942_2298
M744_RS04630	3732.4133	Synpcc7942_2297
M744_RS04635	183.4818	Synpcc7942_2296
M744_RS04640	74.4065	Synpcc7942_2295
M744_RS04645	192.6809	Synpcc7942_2294
M744_RS04650	54.2352	Synpcc7942_2293
M744_RS04655	541.3790	Synpcc7942_2292
M744_RS04660	221.8217	Synpcc7942_2291
M744_RS04665	87.6778	Synpcc7942_2290
M744_RS04670	550.2436	Synpcc7942_2289
M744_RS04675	231.7210	Synpcc7942_2288
M744_RS04680	339.0999	Synpcc7942_2287
M744_RS04685	49.6003	Synpcc7942_2286
M744_RS04690	374.6648	Synpcc7942_2285
M744_RS04695	179.1267	Synpcc7942_2284
M744_RS04700	374.7613	Synpcc7942_2283
M744_RS04705	795.6027	Synpcc7942_2282
M744_RS04710	317.6022	Synpcc7942_2281
M744_RS04715	261.8523	Synpcc7942_2280
M744_RS04720	709.6664	Synpcc7942_2279
M744_RS04725	542.5197	Synpcc7942_2278
M744_RS04730	40.4648	Synpcc7942_2277
M744_RS04735	73.5017	Synpcc7942_2276
M744_RS04750	1063.6361	Synpcc7942_2274
M744_RS04755	113.8079	Synpcc7942_2273
M744_RS04760	31.4664	Synpcc7942_2272
M744_RS04765	196.5455	Synpcc7942_2271
M744_RS04770	195.6552	Synpcc7942_2270
M744_RS04775	107.6316	Synpcc7942_2269
M744_RS04780	72.9891	Synpcc7942_2268
M744_RS04785	142.3603	Synpcc7942_2267
M744_RS04790	105.2456	Synpcc7942_2266
M744_RS04795	470.0711	Synpcc7942_2265
M744_RS04800	626.6379	Synpcc7942_2264
M744_RS04805	218.0808	Synpcc7942_2263
M744_RS04810	572.3870	Synpcc7942_2262
M744_RS04815	115.1247	Synpcc7942_2261
M744_RS04820	115.9648	Synpcc7942_2260
M744_RS04830	373.5961	Synpcc7942_2258
M744_RS04835	63.0627	Synpcc7942_2256
M744_RS04840	9874.0447	Synpcc7942_2255
M744_RS04845	519.6694	Synpcc7942_2254
M744_RS04850	455.8779	Synpcc7942_2253
M744_RS04855	1722.5426	Synpcc7942_2252
M744_RS04870	56.0935	Synpcc7942_2250
M744_RS04880	2070.2678	Synpcc7942_2249
M744_RS04885	3612.6801	Synpcc7942_2248
M744_RS04895	332.3284	Synpcc7942_2247
M744_RS04900	163.7238	Synpcc7942_2246
M744_RS04905	4604.2562	Synpcc7942_2245
M744_RS04910	3393.9735	Synpcc7942_2244
M744_RS04920	482.6856	Synpcc7942_2243
M744_RS04930	363.9471	Synpcc7942_2240
M744_RS04935	108.9109	Synpcc7942_2239
M744_RS04940	85.0442	Synpcc7942_2238
M744_RS04945	22.9668	Synpcc7942_2237
M744_RS04950	212.1358	Synpcc7942_2236
M744_RS04955	114.7840	Synpcc7942_2235
M744_RS04960	318.1749	Synpcc7942_2234
M744_RS04970	1708.5413	Synpcc7942_2232
M744_RS04975	1327.3519	Synpcc7942_2231
M744_RS04980	778.4992	Synpcc7942_2230
M744_RS04985	2279.2500	Synpcc7942_2229
M744_RS04990	775.7566	Synpcc7942_2228
M744_RS04995	836.2947	Synpcc7942_2227
M744_RS05000	2119.6566	Synpcc7942_2226
M744_RS05005	1065.3074	Synpcc7942_2225
M744_RS05010	755.3955	Synpcc7942_2224
M744_RS05015	856.8007	Synpcc7942_2223
M744_RS05020	1073.1736	Synpcc7942_2222
M744_RS05025	982.8322	Synpcc7942_2221
M744_RS05030	2280.6673	Synpcc7942_2220
M744_RS05035	1012.6359	Synpcc7942_2219
M744_RS05040	1437.3627	Synpcc7942_2218
M744_RS05045	1058.7412	Synpcc7942_2217
M744_RS05050	2491.1999	Synpcc7942_2216
M744_RS05055	1832.0542	Synpcc7942_2215
M744_RS05060	1965.9980	Synpcc7942_2214
M744_RS05065	1004.6007	Synpcc7942_2213
M744_RS05070	2372.1591	Synpcc7942_2211
M744_RS05075	1771.1671	Synpcc7942_2210
M744_RS05080	4090.8527	Synpcc7942_2209
M744_RS05085	1132.8462	Synpcc7942_2208
M744_RS05090	3652.5999	Synpcc7942_2207
M744_RS05095	1434.5554	Synpcc7942_2206
M744_RS05100	1673.7792	Synpcc7942_2205
M744_RS05105	1950.2050	Synpcc7942_2204
M744_RS05110	333.9064	Synpcc7942_2203
M744_RS05115	264.4820	Synpcc7942_2202
M744_RS05120	465.0727	Synpcc7942_2201
M744_RS05130	230.3838	Synpcc7942_2200
M744_RS05135	929.4974	Synpcc7942_2199
M744_RS05140	141.0378	Synpcc7942_2198
M744_RS05145	171.7335	Synpcc7942_2197
M744_RS05150	127.5845	Synpcc7942_2196
M744_RS05155	91.6697	Synpcc7942_2195
M744_RS05160	21.0682	Synpcc7942_2194
M744_RS05165	168.2821	Synpcc7942_2193
M744_RS05170	390.0292	Synpcc7942_2192
M744_RS05175	87.2766	Synpcc7942_2191
M744_RS05180	744.3894	Synpcc7942_2190
M744_RS05185	670.1410	Synpcc7942_2188
M744_RS05190	297.2970	Synpcc7942_2187
M744_RS05195	88.1791	Synpcc7942_2186
M744_RS05200	71.6669	Synpcc7942_2185
M744_RS05205	389.2900	Synpcc7942_2184
M744_RS05210	168.3529	Synpcc7942_2183
M744_RS05215	38.2015	Synpcc7942_2182
M744_RS05220	280.2067	Synpcc7942_2181
M744_RS05225	1908.5888	Synpcc7942_2180
M744_RS05230	591.1778	Synpcc7942_2179
M744_RS05235	261.6349	Synpcc7942_2178
M744_RS05240	244.2245	Synpcc7942_2177
M744_RS05245	113.8304	Synpcc7942_2176
M744_RS05250	5961.2416	Synpcc7942_2175
M744_RS05255	464.9622	Synpcc7942_2174
M744_RS05260	435.6207	Synpcc7942_2173
M744_RS05265	143.1613	Synpcc7942_2172
M744_RS05270	2176.5031	Synpcc7942_2171
M744_RS05275	10.6771	Synpcc7942_2170
M744_RS05280	345.2209	Synpcc7942_2169
M744_RS05285	738.3567	Synpcc7942_2168
M744_RS05290	13.7614	Synpcc7942_2167
M744_RS05295	2.8245	Synpcc7942_2166
M744_RS05300	78.3992	Synpcc7942_2165
M744_RS05305	64.1831	Synpcc7942_2164
M744_RS05310	140.6510	Synpcc7942_2163
M744_RS05315	19.2968	Synpcc7942_2162
M744_RS05320	289.1346	Synpcc7942_2161
M744_RS05325	1499.9158	Synpcc7942_2160
M744_RS05330	239.3108	Synpcc7942_2159
M744_RS05335	11524.1065	Synpcc7942_2158
M744_RS05345	24599.0478	Synpcc7942_2156
M744_RS05350	132.2126	Synpcc7942_2155
M744_RS05355	123.4913	Synpcc7942_2154
M744_RS05360	61.5266	Synpcc7942_2153
M744_RS05365	1016.0573	Synpcc7942_2152
M744_RS05370	798.9429	Synpcc7942_2151
M744_RS05375	187.7477	Synpcc7942_2150
M744_RS05380	894.4209	Synpcc7942_2149
M744_RS05385	526.3324	Synpcc7942_2148
M744_RS05395	96.7903	Synpcc7942_2147
M744_RS05400	45.7993	Synpcc7942_2146
M744_RS05405	114.0184	Synpcc7942_2145
M744_RS05410	96.1684	Synpcc7942_2144
M744_RS05420	1631.1017	Synpcc7942_2143
M744_RS05425	120.5390	Synpcc7942_2142
M744_RS05430	145.3698	Synpcc7942_2141
M744_RS05435	71.5640	Synpcc7942_2140
M744_RS05440	136.4325	Synpcc7942_2139
M744_RS05445	640.0278	Synpcc7942_2138
M744_RS05455	10041.6721	Synpcc7942_2137
M744_RS05460	309.1320	Synpcc7942_2136
M744_RS05465	207.7391	Synpcc7942_2135
M744_RS05470	166.7659	Synpcc7942_2134
M744_RS05475	167.3217	Synpcc7942_2133
M744_RS05480	588.4431	Synpcc7942_2132
M744_RS05490	533.3597	Synpcc7942_2131
M744_RS05495	101.9870	Synpcc7942_2130
M744_RS05500	232.5783	Synpcc7942_2129
M744_RS05505	508.3899	Synpcc7942_2128
M744_RS05510	164.1121	Synpcc7942_2127
M744_RS05515	625.6636	Synpcc7942_2126
M744_RS05520	419.3243	Synpcc7942_2125
M744_RS05525	66.7961	Synpcc7942_2124
M744_RS05530	353.2928	Synpcc7942_2123
M744_RS05535	807.1386	Synpcc7942_2122
M744_RS05540	2888.0377	Synpcc7942_2121
M744_RS05545	2934.6045	Synpcc7942_2120
M744_RS05550	3249.7472	Synpcc7942_2119
M744_RS05555	977.1808	Synpcc7942_2118
M744_RS05560	864.1135	Synpcc7942_2117
M744_RS05565	138.6337	Synpcc7942_2116
M744_RS05570	134.2426	Synpcc7942_2115
M744_RS05580	678.9312	Synpcc7942_2114
M744_RS05585	2813.1592	Synpcc7942_2113
M744_RS05590	52.6464	Synpcc7942_2112
M744_RS05595	54.9188	Synpcc7942_2111
M744_RS05600	143.8243	Synpcc7942_2110
M744_RS05605	643.2903	Synpcc7942_2109
M744_RS05610	33.7557	Synpcc7942_2108
M744_RS05615	1822.8532	Synpcc7942_2107
M744_RS05620	407.4067	Synpcc7942_2106
M744_RS05625	488.3625	Synpcc7942_2105
M744_RS05630	828.3627	Synpcc7942_2104
M744_RS05640	43.6896	Synpcc7942_2102
M744_RS05645	188.4485	Synpcc7942_2101
M744_RS05650	204.1498	Synpcc7942_2100
M744_RS05655	75.9742	Synpcc7942_2099
M744_RS05660	35.3379	Synpcc7942_2098
M744_RS05665	36.0517	Synpcc7942_2097
M744_RS05670	1528.2714	Synpcc7942_2096
M744_RS05675	131.1839	Synpcc7942_2095
M744_RS05680	36.3400	Synpcc7942_2094
M744_RS05685	142.5569	Synpcc7942_2093
M744_RS05690	107.4192	Synpcc7942_2092
M744_RS05695	105.6553	Synpcc7942_2091
M744_RS05700	835.2316	Synpcc7942_2090
M744_RS05705	3386.6623	Synpcc7942_2089
M744_RS05710	40.4450	Synpcc7942_2088
M744_RS05715	97.5085	Synpcc7942_2087
M744_RS05720	339.6035	Synpcc7942_2086
M744_RS05725	261.8287	Synpcc7942_2085
M744_RS05730	1045.1891	Synpcc7942_2084
M744_RS05735	46.3724	Synpcc7942_2083
M744_RS05740	1484.6725	Synpcc7942_2082
M744_RS05750	1309.6873	Synpcc7942_2080
M744_RS05755	127.4690	Synpcc7942_2079
M744_RS05760	71.7997	Synpcc7942_2078
M744_RS05765	94.7305	Synpcc7942_2077
M744_RS05770	253.8201	Synpcc7942_2076
M744_RS05775	166.0411	Synpcc7942_2075
M744_RS05780	1519.5623	Synpcc7942_2074
M744_RS05790	2337.7859	Synpcc7942_2072
M744_RS05795	3837.0673	Synpcc7942_2071
M744_RS05800	4275.5933	Synpcc7942_2070
M744_RS05805	4889.9001	Synpcc7942_2069
M744_RS05810	845.8637	Synpcc7942_2068
M744_RS05815	167.0588	Synpcc7942_2067
M744_RS05820	207.0331	Synpcc7942_2066
M744_RS05825	709.6041	Synpcc7942_2064
M744_RS05830	151.2746	Synpcc7942_2063
M744_RS05835	225.2920	Synpcc7942_2062
M744_RS05840	484.3196	Synpcc7942_2061
M744_RS05845	182.1490	Synpcc7942_2060
M744_RS05850	8968.2781	Synpcc7942_2059
M744_RS05855	218.9072	Synpcc7942_2058
M744_RS05860	486.1837	Synpcc7942_2057
M744_RS05870	420.5796	Synpcc7942_2055
M744_RS05875	442.2579	Synpcc7942_2054
M744_RS05880	382.0032	Synpcc7942_2053
M744_RS05885	254.9656	Synpcc7942_2052
M744_RS05890	260.1263	Synpcc7942_2051
M744_RS05895	715.8977	Synpcc7942_2050
M744_RS05900	83382.0580	Synpcc7942_2049
M744_RS05905	123672.6261	Synpcc7942_2048
M744_RS05910	1261.0610	Synpcc7942_2047
M744_RS05915	197.5989	Synpcc7942_2046
M744_RS05920	731.6538	Synpcc7942_2045
M744_RS05925	661.2660	Synpcc7942_2044
M744_RS05930	810.9726	Synpcc7942_2043
M744_RS05935	91.7646	Synpcc7942_2042
M744_RS05940	252.1771	Synpcc7942_2041
M744_RS05945	60.4634	Synpcc7942_2040
M744_RS05950	159.8167	Synpcc7942_2039
M744_RS05955	1213.8169	Synpcc7942_2038
M744_RS05960	229.4450	Synpcc7942_2037
M744_RS05965	241.6409	Synpcc7942_2036
M744_RS05970	320.7461	Synpcc7942_2035
M744_RS05975	148.6103	Synpcc7942_2034
M744_RS05980	148.1649	Synpcc7942_2033
M744_RS05985	210.5516	Synpcc7942_2032
M744_RS05990	356.8720	Synpcc7942_2031
M744_RS05995	41375.9941	Synpcc7942_2030
M744_RS06000	550.7698	Synpcc7942_2029
M744_RS06005	290.9373	Synpcc7942_2028
M744_RS06010	98.6948	Synpcc7942_2027
M744_RS06015	1705.7615	Synpcc7942_2026
M744_RS06020	100.9358	Synpcc7942_2025
M744_RS06025	49.4014	Synpcc7942_2024
M744_RS06030	145.9147	Synpcc7942_2023
M744_RS06035	640.2100	Synpcc7942_2022
M744_RS06040	45.1295	Synpcc7942_2021
M744_RS06045	8957.2197	Synpcc7942_2020
M744_RS06050	536.3993	Synpcc7942_2019
M744_RS06055	121.6076	Synpcc7942_2018
M744_RS06065	606.8394	Synpcc7942_2017
M744_RS06070	1940.7357	Synpcc7942_2016
M744_RS06075	3463.4213	Synpcc7942_2015
M744_RS06080	260.2836	Synpcc7942_2014
M744_RS06085	31.3928	Synpcc7942_2013
M744_RS06090	307.2852	Synpcc7942_2012
M744_RS06095	270.1801	Synpcc7942_2011
M744_RS06100	9855.9254	Synpcc7942_2010
M744_RS06105	410.1492	Synpcc7942_2009
M744_RS06110	248.3499	Synpcc7942_2008
M744_RS06115	180.1859	Synpcc7942_2007
M744_RS06120	257.2104	Synpcc7942_2006
M744_RS06125	290.7101	Synpcc7942_2005
M744_RS06130	90.5622	Synpcc7942_2004
M744_RS06135	81.6681	Synpcc7942_2003
M744_RS06140	578.7040	Synpcc7942_2002
M744_RS06145	172.7856	Synpcc7942_2001
M744_RS06150	649.6621	Synpcc7942_2000
M744_RS06155	12467.7879	Synpcc7942_1999
M744_RS06160	36.9753	Synpcc7942_1998
M744_RS06165	52.1232	Synpcc7942_1997
M744_RS06170	388.8596	Synpcc7942_1996
M744_RS06175	265.9599	Synpcc7942_1995
M744_RS06180	102.4472	Synpcc7942_1994
M744_RS06185	25.0933	Synpcc7942_1993
M744_RS06190	106.5524	Synpcc7942_1992
M744_RS06195	471.0817	Synpcc7942_1991
M744_RS06200	219.1913	Synpcc7942_1990
M744_RS06205	293.8169	Synpcc7942_1989
M744_RS06210	447.5528	Synpcc7942_1988
M744_RS06215	2609.3430	Synpcc7942_1987
M744_RS06220	1702.8179	Synpcc7942_1986
M744_RS06225	249.5937	Synpcc7942_1985
M744_RS06230	1170.8410	Synpcc7942_1984
M744_RS06235	819.4530	Synpcc7942_1983
M744_RS06240	898.0435	Synpcc7942_1982
M744_RS06245	587.2691	Synpcc7942_1981
M744_RS06250	538.9184	Synpcc7942_1980
M744_RS06255	76.2428	Synpcc7942_1979
M744_RS06260	421.4050	Synpcc7942_1978
M744_RS06265	4950.5006	Synpcc7942_1977
M744_RS06270	7399.1632	Synpcc7942_1976
M744_RS06275	1509.0172	Synpcc7942_1975
M744_RS06280	513.7745	Synpcc7942_1974
M744_RS06285	616.1096	Synpcc7942_1973
M744_RS06290	329.1494	Synpcc7942_1972
M744_RS06300	2535.8970	Synpcc7942_1969
M744_RS06305	334.2655	Synpcc7942_1968
M744_RS06310	177.1682	Synpcc7942_1967
M744_RS06315	132.5559	Synpcc7942_1966
M744_RS06320	473.9349	Synpcc7942_1965
M744_RS06325	566.1995	Synpcc7942_1964
M744_RS06330	169.1584	Synpcc7942_1963
M744_RS06335	2204.1076	Synpcc7942_1962
M744_RS06340	74.7273	Synpcc7942_1961
M744_RS06345	109.8725	Synpcc7942_1960
M744_RS06350	880.3467	Synpcc7942_1959
M744_RS06355	697.4067	Synpcc7942_1958
M744_RS06360	445.3292	Synpcc7942_1957
M744_RS06365	1549.3556	Synpcc7942_1956
M744_RS06375	86.5769	Synpcc7942_1953
M744_RS06380	70.0005	Synpcc7942_1952
M744_RS06390	383.1898	Synpcc7942_1951
M744_RS06395	350.0433	Synpcc7942_1950
M744_RS06400	384.8089	Synpcc7942_1949
M744_RS06405	303.9794	Synpcc7942_1948
M744_RS06410	686.5184	Synpcc7942_1947
M744_RS06415	70.4719	Synpcc7942_1946
M744_RS06420	336.3522	Synpcc7942_1945
M744_RS06425	2114.7339	Synpcc7942_1944
M744_RS06430	732.7494	Synpcc7942_1943
M744_RS06435	663.4062	Synpcc7942_1942
M744_RS06440	58.9271	Synpcc7942_1941
M744_RS06445	61.2238	Synpcc7942_1940
M744_RS06450	14.2499	Synpcc7942_1939
M744_RS06455	28.1255	Synpcc7942_1938
M744_RS06460	780.1493	Synpcc7942_1937
M744_RS06465	254.8880	Synpcc7942_1936
M744_RS06470	178.9289	Synpcc7942_1935
M744_RS06475	198.7753	Synpcc7942_1934
M744_RS06480	457.3586	Synpcc7942_1933
M744_RS06485	261.8106	Synpcc7942_1932
M744_RS06490	241.4817	Synpcc7942_1931
M744_RS06495	490.1204	Synpcc7942_1930
M744_RS06500	487.6749	Synpcc7942_1929
M744_RS06505	324.5589	Synpcc7942_1928
M744_RS06510	300.9301	Synpcc7942_1927
M744_RS06515	69.0300	Synpcc7942_1926
M744_RS06520	237.8034	Synpcc7942_1925
M744_RS06525	186.2236	Synpcc7942_1924
M744_RS06530	575.4049	Synpcc7942_1923
M744_RS06535	1124.4488	Synpcc7942_1922
M744_RS06540	18.2533	Synpcc7942_1921
M744_RS06545	2013.3487	Synpcc7942_1920
M744_RS06550	457.4563	Synpcc7942_1919
M744_RS06555	80.8750	Synpcc7942_1918
M744_RS06560	164.5149	Synpcc7942_1917
M744_RS06565	397.0203	Synpcc7942_1916
M744_RS06575	729.8597	Synpcc7942_1914
M744_RS06580	482.5187	Synpcc7942_1913
M744_RS06585	7053.9289	Synpcc7942_1912a
M744_RS06590	395.9846	Synpcc7942_1912
M744_RS06595	1419.3001	Synpcc7942_1911
M744_RS06600	91.5725	Synpcc7942_1910
M744_RS06605	202.5415	Synpcc7942_1909
M744_RS06610	712.1137	Synpcc7942_1908
M744_RS06615	8600.1235	Synpcc7942_1907
M744_RS06620	446.8815	Synpcc7942_1906
M744_RS06625	2883.9828	Synpcc7942_1905
M744_RS06630	1494.4416	Synpcc7942_1904
M744_RS06635	679.8382	Synpcc7942_1903
M744_RS06640	294.3574	Synpcc7942_1902
M744_RS06645	231.3418	Synpcc7942_1901
M744_RS06650	194.3687	Synpcc7942_1900
M744_RS06655	81.4917	Synpcc7942_1899
M744_RS06660	1308.7539	Synpcc7942_1898
M744_RS06665	64.1537	Synpcc7942_1897
M744_RS06670	249.5583	Synpcc7942_1896
M744_RS06675	772.7560	Synpcc7942_1895
M744_RS06680	340.0799	Synpcc7942_1894
M744_RS06685	116.9603	Synpcc7942_1893
M744_RS06690	185.8848	Synpcc7942_1892
M744_RS06695	951.2182	Synpcc7942_1891
M744_RS06700	3218.9550	Synpcc7942_1890
M744_RS06705	1726.0872	Synpcc7942_1889
M744_RS06710	252.2577	Synpcc7942_1888
M744_RS06715	73.4139	Synpcc7942_1887
M744_RS06720	277.5374	Synpcc7942_1886
M744_RS06725	228.4191	Synpcc7942_1885
M744_RS06730	101.6874	Synpcc7942_1884
M744_RS06735	364.0009	Synpcc7942_1883
M744_RS06740	9399.7179	Synpcc7942_1882
M744_RS06745	383.1793	Synpcc7942_1881
M744_RS06750	269.8123	Synpcc7942_1880
M744_RS06755	283.2474	Synpcc7942_1879
M744_RS06760	188.9015	Synpcc7942_1878
M744_RS06765	355.4433	Synpcc7942_1877
M744_RS06770	533.6468	Synpcc7942_1876
M744_RS06775	668.5259	Synpcc7942_1875
M744_RS06780	72.8281	Synpcc7942_1874
M744_RS06785	204.4134	Synpcc7942_1873
M744_RS06790	104.5515	Synpcc7942_1872
M744_RS06795	110.0222	Synpcc7942_1871
M744_RS06800	317.7835	Synpcc7942_1870
M744_RS06805	1187.2336	Synpcc7942_1869
M744_RS06810	10.7667	Synpcc7942_1868
M744_RS06815	27.4592	Synpcc7942_1867
M744_RS06820	153.0538	Synpcc7942_1866
M744_RS06825	179.3124	Synpcc7942_1865
M744_RS06835	298.7868	Synpcc7942_1864
M744_RS06840	374.3554	Synpcc7942_1863
M744_RS06845	1386.1312	Synpcc7942_1862
M744_RS06850	251.4058	Synpcc7942_1861
M744_RS06855	319.6129	Synpcc7942_1860
M744_RS06860	702.6363	Synpcc7942_1859
M744_RS06865	8353.1520	Synpcc7942_1858
M744_RS06870	174.7697	Synpcc7942_1857
M744_RS06875	41.5783	Synpcc7942_1856
M744_RS06880	52.5843	Synpcc7942_1855
M744_RS06885	129.8167	Synpcc7942_1854
M744_RS06890	126.7740	Synpcc7942_1853
M744_RS06895	290.0801	Synpcc7942_1852
M744_RS06900	1091.0958	Synpcc7942_1851
M744_RS06905	96.7716	Synpcc7942_1850
M744_RS06910	1026.9519	Synpcc7942_1849
M744_RS06920	1491.0572	Synpcc7942_1848
M744_RS06925	597.8597	Synpcc7942_1847
M744_RS06930	2366.7932	Synpcc7942_1846
M744_RS06935	1157.5444	Synpcc7942_1845
M744_RS06940	134.6079	Synpcc7942_1844
M744_RS06945	72.5329	Synpcc7942_1843
M744_RS06950	8448.7790	Synpcc7942_1842
M744_RS06955	587.2374	Synpcc7942_1841
M744_RS06960	91.4715	Synpcc7942_1840
M744_RS06965	412.5335	Synpcc7942_1839
M744_RS06970	657.6895	Synpcc7942_1838
M744_RS06975	412.0569	Synpcc7942_1837
M744_RS06980	467.0084	Synpcc7942_1836
M744_RS06985	219.8816	Synpcc7942_1835
M744_RS06990	128.9203	Synpcc7942_1834
M744_RS06995	267.9081	Synpcc7942_1833
M744_RS07000	1204.4153	Synpcc7942_1832
M744_RS07005	3098.5338	Synpcc7942_1831
M744_RS07010	5081.8854	Synpcc7942_1830
M744_RS07015	1123.1805	Synpcc7942_1829
M744_RS07020	421.9111	Synpcc7942_1828
M744_RS07025	1114.5442	Synpcc7942_1827
M744_RS07030	128.9097	Synpcc7942_1826
M744_RS07035	165.5023	Synpcc7942_1825
M744_RS07040	591.3939	Synpcc7942_1824
M744_RS07045	622.8389	Synpcc7942_1823
M744_RS07050	2982.3864	Synpcc7942_1821
M744_RS07055	12583.1054	Synpcc7942_1820
M744_RS07060	41.1319	Synpcc7942_1819
M744_RS07065	64.0819	Synpcc7942_1818
M744_RS07070	146.7803	Synpcc7942_1817
M744_RS07075	496.1794	Synpcc7942_1816
M744_RS07080	211.7596	Synpcc7942_1815
M744_RS07085	80.5194	Synpcc7942_1814
M744_RS07090	3518.8540	Synpcc7942_1813
M744_RS07095	1879.3778	Synpcc7942_1811
M744_RS07100	467.9845	Synpcc7942_1810
M744_RS07105	2615.9469	Synpcc7942_1809
M744_RS07110	53.8398	Synpcc7942_1808
M744_RS07115	133.5152	Synpcc7942_1807
M744_RS07120	409.2507	Synpcc7942_1806
M744_RS07125	23.6832	Synpcc7942_1805
M744_RS07130	122.1293	Synpcc7942_1804
M744_RS07135	955.0607	Synpcc7942_1803
M744_RS07140	244.2167	Synpcc7942_1802
M744_RS07145	49.8816	Synpcc7942_1801
M744_RS07150	1182.2789	Synpcc7942_1800
M744_RS07155	51.4454	Synpcc7942_1799
M744_RS07160	79.9452	Synpcc7942_1798
M744_RS07165	543.0039	Synpcc7942_1797
M744_RS07170	117.2868	Synpcc7942_1796
M744_RS07175	141.7474	Synpcc7942_1795
M744_RS07180	236.9598	Synpcc7942_1794
M744_RS07185	174.6182	Synpcc7942_1793
M744_RS07190	2007.7975	Synpcc7942_1792
M744_RS07195	142.2154	Synpcc7942_1791
M744_RS07200	36.4011	Synpcc7942_1790
M744_RS07205	949.4859	Synpcc7942_1789
M744_RS07210	1224.1127	Synpcc7942_1788
M744_RS07215	373.5102	Synpcc7942_1787
M744_RS07220	344.6358	Synpcc7942_1786
M744_RS07225	79.1480	Synpcc7942_1785
M744_RS07235	436.5136	Synpcc7942_1783
M744_RS07240	3457.8073	Synpcc7942_1782
M744_RS07245	544.9815	Synpcc7942_1781
M744_RS07250	138.5462	Synpcc7942_1780
M744_RS07255	190.6868	Synpcc7942_1779
M744_RS07260	404.7652	Synpcc7942_1778
M744_RS07265	250.1470	Synpcc7942_1777
M744_RS07270	276.8542	Synpcc7942_1776
M744_RS07275	216.6383	Synpcc7942_1775
M744_RS07280	3407.4802	Synpcc7942_1774
M744_RS07285	570.1396	Synpcc7942_1773
M744_RS07290	1132.6152	Synpcc7942_1772
M744_RS07295	1348.4814	Synpcc7942_1771
M744_RS07300	18.3834	Synpcc7942_1770
M744_RS07305	105.5674	Synpcc7942_1769
M744_RS07310	140.7766	Synpcc7942_1768
M744_RS07315	515.9374	Synpcc7942_1767
M744_RS07320	184.0070	Synpcc7942_1766
M744_RS07325	116.4355	Synpcc7942_1765
M744_RS07330	148.7996	Synpcc7942_1764
M744_RS07335	122.0580	Synpcc7942_1763
M744_RS07340	1430.8433	Synpcc7942_1762
M744_RS07345	809.3816	Synpcc7942_1761
M744_RS07350	453.2194	Synpcc7942_1760
M744_RS07360	841.3771	Synpcc7942_1758
M744_RS07365	1590.2329	Synpcc7942_1757
M744_RS07370	603.6116	Synpcc7942_1755
M744_RS07375	177.9256	Synpcc7942_1753
M744_RS07380	524.2444	Synpcc7942_1752
M744_RS07385	1016.2138	Synpcc7942_1751
M744_RS07390	2240.2961	Synpcc7942_1750
M744_RS07395	1263.4023	Synpcc7942_1749
M744_RS07400	231.6732	Synpcc7942_1748
M744_RS07405	357.7587	Synpcc7942_1747
M744_RS07410	4538.1029	Synpcc7942_1746
M744_RS07415	183.4656	Synpcc7942_1745
M744_RS07420	40.4344	Synpcc7942_1744
M744_RS07425	1638.0868	Synpcc7942_1743
M744_RS07430	5450.6784	Synpcc7942_1742
M744_RS07435	1230.6085	Synpcc7942_1741
M744_RS07440	197.3323	Synpcc7942_1740
M744_RS07445	146.3649	Synpcc7942_1739
M744_RS07450	1020.8615	Synpcc7942_1738
M744_RS07455	883.1659	Synpcc7942_1737
M744_RS07460	702.6289	Synpcc7942_1736
M744_RS07465	1715.5822	Synpcc7942_1735
M744_RS07470	522.4240	Synpcc7942_1734
M744_RS07475	454.2288	Synpcc7942_1733
M744_RS07480	74.9998	Synpcc7942_1732
M744_RS07485	35.0234	Synpcc7942_1731
M744_RS07490	366.8309	Synpcc7942_1730
M744_RS07495	69.4420	Synpcc7942_1729
M744_RS07500	59.1492	Synpcc7942_1728
M744_RS07505	126.0349	Synpcc7942_1727
M744_RS07510	44.0197	Synpcc7942_1726
M744_RS07515	291.9279	Synpcc7942_1725
M744_RS07520	355.6114	Synpcc7942_1724
M744_RS07525	191.1675	Synpcc7942_1723
M744_RS07530	127.9542	Synpcc7942_1722
M744_RS07540	330.1203	Synpcc7942_1721
M744_RS07550	103.0957	Synpcc7942_1720
M744_RS07555	1829.4900	Synpcc7942_1719
M744_RS07560	459.9088	Synpcc7942_1718
M744_RS07565	432.5854	Synpcc7942_1717
M744_RS07570	1703.0085	Synpcc7942_1716
M744_RS07575	158.9214	Synpcc7942_1715
M744_RS07580	108.2520	Synpcc7942_1714
M744_RS07585	428.9867	Synpcc7942_1713
M744_RS07590	21.4551	Synpcc7942_1712
M744_RS07595	213.1579	Synpcc7942_1711
M744_RS07600	177.3217	Synpcc7942_1710
M744_RS07605	212.8376	Synpcc7942_1709
M744_RS07610	306.0364	Synpcc7942_1708
M744_RS07615	122.4579	Synpcc7942_1707
M744_RS07620	592.6231	Synpcc7942_1706
M744_RS07625	275.1235	Synpcc7942_1704
M744_RS07630	1376.0291	Synpcc7942_1703
M744_RS07635	83.3189	Synpcc7942_1701
M744_RS07640	105.3150	Synpcc7942_1700
M744_RS07645	182.6776	Synpcc7942_1699
M744_RS07650	97.3232	Synpcc7942_1698
M744_RS07655	19.9433	Synpcc7942_1697
M744_RS07660	359.9202	Synpcc7942_1696
M744_RS07665	179.7972	Synpcc7942_1695
M744_RS07670	538.9145	Synpcc7942_1694
M744_RS07675	24.1520	Synpcc7942_1693
M744_RS07680	40.6083	Synpcc7942_1692
M744_RS07685	141.1393	Synpcc7942_1691
M744_RS07690	98.9546	Synpcc7942_1689
M744_RS07695	8.6109	Synpcc7942_1688
M744_RS07700	14.9720	Synpcc7942_1687
M744_RS07705	31.8355	Synpcc7942_1686
M744_RS07710	420.5365	Synpcc7942_1685
M744_RS07715	340.0354	Synpcc7942_1684
M744_RS07720	49.3674	Synpcc7942_1683
M744_RS07725	112.5865	Synpcc7942_1682
M744_RS07730	194.3107	Synpcc7942_1681
M744_RS07735	559.7300	Synpcc7942_1680
M744_RS07740	1189.6682	Synpcc7942_1679
M744_RS07745	483.8131	Synpcc7942_1678
M744_RS07750	536.8937	Synpcc7942_1677
M744_RS07755	271.5664	Synpcc7942_1676
M744_RS07760	621.8580	Synpcc7942_1675
M744_RS07765	1417.2482	Synpcc7942_1674
M744_RS07770	320.6205	Synpcc7942_1673
M744_RS07775	845.3683	Synpcc7942_1672
M744_RS07780	36.1810	Synpcc7942_1671
M744_RS07785	60.6011	Synpcc7942_1669
M744_RS07790	115.9532	Synpcc7942_1668
M744_RS07795	187.5258	Synpcc7942_1667
M744_RS07800	296.2576	Synpcc7942_1666
M744_RS07805	188.6084	Synpcc7942_1665
M744_RS07810	25.5505	Synpcc7942_1664
M744_RS07820	384.3854	Synpcc7942_1662
M744_RS07825	384.2555	Synpcc7942_1661
M744_RS07830	155.5384	Synpcc7942_1660
M744_RS07835	556.6850	Synpcc7942_1659
M744_RS07840	228.9344	Synpcc7942_1658
M744_RS07845	80.0405	Synpcc7942_1657
M744_RS07850	3302.8958	Synpcc7942_1656
M744_RS07855	47.1521	Synpcc7942_1655
M744_RS07860	18.1681	Synpcc7942_1654
M744_RS07865	121.2801	Synpcc7942_1653
M744_RS07870	162.0421	Synpcc7942_1652
M744_RS07875	314.0536	Synpcc7942_1651
M744_RS07880	997.6257	Synpcc7942_1650
M744_RS07885	197.1707	Synpcc7942_1649
M744_RS07890	74.1525	Synpcc7942_1648
M744_RS07895	166.8644	Synpcc7942_1647
M744_RS07905	139.3107	Synpcc7942_1645
M744_RS07910	123.6514	Synpcc7942_1644
M744_RS07915	739.4056	Synpcc7942_1643
M744_RS07920	116.7144	Synpcc7942_1642
M744_RS07925	128.7889	Synpcc7942_1641
M744_RS07930	155.0345	Synpcc7942_1640
M744_RS07935	76.3623	Synpcc7942_1639
M744_RS07940	602.3642	Synpcc7942_1638
M744_RS07950	1101.6851	Synpcc7942_1636
M744_RS07960	54105.7675	Synpcc7942_1464
M744_RS07965	236.9344	Synpcc7942_1465
M744_RS07970	883.9391	Synpcc7942_1466
M744_RS07975	195.5617	Synpcc7942_1467
M744_RS07980	73.3845	Synpcc7942_1468
M744_RS07985	39.5247	Synpcc7942_1469
M744_RS07990	9.9136	Synpcc7942_1471
M744_RS07995	32.3963	Synpcc7942_1472
M744_RS08000	51.4454	Synpcc7942_1473
M744_RS08005	18.0119	Synpcc7942_1474
M744_RS08010	85.4869	Synpcc7942_1475
M744_RS08015	77.9829	Synpcc7942_1476
M744_RS08020	222.7462	Synpcc7942_1477
M744_RS08025	141.4165	Synpcc7942_1478
M744_RS08030	821.4256	Synpcc7942_1479
M744_RS08035	59.2224	Synpcc7942_1480
M744_RS08040	575.6679	Synpcc7942_1481
M744_RS08045	276.7211	Synpcc7942_1482
M744_RS08050	25.8275	Synpcc7942_1483
M744_RS08055	608.4384	Synpcc7942_1484
M744_RS08060	51.0219	Synpcc7942_1485
M744_RS08065	207.7017	Synpcc7942_1486
M744_RS08070	2061.1300	Synpcc7942_1487
M744_RS08075	19.2497	Synpcc7942_1488
M744_RS08080	33.1713	Synpcc7942_1489
M744_RS08085	99.5093	Synpcc7942_1490
M744_RS08090	95.0823	Synpcc7942_1491
M744_RS08095	90.2991	Synpcc7942_1492
M744_RS08100	114.0328	Synpcc7942_1493
M744_RS08105	102.2217	Synpcc7942_1494
M744_RS08110	53.4399	Synpcc7942_1495
M744_RS08115	317.2528	Synpcc7942_1496
M744_RS08120	234.8073	Synpcc7942_1497
M744_RS08125	87.7751	Synpcc7942_1498
M744_RS08130	5581.4745	Synpcc7942_1499
M744_RS08135	321.7824	Synpcc7942_1500
M744_RS08140	1151.4422	Synpcc7942_1501
M744_RS08145	95.9824	Synpcc7942_1502
M744_RS08150	162.3107	Synpcc7942_1503
M744_RS08155	85.6294	Synpcc7942_1504
M744_RS08160	844.5464	Synpcc7942_1505
M744_RS08165	1693.3502	Synpcc7942_1506
M744_RS08175	342.6187	Synpcc7942_1507
M744_RS08180	187.1856	Synpcc7942_1508
M744_RS08185	843.4207	Synpcc7942_1509
M744_RS08190	717.6204	Synpcc7942_1510
M744_RS08195	265.7494	Synpcc7942_1511
M744_RS08200	413.8234	Synpcc7942_1512
M744_RS08205	1152.0304	Synpcc7942_1513
M744_RS08210	226.0946	Synpcc7942_1514
M744_RS08215	816.9479	Synpcc7942_1515
M744_RS08220	74.0558	Synpcc7942_1516
M744_RS08225	295.3171	Synpcc7942_1517
M744_RS08230	224.8059	Synpcc7942_1518
M744_RS08235	1034.4975	Synpcc7942_1519
M744_RS08240	2917.5564	Synpcc7942_1520
M744_RS08245	2144.5103	Synpcc7942_1521
M744_RS08265	5784.3837	Synpcc7942_1525
M744_RS08270	195.0657	Synpcc7942_1526
M744_RS08275	453.7606	Synpcc7942_1527
M744_RS08280	89.1905	Synpcc7942_1528
M744_RS08285	100.8674	Synpcc7942_1529
M744_RS08290	26.3261	Synpcc7942_1530
M744_RS08295	127.7554	Synpcc7942_1531
M744_RS08300	33.4518	Synpcc7942_1532
M744_RS08305	289.2575	Synpcc7942_1533
M744_RS08310	1157.0232	Synpcc7942_1534
M744_RS08315	216.5696	Synpcc7942_1535
M744_RS08320	202.3966	Synpcc7942_1536
M744_RS08325	6.6145	Synpcc7942_1538
M744_RS08330	135.2151	Synpcc7942_1541
M744_RS08335	522.3644	Synpcc7942_1542
M744_RS08340	40.3115	Synpcc7942_1544
M744_RS08345	33.0981	Synpcc7942_1545
M744_RS08350	138.8441	Synpcc7942_1546
M744_RS08355	15.2717	Synpcc7942_1547
M744_RS08360	734.8508	Synpcc7942_1548
M744_RS08365	80.1539	Synpcc7942_1549
M744_RS08370	234.0212	Synpcc7942_1550
M744_RS08375	377.1942	Synpcc7942_1551
M744_RS08380	1331.9006	Synpcc7942_1552
M744_RS08385	101.1959	Synpcc7942_1553
M744_RS08390	1446.9008	Synpcc7942_1554
M744_RS08395	769.4572	Synpcc7942_1555
M744_RS08400	243.5522	Synpcc7942_1556
M744_RS08405	3222.8571	Synpcc7942_1557
M744_RS08415	65.4318	Synpcc7942_1558
M744_RS08420	214.3805	Synpcc7942_1559
M744_RS08430	464.8172	Synpcc7942_1561
M744_RS08435	368.9589	Synpcc7942_1562
M744_RS08450	31.7670	Synpcc7942_1563
M744_RS08455	5.4395	Synpcc7942_1564
M744_RS08465	127.2231	Synpcc7942_1565
M744_RS08470	244.7564	Synpcc7942_1566
M744_RS08475	183.3133	Synpcc7942_1567
M744_RS08480	30.4585	Synpcc7942_1568
M744_RS08485	88.2072	Synpcc7942_1569
M744_RS08490	427.1288	Synpcc7942_1570
M744_RS08495	26.9263	Synpcc7942_1571
M744_RS08500	170.6288	Synpcc7942_1572
M744_RS08505	145.6794	Synpcc7942_1573
M744_RS08510	131.9863	Synpcc7942_1574
M744_RS08515	49.5599	Synpcc7942_1575
M744_RS08520	34.5145	Synpcc7942_1576
M744_RS08525	529.6182	Synpcc7942_1577
M744_RS08530	443.7156	Synpcc7942_1578
M744_RS08535	17.5991	Synpcc7942_1579
M744_RS08540	89.6305	Synpcc7942_1580
M744_RS08545	166.4034	Synpcc7942_1581
M744_RS08550	314.7898	Synpcc7942_1582
M744_RS08555	145.5953	Synpcc7942_1583
M744_RS08560	199.6277	Synpcc7942_1584
M744_RS08565	183.6060	Synpcc7942_1585
M744_RS08570	210.8407	Synpcc7942_1586
M744_RS08575	2559.7066	Synpcc7942_1587
M744_RS08580	599.6317	Synpcc7942_1588
M744_RS08585	237.1330	Synpcc7942_1589
M744_RS08590	326.5754	Synpcc7942_1590
M744_RS08595	762.8294	Synpcc7942_1591
M744_RS08600	44.8994	Synpcc7942_1592
M744_RS08605	1857.2143	Synpcc7942_1593
M744_RS08610	1124.6140	Synpcc7942_1594
M744_RS08615	1040.3399	Synpcc7942_1595
M744_RS08620	111.8969	Synpcc7942_1596
M744_RS08625	506.0188	Synpcc7942_1597
M744_RS08630	310.5461	Synpcc7942_1598
M744_RS08635	706.9365	Synpcc7942_1599
M744_RS08640	105.0998	Synpcc7942_1600
M744_RS08645	19.3102	Synpcc7942_1602
M744_RS08650	480.8316	Synpcc7942_1603
M744_RS08655	177.8364	Synpcc7942_1604
M744_RS08660	29.0909	Synpcc7942_1605
M744_RS08665	390.9270	Synpcc7942_1606
M744_RS08670	806.2642	Synpcc7942_1607
M744_RS08675	753.0966	Synpcc7942_1608
M744_RS08680	4552.4382	Synpcc7942_1609
M744_RS08685	526.2994	Synpcc7942_1610
M744_RS08690	55.0837	Synpcc7942_1611
M744_RS08695	413.6399	Synpcc7942_1612
M744_RS08700	2432.2137	Synpcc7942_1613
M744_RS08705	455.4730	Synpcc7942_1614
M744_RS08710	300.7297	Synpcc7942_1615
M744_RS08715	2516.5218	Synpcc7942_1616
M744_RS08720	2385.9832	Synpcc7942_1617
M744_RS08725	252.3440	Synpcc7942_1618
M744_RS08730	227.9075	Synpcc7942_1619
M744_RS08735	242.1963	Synpcc7942_1620
M744_RS08740	1838.7348	Synpcc7942_1621
M744_RS08745	775.4752	Synpcc7942_1622
M744_RS08750	70.2912	Synpcc7942_1623
M744_RS08755	174.5203	Synpcc7942_1624
M744_RS08760	139.8935	Synpcc7942_1625
M744_RS08765	300.7879	Synpcc7942_1626
M744_RS08770	591.5603	Synpcc7942_1627
M744_RS08775	264.2155	Synpcc7942_1628
M744_RS08780	35.5581	Synpcc7942_1629
M744_RS08785	624.3692	Synpcc7942_1630
M744_RS08790	794.8399	Synpcc7942_1631
M744_RS08795	315.3441	Synpcc7942_1632
M744_RS08800	472.8546	Synpcc7942_1633
M744_RS08805	4476.9232	Synpcc7942_1634
M744_RS08815	242.2206	Synpcc7942_1462
M744_RS08820	186.6494	Synpcc7942_1461
M744_RS08825	974.0168	Synpcc7942_1460
M744_RS08830	707.3819	Synpcc7942_1459
M744_RS08835	196.7579	Synpcc7942_1458
M744_RS08840	81.4714	Synpcc7942_1457
M744_RS08845	230.8292	Synpcc7942_1456
M744_RS08850	190.5121	Synpcc7942_1455
M744_RS08855	1103.1176	Synpcc7942_1454
M744_RS08860	1461.1817	Synpcc7942_1453
M744_RS08865	223.1202	Synpcc7942_1452
M744_RS08870	640.1021	Synpcc7942_1451
M744_RS08875	124.3073	Synpcc7942_1450
M744_RS08880	315.9728	Synpcc7942_1449
M744_RS08885	380.8618	Synpcc7942_1448
M744_RS08890	391.2227	Synpcc7942_1447
M744_RS08895	373.3557	Synpcc7942_1446
M744_RS08900	412.3737	Synpcc7942_1445
M744_RS08910	14222.8556	Synpcc7942_1443
M744_RS08920	23.2920	Synpcc7942_1442
M744_RS08930	40.6979	Synpcc7942_1441
M744_RS08935	142.6878	Synpcc7942_1440
M744_RS08940	1164.3535	Synpcc7942_1439
M744_RS08945	1926.0082	Synpcc7942_1438
M744_RS08950	137.0604	Synpcc7942_1437
M744_RS08955	86.6320	Synpcc7942_1436
M744_RS08960	232.1857	Synpcc7942_1435
M744_RS08965	2632.6382	Synpcc7942_1434
M744_RS08970	250.9502	Synpcc7942_1433
M744_RS08975	755.1840	Synpcc7942_1432
M744_RS08980	1173.2741	Synpcc7942_1431
M744_RS08985	509.1629	Synpcc7942_1430
M744_RS08990	251.1196	Synpcc7942_1429
M744_RS08995	149.2225	Synpcc7942_1428
M744_RS09000	9159.3292	Synpcc7942_1427
M744_RS09005	23323.6599	Synpcc7942_1426
M744_RS09010	796.7455	Synpcc7942_1425
M744_RS09015	509.0119	Synpcc7942_1424
M744_RS09020	3623.3136	Synpcc7942_1423
M744_RS09025	1877.2632	Synpcc7942_1422
M744_RS09030	8055.4238	Synpcc7942_1421
M744_RS09035	1207.5365	Synpcc7942_1420
M744_RS09040	1634.1041	Synpcc7942_1419
M744_RS09045	62.0825	Synpcc7942_1418
M744_RS09050	104.1675	Synpcc7942_1417
M744_RS09055	1434.0924	Synpcc7942_1416
M744_RS09060	4461.5516	Synpcc7942_1415
M744_RS09065	440.3087	Synpcc7942_1414
M744_RS09070	122.7956	Synpcc7942_1413
M744_RS09075	608.3689	Synpcc7942_1412
M744_RS09080	248.9189	Synpcc7942_1411
M744_RS09085	6457.6182	Synpcc7942_1410
M744_RS09090	323.5969	Synpcc7942_1409
M744_RS09095	84.2641	Synpcc7942_1408
M744_RS09100	846.7948	Synpcc7942_1407
M744_RS09105	500.9977	Synpcc7942_1406
M744_RS09110	76.7935	Synpcc7942_1405
M744_RS09115	121.8397	Synpcc7942_1404
M744_RS09120	112.6392	Synpcc7942_1403
M744_RS09125	360.0361	Synpcc7942_1402
M744_RS09130	449.9265	Synpcc7942_1401
M744_RS09135	719.5549	Synpcc7942_1400
M744_RS09140	723.0713	Synpcc7942_1399
M744_RS09145	1053.6508	Synpcc7942_1398
M744_RS09150	11550.4526	Synpcc7942_1397
M744_RS09155	104.1276	Synpcc7942_1396
M744_RS09160	54.8028	Synpcc7942_1395
M744_RS09165	513.1238	Synpcc7942_1394
M744_RS09170	179.9481	Synpcc7942_1393
M744_RS09175	129.0512	Synpcc7942_1392
M744_RS09180	175.2628	Synpcc7942_1391
M744_RS09185	388.4659	Synpcc7942_1390
M744_RS09195	49.2545	Synpcc7942_1388
M744_RS09200	198.9293	Synpcc7942_1387
M744_RS09205	275.7208	Synpcc7942_1386
M744_RS09210	149.4038	Synpcc7942_1385
M744_RS09215	167.2473	Synpcc7942_1384
M744_RS09220	1444.0511	Synpcc7942_1383
M744_RS09225	837.4364	Synpcc7942_1382
M744_RS09230	571.0329	Synpcc7942_1381
M744_RS09235	216.7604	Synpcc7942_1380
M744_RS09240	415.4904	Synpcc7942_1379
M744_RS09250	144.1871	Synpcc7942_1378
M744_RS09255	3259.1644	Synpcc7942_1377
M744_RS09260	219.6289	Synpcc7942_1376
M744_RS09265	244.9724	Synpcc7942_1375
M744_RS09270	466.0177	Synpcc7942_1374
M744_RS09275	526.7971	Synpcc7942_1373
M744_RS09280	1146.1851	Synpcc7942_1372
M744_RS09285	152.9880	Synpcc7942_1371
M744_RS09290	217.8566	Synpcc7942_1370
M744_RS09295	91.2857	Synpcc7942_1369
M744_RS09300	197.0678	Synpcc7942_1368
M744_RS09305	46.3171	Synpcc7942_1367
M744_RS09310	354.4580	Synpcc7942_1366
M744_RS09315	224.7604	Synpcc7942_1365
M744_RS09320	613.3176	Synpcc7942_1364
M744_RS09330	516.8721	Synpcc7942_1362
M744_RS09335	271.6097	Synpcc7942_1361
M744_RS09340	181.8173	Synpcc7942_1360
M744_RS09345	484.4052	Synpcc7942_1359
M744_RS09350	292.2887	Synpcc7942_1358
M744_RS09355	756.7040	Synpcc7942_1357
M744_RS09360	86.0770	Synpcc7942_1356
M744_RS09365	724.2239	Synpcc7942_1355
M744_RS09370	45.2231	Synpcc7942_1354
M744_RS09375	76.3566	Synpcc7942_1353
M744_RS09380	2112.6751	Synpcc7942_1352
M744_RS09385	92.5639	Synpcc7942_1351
M744_RS09390	12.5064	Synpcc7942_1350
M744_RS09395	107.1959	Synpcc7942_1349
M744_RS09400	68.1475	Synpcc7942_1348
M744_RS09405	87.3633	Synpcc7942_1347
M744_RS09410	501.5700	Synpcc7942_1346
M744_RS09415	849.0666	Synpcc7942_1345
M744_RS09420	1192.7799	Synpcc7942_1344
M744_RS09425	1704.5748	Synpcc7942_1343
M744_RS09430	112.9380	Synpcc7942_1342
M744_RS09435	124.9750	Synpcc7942_1341
M744_RS09440	635.1933	Synpcc7942_1340
M744_RS09445	116.8241	Synpcc7942_1339
M744_RS09450	1190.6123	Synpcc7942_1338
M744_RS09455	637.7541	Synpcc7942_1337
M744_RS09460	196.6950	Synpcc7942_1336
M744_RS09465	57.7867	Synpcc7942_1335
M744_RS09470	115.9244	Synpcc7942_1334
M744_RS09475	150.7626	Synpcc7942_1333
M744_RS09480	286.1936	Synpcc7942_1332
M744_RS09485	83.7636	Synpcc7942_1331
M744_RS09490	715.2239	Synpcc7942_1330
M744_RS09495	1233.8479	Synpcc7942_1329
M744_RS09500	20.0724	Synpcc7942_1328
M744_RS09505	162.1781	Synpcc7942_1327
M744_RS09510	845.4029	Synpcc7942_1326
M744_RS09515	182.7367	Synpcc7942_1325
M744_RS09520	904.2000	Synpcc7942_1324
M744_RS09525	249.6425	Synpcc7942_1323
M744_RS09530	26651.6290	Synpcc7942_1322
M744_RS09535	93.3023	Synpcc7942_1321
M744_RS09540	243.3357	Synpcc7942_1320
M744_RS09545	68.0279	Synpcc7942_1319
M744_RS09550	28.8616	Synpcc7942_1318
M744_RS09555	55.5376	Synpcc7942_1317
M744_RS09560	35.7723	Synpcc7942_1316
M744_RS09565	609.0155	Synpcc7942_1315
M744_RS09570	4823.7340	Synpcc7942_1314
M744_RS09575	573.1453	Synpcc7942_1313
M744_RS09580	425.5136	Synpcc7942_1312
M744_RS09585	202.6563	Synpcc7942_1311
M744_RS09590	174.7159	Synpcc7942_1310
M744_RS09595	90.1791	Synpcc7942_1309
M744_RS09600	305.1587	Synpcc7942_1308
M744_RS09605	158.8738	Synpcc7942_1307
M744_RS09610	565.2093	Synpcc7942_1306
M744_RS09615	311.9555	Synpcc7942_1305
M744_RS09620	227.2646	Synpcc7942_1304
M744_RS09625	231.8554	Synpcc7942_1303
M744_RS09630	766.1849	Synpcc7942_1302
M744_RS09635	128.8006	Synpcc7942_1301
M744_RS09640	81.3212	Synpcc7942_1300
M744_RS09645	205.0743	Synpcc7942_1299
M744_RS09650	1522.9721	Synpcc7942_1298
M744_RS09655	1160.2691	Synpcc7942_1297
M744_RS09660	27.3176	Synpcc7942_1296
M744_RS09665	286.5889	Synpcc7942_1295
M744_RS09670	1224.7098	Synpcc7942_1294
M744_RS09675	1923.6022	Synpcc7942_1293
M744_RS09680	824.0419	Synpcc7942_1292
M744_RS09685	52.0857	Synpcc7942_1291
M744_RS09690	910.1315	Synpcc7942_1289
M744_RS09695	45.4692	Synpcc7942_1288
M744_RS09700	1099.3795	Synpcc7942_1287
M744_RS09705	117.7818	Synpcc7942_1286
M744_RS09710	89.9262	Synpcc7942_1285
M744_RS09715	29.9345	Synpcc7942_1284
M744_RS09720	45.5799	Synpcc7942_1283
M744_RS09725	61.8581	Synpcc7942_1282
M744_RS09730	392.2253	Synpcc7942_1281
M744_RS09735	269.5809	Synpcc7942_1280
M744_RS09740	4.1272	Synpcc7942_1279
M744_RS09745	1151.0015	Synpcc7942_1278
M744_RS09750	1935.6149	Synpcc7942_1277
M744_RS09755	148.4582	Synpcc7942_1276
M744_RS09760	442.5046	Synpcc7942_1275
M744_RS09765	429.1827	Synpcc7942_1274
M744_RS09770	103.6196	Synpcc7942_1273
M744_RS09775	48.4348	Synpcc7942_1272
M744_RS09780	224.6003	Synpcc7942_1271
M744_RS09785	784.1924	Synpcc7942_1270
M744_RS09790	271.3727	Synpcc7942_1269
M744_RS09795	353.0632	Synpcc7942_1268
M744_RS09800	343.6486	Synpcc7942_1267
M744_RS09805	206.3514	Synpcc7942_1266
M744_RS09810	240.4108	Synpcc7942_1265
M744_RS09815	247.5355	Synpcc7942_1264
M744_RS09820	60.1122	Synpcc7942_1263
M744_RS09825	123.8226	Synpcc7942_1262
M744_RS09830	403.7625	Synpcc7942_1261
M744_RS09835	400.7337	Synpcc7942_1260
M744_RS09840	976.9107	Synpcc7942_1259
M744_RS09845	80.3940	Synpcc7942_1258
M744_RS09850	690.9300	Synpcc7942_1257
M744_RS09855	305.6747	Synpcc7942_1256
M744_RS09860	102.5015	Synpcc7942_1255
M744_RS09865	3734.5483	Synpcc7942_1254
M744_RS09875	146.9057	Synpcc7942_1252
M744_RS09880	110.5715	Synpcc7942_1251
M744_RS09885	8897.1937	Synpcc7942_1250
M744_RS09890	9140.1001	Synpcc7942_1249
M744_RS09895	135.2779	Synpcc7942_1248
M744_RS09905	472.1837	Synpcc7942_1246
M744_RS09910	40.5606	Synpcc7942_1245
M744_RS09915	275.2327	Synpcc7942_1244
M744_RS09920	88.9245	Synpcc7942_1243
M744_RS09925	259.8522	Synpcc7942_1242
M744_RS09930	452.6186	Synpcc7942_1241
M744_RS09935	7152.1381	Synpcc7942_1240
M744_RS09940	10623.2795	Synpcc7942_1239
M744_RS09945	5609.5038	Synpcc7942_1238
M744_RS09950	9190.9000	Synpcc7942_1237
M744_RS09955	3565.9434	Synpcc7942_1236
M744_RS09960	583.4271	Synpcc7942_1235
M744_RS09965	137.4860	Synpcc7942_1234
M744_RS09970	40.6299	Synpcc7942_1233
M744_RS09975	2720.5108	Synpcc7942_1232
M744_RS09980	7127.3760	Synpcc7942_1231
M744_RS09985	247.9949	Synpcc7942_1230
M744_RS09990	102.7587	Synpcc7942_1229
M744_RS09995	43.8548	Synpcc7942_1228
M744_RS10000	75.1888	Synpcc7942_1227
M744_RS10010	404.2376	Synpcc7942_1226
M744_RS10015	1286.2579	Synpcc7942_1225
M744_RS10020	466.5157	Synpcc7942_1224
M744_RS10025	479.2580	Synpcc7942_1223
M744_RS10030	69.1244	Synpcc7942_1222
M744_RS10035	795.4936	Synpcc7942_1221
M744_RS10040	4424.6055	Synpcc7942_1220
M744_RS10045	2921.0808	Synpcc7942_1219
M744_RS10050	292.2343	Synpcc7942_1218
M744_RS10055	202.6304	Synpcc7942_1217
M744_RS10060	523.5764	Synpcc7942_1216
M744_RS10065	57.1837	Synpcc7942_1215
M744_RS10070	78.0568	Synpcc7942_1214
M744_RS10075	27.9989	Synpcc7942_1213
M744_RS10085	43.2687	Synpcc7942_1212
M744_RS10090	26.6349	Synpcc7942_1211
M744_RS10095	14.1679	Synpcc7942_1210
M744_RS10100	261.6991	Synpcc7942_1209
M744_RS10105	137.1880	Synpcc7942_1208
M744_RS10110	126.6007	Synpcc7942_1207
M744_RS10115	17.9826	Synpcc7942_1206
M744_RS10125	7.4287	Synpcc7942_1204
M744_RS10130	7.6181	Synpcc7942_1203
M744_RS10135	455.3482	Synpcc7942_1202
M744_RS10140	431.7861	Synpcc7942_1201
M744_RS10145	103.9714	Synpcc7942_1200
M744_RS10150	170.3132	Synpcc7942_1199
M744_RS10155	1364.5488	Synpcc7942_1198
M744_RS10160	347.3801	Synpcc7942_1197
M744_RS10165	208.0831	Synpcc7942_1196
M744_RS10170	287.8331	Synpcc7942_1195
M744_RS10175	210.3977	Synpcc7942_1194
M744_RS10180	299.2161	Synpcc7942_1193
M744_RS10185	752.6320	Synpcc7942_1192
M744_RS10190	132.3409	Synpcc7942_1191
M744_RS10195	704.8190	Synpcc7942_1190
M744_RS10200	85.6053	Synpcc7942_1189
M744_RS10205	158.2212	Synpcc7942_1188
M744_RS10210	156.9280	Synpcc7942_1187
M744_RS10215	29.2942	Synpcc7942_1186
M744_RS10220	82.9417	Synpcc7942_1185
M744_RS10225	1209.4306	Synpcc7942_1184
M744_RS10230	677.2629	Synpcc7942_1183
M744_RS10235	1431.1071	Synpcc7942_1182
M744_RS10240	1848.7704	Synpcc7942_1181
M744_RS10245	693.5018	Synpcc7942_1180
M744_RS10250	642.2493	Synpcc7942_1179
M744_RS10255	748.3336	Synpcc7942_1178
M744_RS10260	6300.0406	Synpcc7942_1177
M744_RS10265	2025.3566	Synpcc7942_1176
M744_RS10270	3884.7607	Synpcc7942_1175
M744_RS10275	48.3294	Synpcc7942_1173
M744_RS10280	138.3580	Synpcc7942_1172
M744_RS10285	115.0013	Synpcc7942_1171
M744_RS10290	132.5742	Synpcc7942_1170
M744_RS10295	373.8966	Synpcc7942_1169
M744_RS10300	76.5030	Synpcc7942_1168
M744_RS10305	115.2169	Synpcc7942_1167
M744_RS10310	134.6487	Synpcc7942_1166
M744_RS10320	103.3332	Synpcc7942_1164
M744_RS10330	54.7469	Synpcc7942_1163
M744_RS10335	29.9648	Synpcc7942_1162
M744_RS10340	12.4091	Synpcc7942_1161
M744_RS10345	68.8661	Synpcc7942_1160
M744_RS10355	1069.5003	Synpcc7942_1158
M744_RS10360	407.7905	Synpcc7942_1157
M744_RS10365	323.6873	Synpcc7942_1156
M744_RS10370	46.3533	Synpcc7942_1155
M744_RS10375	301.5459	Synpcc7942_1154
M744_RS10380	282.7022	Synpcc7942_1153
M744_RS10390	429.9057	Synpcc7942_1151
M744_RS10395	474.0258	Synpcc7942_1150
M744_RS10405	309.8457	Synpcc7942_1149
M744_RS10410	1863.1351	Synpcc7942_1148
M744_RS10415	36.6454	Synpcc7942_1147
M744_RS10420	211.7232	Synpcc7942_1146
M744_RS10425	808.6785	Synpcc7942_1145
M744_RS10435	627.8173	Synpcc7942_1144
M744_RS10440	491.7446	Synpcc7942_1143
M744_RS10445	600.5342	Synpcc7942_1142
M744_RS10450	85.5690	Synpcc7942_1141
M744_RS10455	95.6337	Synpcc7942_1140
M744_RS10460	2026.0313	Synpcc7942_1139
M744_RS10470	2832.5022	Synpcc7942_1137
M744_RS10475	1233.3694	Synpcc7942_1136
M744_RS10480	51.7437	Synpcc7942_1135
M744_RS10485	45.5010	Synpcc7942_1134
M744_RS10490	42.5772	Synpcc7942_1133
M744_RS10495	48.3660	Synpcc7942_1132
M744_RS10500	152.7824	Synpcc7942_1131
M744_RS10505	829.8300	Synpcc7942_1130
M744_RS10510	114.9027	Synpcc7942_1129
M744_RS10515	86.3877	Synpcc7942_1128
M744_RS10520	1532.8332	Synpcc7942_1127
M744_RS10525	302.1583	Synpcc7942_1126
M744_RS10530	1940.4330	Synpcc7942_1125
M744_RS10535	1183.5763	Synpcc7942_1124
M744_RS10540	1358.0723	Synpcc7942_1123
M744_RS10545	961.1450	Synpcc7942_1121
M744_RS10550	67.4239	Synpcc7942_1120
M744_RS10555	36.9956	Synpcc7942_1119
M744_RS10565	513.1323	Synpcc7942_1117
M744_RS10570	2695.6137	Synpcc7942_1116
M744_RS10575	177.6700	Synpcc7942_1115
M744_RS10580	298.2222	Synpcc7942_1114
M744_RS10585	228.2133	Synpcc7942_1113
M744_RS10590	160.8090	Synpcc7942_1112
M744_RS10595	245.9150	Synpcc7942_1111
M744_RS10600	804.6360	Synpcc7942_1110
M744_RS10605	105.1724	Synpcc7942_1109
M744_RS10610	103.1090	Synpcc7942_1108
M744_RS10615	381.7534	Synpcc7942_1107
M744_RS10620	156.1645	Synpcc7942_1106
M744_RS10625	454.8175	Synpcc7942_1105
M744_RS10630	327.5739	Synpcc7942_1104
M744_RS10635	56.9726	Synpcc7942_1103
M744_RS10640	277.9670	Synpcc7942_1102
M744_RS10645	2422.5507	Synpcc7942_1101
M744_RS10650	413.8292	Synpcc7942_1100
M744_RS10655	143.2618	Synpcc7942_1099
M744_RS10660	175.4015	Synpcc7942_1098
M744_RS10665	1709.9561	Synpcc7942_1096
M744_RS10670	161.9737	Synpcc7942_1095
M744_RS10675	47.7247	Synpcc7942_1094
M744_RS10680	206.6185	Synpcc7942_1093
M744_RS10685	61.8938	Synpcc7942_1092
M744_RS10690	68.0045	Synpcc7942_1091
M744_RS10695	526.2491	Synpcc7942_1090
M744_RS10700	2675.1636	Synpcc7942_1089
M744_RS10705	14857.0619	Synpcc7942_1088
M744_RS10710	404.8428	Synpcc7942_1087
M744_RS10715	2193.9704	Synpcc7942_1086
M744_RS10720	439.3854	Synpcc7942_1085
M744_RS10725	6.1058	Synpcc7942_1084
M744_RS10735	365.4674	Synpcc7942_1082
M744_RS10740	268.4075	Synpcc7942_1081
M744_RS10745	258.6562	Synpcc7942_1080
M744_RS10755	332.2293	Synpcc7942_1079
M744_RS10760	525.6617	Synpcc7942_1078
M744_RS10765	51.9908	Synpcc7942_1077
M744_RS10770	26.0332	Synpcc7942_1076
M744_RS10775	11.1527	Synpcc7942_1075
M744_RS10780	37.3092	Synpcc7942_1074
M744_RS10785	153.6739	Synpcc7942_1073
M744_RS10790	124.3628	Synpcc7942_1072
M744_RS10795	388.8498	Synpcc7942_1071
M744_RS10800	69.6370	Synpcc7942_1070
M744_RS10805	144.7665	Synpcc7942_1069
M744_RS10810	1066.7764	Synpcc7942_1068
M744_RS10815	9.1693	Synpcc7942_1067
M744_RS10825	541.9903	Synpcc7942_1065
M744_RS10830	382.6149	Synpcc7942_1064
M744_RS10835	178.3477	Synpcc7942_1063
M744_RS10840	303.3617	Synpcc7942_1062
M744_RS10845	327.2765	Synpcc7942_1061
M744_RS10855	172.9836	Synpcc7942_1060
M744_RS10860	3157.7816	Synpcc7942_1059
M744_RS10865	24.5744	Synpcc7942_1058
M744_RS10870	812.1276	Synpcc7942_1057
M744_RS10875	1037.6992	Synpcc7942_1056
M744_RS10880	109.8001	Synpcc7942_1055
M744_RS10885	463.3976	Synpcc7942_1054
M744_RS10900	7884.9572	Synpcc7942_1051
M744_RS10905	37144.5418	Synpcc7942_1050
M744_RS10910	35023.0769	Synpcc7942_1049
M744_RS10925	137.4426	Synpcc7942_1046
M744_RS10930	233.0038	Synpcc7942_1045
M744_RS10935	240.0280	Synpcc7942_1044
M744_RS10940	76.9187	Synpcc7942_1043
M744_RS10945	326.6510	Synpcc7942_1042
M744_RS10950	179.1359	Synpcc7942_1040
M744_RS10955	110.1857	Synpcc7942_1039
M744_RS10960	68.6930	Synpcc7942_1038
M744_RS10965	778.1011	Synpcc7942_1037
M744_RS10970	681.6647	Synpcc7942_1036
M744_RS10975	194.8077	Synpcc7942_1035
M744_RS10980	210.5320	Synpcc7942_1034
M744_RS10985	561.9579	Synpcc7942_1033
M744_RS10990	726.0440	Synpcc7942_1032
M744_RS11000	607.7691	Synpcc7942_1030
M744_RS11005	683.4809	Synpcc7942_1029
M744_RS11015	13.6559	Synpcc7942_1027
M744_RS11020	229.6356	Synpcc7942_1026
M744_RS11025	63.7476	Synpcc7942_1025
M744_RS11030	95.9599	Synpcc7942_1024
M744_RS11035	343.9665	Synpcc7942_1022
M744_RS11040	71.9726	Synpcc7942_1021
M744_RS11045	68.4235	Synpcc7942_1020
M744_RS11050	392.9968	Synpcc7942_1019
M744_RS11055	100.0007	Synpcc7942_1018
M744_RS11060	165.5806	Synpcc7942_1017
M744_RS11070	370.9461	Synpcc7942_1016
M744_RS11075	3223.1526	Synpcc7942_1015
M744_RS11080	4309.2303	Synpcc7942_1014
M744_RS11085	132.5381	Synpcc7942_1013
M744_RS11090	135.1425	Synpcc7942_1012
M744_RS11095	150.4186	Synpcc7942_1011
M744_RS11100	148.9360	Synpcc7942_1010
M744_RS11105	76.1138	Synpcc7942_1009
M744_RS11110	72.8838	Synpcc7942_1008
M744_RS11115	284.2460	Synpcc7942_1007
M744_RS11125	263.6519	Synpcc7942_1006
M744_RS11130	45.5125	Synpcc7942_1005
M744_RS11135	21.6698	Synpcc7942_1004
M744_RS11145	52400.6742	Synpcc7942_1002
M744_RS11150	767.1475	Synpcc7942_1001
M744_RS11155	139.3044	Synpcc7942_1000
M744_RS11160	277.9069	Synpcc7942_0999
M744_RS11165	1408.2354	Synpcc7942_0998
M744_RS11170	2767.7484	Synpcc7942_0997
M744_RS11175	206.9704	Synpcc7942_0996
M744_RS11180	97.4774	Synpcc7942_0995
M744_RS11185	174.1016	Synpcc7942_0994
M744_RS11190	726.4083	Synpcc7942_0993
M744_RS11195	295.9874	Synpcc7942_0992
M744_RS11200	495.4069	Synpcc7942_0991
M744_RS11205	48.6639	Synpcc7942_0990
M744_RS11210	326.9401	Synpcc7942_0989
M744_RS11215	323.3646	Synpcc7942_0988
M744_RS11220	339.1271	Synpcc7942_0987
M744_RS11225	285.1946	Synpcc7942_0986
M744_RS11230	730.3464	Synpcc7942_0985
M744_RS11235	71.1381	Synpcc7942_0984
M744_RS11240	290.6626	Synpcc7942_0983
M744_RS11245	397.5932	Synpcc7942_0982
M744_RS11250	325.0483	Synpcc7942_0981
M744_RS11260	105.5086	Synpcc7942_0979
M744_RS11270	8062.3829	Synpcc7942_0978
M744_RS11275	12108.2859	Synpcc7942_0977
M744_RS11280	205.0726	Synpcc7942_0976
M744_RS11285	37.0457	Synpcc7942_0975
M744_RS11295	135.7769	Synpcc7942_0972
M744_RS11300	1172.2998	Synpcc7942_0971
M744_RS11305	61.2656	Synpcc7942_0970
M744_RS11310	122.1886	Synpcc7942_0969
M744_RS11315	94.9687	Synpcc7942_0968
M744_RS11320	1011.4267	Synpcc7942_0967
M744_RS11325	147.8835	Synpcc7942_0966
M744_RS11330	419.1264	Synpcc7942_0965
M744_RS11335	391.3442	Synpcc7942_0964
M744_RS11340	108.3795	Synpcc7942_0962
M744_RS11345	219.5760	Synpcc7942_0961
M744_RS11350	150.8345	Synpcc7942_0960
M744_RS11355	371.5850	Synpcc7942_0959
M744_RS11360	78.5765	Synpcc7942_0958
M744_RS11365	539.9187	Synpcc7942_0957
M744_RS11370	1720.4014	Synpcc7942_0956
M744_RS11375	233.6233	Synpcc7942_0955
M744_RS11380	280.6310	Synpcc7942_0954
M744_RS11385	53.0912	Synpcc7942_0953
M744_RS11390	338.4823	Synpcc7942_0952
M744_RS11395	370.0886	Synpcc7942_0951
M744_RS11400	221.8665	Synpcc7942_0950
M744_RS11405	132.2456	Synpcc7942_0949
M744_RS11410	74.5938	Synpcc7942_0948
M744_RS11415	114.0112	Synpcc7942_0947
M744_RS11420	189.5793	Synpcc7942_0946
M744_RS11425	42.0063	Synpcc7942_0945
M744_RS11430	167.2874	Synpcc7942_0944
M744_RS11435	1713.3819	Synpcc7942_0943
M744_RS11440	3553.0968	Synpcc7942_0942
M744_RS11445	1077.5112	Synpcc7942_0941
M744_RS11450	213.4807	Synpcc7942_0940
M744_RS11455	291.7099	Synpcc7942_0939
M744_RS11460	16.9270	Synpcc7942_0938
M744_RS11465	107.5624	Synpcc7942_0937
M744_RS11470	63.4474	Synpcc7942_0936
M744_RS11475	45.1662	Synpcc7942_0935
M744_RS11480	93.7948	Synpcc7942_0934
M744_RS11485	44.0712	Synpcc7942_0933
M744_RS11490	284.6660	Synpcc7942_0932
M744_RS11495	264.8818	Synpcc7942_0931
M744_RS11500	249.2974	Synpcc7942_0930
M744_RS11505	653.7816	Synpcc7942_0929
M744_RS11510	3404.3710	Synpcc7942_0928
M744_RS11515	353.4580	Synpcc7942_0927
M744_RS11520	445.1925	Synpcc7942_0926
M744_RS11525	451.2541	Synpcc7942_0925
M744_RS11530	642.5490	Synpcc7942_0924
M744_RS11535	252.5476	Synpcc7942_0923
M744_RS11540	21.0924	Synpcc7942_0922
M744_RS11545	75.0598	Synpcc7942_0921
M744_RS11550	9263.5539	Synpcc7942_0920
M744_RS11555	251.9555	Synpcc7942_0919
M744_RS11565	950.7780	Synpcc7942_0917
M744_RS11580	86.6906	Synpcc7942_0915
M744_RS11585	41.1719	Synpcc7942_0914
M744_RS11590	13.9488	Synpcc7942_0913
M744_RS11595	204.8132	Synpcc7942_0912
M744_RS11600	49.3579	Synpcc7942_0911
M744_RS11605	578.6418	Synpcc7942_0910
M744_RS11610	1021.8229	Synpcc7942_0909
M744_RS11615	329.5748	Synpcc7942_0908
M744_RS11625	339.6587	Synpcc7942_0906
M744_RS11630	1109.5012	Synpcc7942_0904
M744_RS11635	2903.1181	Synpcc7942_0903
M744_RS11640	108.9179	Synpcc7942_0902
M744_RS11645	88.2526	Synpcc7942_0901
M744_RS11650	794.9532	Synpcc7942_0900
M744_RS11655	68.2442	Synpcc7942_0899
M744_RS11665	44.9243	Synpcc7942_0898
M744_RS11670	45.7863	Synpcc7942_0897
M744_RS11675	458.9755	Synpcc7942_0896
M744_RS11680	82.7158	Synpcc7942_0895
M744_RS11685	36.4583	Synpcc7942_0894
M744_RS11695	53.2670	Synpcc7942_0892
M744_RS11700	228.1091	Synpcc7942_0891
M744_RS11710	376.8887	Synpcc7942_0889
M744_RS11715	71.9032	Synpcc7942_0888
M744_RS11720	2101.4174	Synpcc7942_0887
M744_RS11725	1707.5164	Synpcc7942_0886
M744_RS11730	18406.7051	Synpcc7942_0885
M744_RS11735	23956.0389	Synpcc7942_0884
M744_RS11740	3898.4027	Synpcc7942_0883
M744_RS11745	233.5819	Synpcc7942_0882
M744_RS11750	122.2034	Synpcc7942_0881
M744_RS11755	221.9069	Synpcc7942_0880
M744_RS11760	60.6163	Synpcc7942_0879
M744_RS11765	1795.2348	Synpcc7942_0878
M744_RS11770	759.6035	Synpcc7942_0877
M744_RS11775	1283.6704	Synpcc7942_0876
M744_RS11780	116.2883	Synpcc7942_0875
M744_RS11785	506.3766	Synpcc7942_0874
M744_RS11790	251.7886	Synpcc7942_0873
M744_RS11795	22.0457	Synpcc7942_0872
M744_RS11800	85.3361	Synpcc7942_0871
M744_RS11805	188.3595	Synpcc7942_0870
M744_RS11810	127.7774	Synpcc7942_0869
M744_RS11815	332.6238	Synpcc7942_0868
M744_RS11820	43.2296	Synpcc7942_0867
M744_RS11825	94.2704	Synpcc7942_0866
M744_RS11830	84.1899	Synpcc7942_0865
M744_RS11835	609.5708	Synpcc7942_0864
M744_RS11840	1534.1002	Synpcc7942_0863
M744_RS11845	145.6960	Synpcc7942_0862
M744_RS11850	1165.9848	Synpcc7942_0861
M744_RS11855	741.3893	Synpcc7942_0860
M744_RS11860	2911.2857	Synpcc7942_0859
M744_RS11865	8503.5508	Synpcc7942_0858
M744_RS11870	1075.0009	Synpcc7942_0857
M744_RS11875	1186.9986	Synpcc7942_0856
M744_RS11880	2771.7757	Synpcc7942_0855
M744_RS11885	654.0655	Synpcc7942_0854
M744_RS11890	587.0159	Synpcc7942_0853
M744_RS11895	401.9490	Synpcc7942_0851
M744_RS11900	405.9150	Synpcc7942_0850
M744_RS11910	607.2033	Synpcc7942_0848
M744_RS11915	1151.6143	Synpcc7942_0847
M744_RS11920	414.2079	Synpcc7942_0846
M744_RS11925	1171.1556	Synpcc7942_0844
M744_RS11930	2081.6183	Synpcc7942_0843
M744_RS11935	763.3094	Synpcc7942_0842
M744_RS11940	139.0001	Synpcc7942_0841
M744_RS11945	85.8290	Synpcc7942_0840
M744_RS11950	62.8351	Synpcc7942_0839
M744_RS11955	67.4508	Synpcc7942_0838
M744_RS11960	21.0485	Synpcc7942_0837
M744_RS11965	21.9879	Synpcc7942_0836
M744_RS11970	609.1497	Synpcc7942_0835
M744_RS11975	6059.7987	Synpcc7942_0834
M744_RS11980	605.4691	Synpcc7942_0833
M744_RS11995	56.4230	Synpcc7942_0831
M744_RS12000	320.2197	Synpcc7942_0830
M744_RS12005	101.0676	Synpcc7942_0829
M744_RS12010	149.5129	Synpcc7942_0828
M744_RS12015	387.6699	Synpcc7942_0827
M744_RS12020	170.6035	Synpcc7942_0826
M744_RS12025	108.6622	Synpcc7942_0825
M744_RS12030	459.2660	Synpcc7942_0824
M744_RS12035	326.2450	Synpcc7942_0823
M744_RS12040	235.6911	Synpcc7942_0822
M744_RS12045	234.2536	Synpcc7942_0821
M744_RS12050	288.0767	Synpcc7942_0820
M744_RS12055	510.6009	Synpcc7942_0819
M744_RS12060	226.9604	Synpcc7942_0818
M744_RS12065	178.1077	Synpcc7942_0817
M744_RS12070	255.3275	Synpcc7942_0816
M744_RS12075	140.0375	Synpcc7942_0815
M744_RS12080	34.7496	Synpcc7942_0814
M744_RS12085	348.5966	Synpcc7942_0813
M744_RS12090	639.9454	Synpcc7942_0812
M744_RS12095	324.4671	Synpcc7942_0811
M744_RS12100	14.6208	Synpcc7942_0810
M744_RS12105	572.6536	Synpcc7942_0809
M744_RS12110	816.8909	Synpcc7942_0808
M744_RS12115	560.4603	Synpcc7942_0807
M744_RS12120	132.7115	Synpcc7942_0806
M744_RS12125	400.6905	Synpcc7942_0805
M744_RS12130	549.5085	Synpcc7942_0804
M744_RS12135	305.1274	Synpcc7942_0803
M744_RS12140	151.9091	Synpcc7942_0802
M744_RS12145	4643.8152	Synpcc7942_0801
M744_RS12150	241.9573	Synpcc7942_0800
M744_RS12155	351.0624	Synpcc7942_0799
M744_RS12160	43.7638	Synpcc7942_0798
M744_RS12165	326.2838	Synpcc7942_0797
M744_RS12170	65.0517	Synpcc7942_0796
M744_RS12175	53.1084	Synpcc7942_0795
M744_RS12180	3865.2501	Synpcc7942_0794
M744_RS12185	599.7489	Synpcc7942_0793
M744_RS12190	285.0814	Synpcc7942_0792
M744_RS12195	107.3470	Synpcc7942_0791
M744_RS12200	4737.0119	Synpcc7942_0790
M744_RS12205	130.5564	Synpcc7942_0789
M744_RS12210	571.1252	Synpcc7942_0788
M744_RS12215	419.7037	Synpcc7942_0787
M744_RS12220	81.5966	Synpcc7942_0786
M744_RS12225	42.9303	Synpcc7942_0785
M744_RS12230	157.8622	Synpcc7942_0783
M744_RS12235	889.5621	Synpcc7942_0782
M744_RS12240	1927.2643	Synpcc7942_0781
M744_RS12245	326.0689	Synpcc7942_0780
M744_RS12250	2104.9551	Synpcc7942_0779
M744_RS12255	56.4518	Synpcc7942_0778
M744_RS12260	289.7727	Synpcc7942_0777
M744_RS12265	546.0016	Synpcc7942_0776
M744_RS12270	93.6097	Synpcc7942_0775
M744_RS12275	344.0101	Synpcc7942_0774
M744_RS12280	639.3606	Synpcc7942_0773
M744_RS12295	22.7274	Synpcc7942_0766
M744_RS12310	63.9692	Synpcc7942_0763
M744_RS12315	1607.5076	Synpcc7942_0762
M744_RS12325	228.8265	Synpcc7942_0761
M744_RS12330	250.3239	Synpcc7942_0760
M744_RS12335	1708.6445	Synpcc7942_0759
M744_RS12340	138.9995	Synpcc7942_0757
M744_RS12345	58.1510	Synpcc7942_0756
M744_RS12355	21.2783	Synpcc7942_0755
M744_RS12365	39.6299	Synpcc7942_0753
M744_RS12370	2.6969	Synpcc7942_0752
M744_RS12375	18.1319	Synpcc7942_0751
M744_RS12380	167.7326	Synpcc7942_0750
M744_RS12385	55.5257	Synpcc7942_0749
M744_RS12390	59.4472	Synpcc7942_0748
M744_RS12395	187.1367	Synpcc7942_0747
M744_RS12405	131.5678	Synpcc7942_0745
M744_RS12410	260.4585	Synpcc7942_0744
M744_RS12415	144.9111	Synpcc7942_0743
M744_RS12420	48.2513	Synpcc7942_0742
M744_RS12425	75.1998	Synpcc7942_0741
M744_RS12430	52.6498	Synpcc7942_0740
M744_RS12455	82.3395	Synpcc7942_0737
M744_RS12460	63.0822	Synpcc7942_0736
M744_RS12465	77.9742	Synpcc7942_0735
M744_RS12470	363.7657	Synpcc7942_0734
M744_RS12475	148.5883	Synpcc7942_0733
M744_RS12480	46.0521	Synpcc7942_0732
M744_RS12485	28.0310	Synpcc7942_0731
M744_RS12490	30.7949	Synpcc7942_0730
M744_RS12495	95.4226	Synpcc7942_0729
M744_RS12500	353.3613	Synpcc7942_0728
M744_RS12505	60.3102	Synpcc7942_0727
M744_RS12510	1.7454	Synpcc7942_0726
M744_RS12515	26.7313	Synpcc7942_0725
M744_RS12520	19.6359	Synpcc7942_0724
M744_RS12530	10.0755	Synpcc7942_0722
M744_RS12535	1.2945	Synpcc7942_0721
M744_RS12555	4.1711	Synpcc7942_0719
M744_RS12560	6.0499	Synpcc7942_0718
M744_RS12565	1.9429	Synpcc7942_0717
M744_RS12580	171.0515	Synpcc7942_0716
M744_RS12590	1451.0555	Synpcc7942_0715
M744_RS12600	353.6394	Synpcc7942_0714
M744_RS12605	847.5668	Synpcc7942_0713
M744_RS12610	3399.7953	Synpcc7942_0712
M744_RS12615	1249.5050	Synpcc7942_0711
M744_RS12620	737.0478	Synpcc7942_0710
M744_RS12625	70.4015	Synpcc7942_0709
M744_RS12630	1865.6140	Synpcc7942_0708
M744_RS12635	76.2433	Synpcc7942_0707
M744_RS12640	89.7265	Synpcc7942_0706
M744_RS12645	244.5359	Synpcc7942_0705
M744_RS12650	159.6991	Synpcc7942_0704
M744_RS12655	317.4214	Synpcc7942_0703
M744_RS12660	40.5987	Synpcc7942_0702
M744_RS12665	103.6217	Synpcc7942_0701
M744_RS12670	8166.8514	Synpcc7942_0700
M744_RS12675	2276.7357	Synpcc7942_0699
M744_RS12685	53871.8489	Synpcc7942_0697
M744_RS12690	8717.9263	Synpcc7942_0696
M744_RS12695	1120.2766	Synpcc7942_0695
M744_RS12700	2412.1206	Synpcc7942_0694
M744_RS12705	41.0765	Synpcc7942_0693
M744_RS12710	41.1142	Synpcc7942_0692
M744_RS12715	84.5776	Synpcc7942_0691
M744_RS12720	300.9344	Synpcc7942_0690
M744_RS12725	170.9748	Synpcc7942_0689
M744_RS12730	42.4433	Synpcc7942_0688
M744_RS12735	866.5750	Synpcc7942_0687
M744_RS12740	1562.0627	Synpcc7942_0686
M744_RS12750	4944.5126	Synpcc7942_0685
M744_RS12755	548.4315	Synpcc7942_0684
M744_RS12760	164.2345	Synpcc7942_0683
M744_RS12765	476.3590	Synpcc7942_0682
M744_RS12770	196.9333	Synpcc7942_0681
M744_RS12775	185.0127	Synpcc7942_0680
M744_RS12780	3905.8152	Synpcc7942_0679
M744_RS12790	169.1804	Synpcc7942_0678
M744_RS12800	1560.3383	Synpcc7942_0677
M744_RS12805	123.6373	Synpcc7942_0676
M744_RS12810	126.5406	Synpcc7942_0675
M744_RS12815	2459.6047	Synpcc7942_0674
M744_RS12820	82.2470	Synpcc7942_0673
M744_RS12825	146.6728	Synpcc7942_0672
M744_RS12830	190.6846	Synpcc7942_0671
M744_RS12835	171.3650	Synpcc7942_0670
M744_RS12840	127.1265	Synpcc7942_0669
M744_RS12850	2574.9108	Synpcc7942_0667
M744_RS12855	88.1201	Synpcc7942_0666
M744_RS12860	227.7343	Synpcc7942_0665
M744_RS12865	235.7397	Synpcc7942_0664
M744_RS12870	186.4097	Synpcc7942_0663
M744_RS12875	914.7281	Synpcc7942_0662
M744_RS12880	334.5421	Synpcc7942_0661
M744_RS12885	218.7936	Synpcc7942_0660
M744_RS12890	227.6438	Synpcc7942_0659
M744_RS12895	423.6817	Synpcc7942_0658
M744_RS12900	8632.2411	Synpcc7942_0657
M744_RS12905	72537.3691	Synpcc7942_0656
M744_RS12920	630.4757	Synpcc7942_0653
M744_RS12925	335.5864	Synpcc7942_0652
M744_RS12930	173.7190	Synpcc7942_0651
M744_RS12935	18.6204	Synpcc7942_0650
M744_RS12940	4376.6582	Synpcc7942_0649
M744_RS12945	75.6485	Synpcc7942_0648
M744_RS12950	368.4226	Synpcc7942_0647
M744_RS12955	172.5603	Synpcc7942_0646
M744_RS12960	5443.1829	Synpcc7942_0645
M744_RS12965	711.5001	Synpcc7942_0644
M744_RS12970	158.2979	Synpcc7942_0643
M744_RS12975	376.7467	Synpcc7942_0642
M744_RS12980	253.4828	Synpcc7942_0641
M744_RS12985	476.9969	Synpcc7942_0640
M744_RS12990	1743.4170	Synpcc7942_0639
M744_RS12995	343.3170	Synpcc7942_0638
M744_RS13000	1096.2354	Synpcc7942_0637
M744_RS13005	1009.3768	Synpcc7942_0636
M744_RS13010	3518.0836	Synpcc7942_0635
M744_RS13015	2275.8683	Synpcc7942_0634
M744_RS13020	4431.9082	Synpcc7942_0633
M744_RS13025	3255.0149	Synpcc7942_0632
M744_RS13030	3232.1816	Synpcc7942_0631
M744_RS13035	342.1460	Synpcc7942_0630
M744_RS13040	63.2562	Synpcc7942_0629
M744_RS13045	164.5362	Synpcc7942_0628
M744_RS13050	27.6653	Synpcc7942_0627
M744_RS13060	1816.6997	Synpcc7942_0626
M744_RS13065	1255.3870	Synpcc7942_0625
M744_RS13070	512.9253	Synpcc7942_0624
M744_RS13075	1033.6032	Synpcc7942_0623
M744_RS13080	1107.5001	Synpcc7942_0622
M744_RS13085	415.1850	Synpcc7942_0621
M744_RS13090	586.2363	Synpcc7942_0620
M744_RS13095	1036.2154	Synpcc7942_0619
M744_RS13100	2597.3591	Synpcc7942_0618
M744_RS13105	99.3407	Synpcc7942_0617
M744_RS13110	164.0437	Synpcc7942_0616
M744_RS13115	40.0196	Synpcc7942_0615
M744_RS13120	629.2053	Synpcc7942_0614
M744_RS13125	65.2343	Synpcc7942_0613
M744_RS13130	472.2020	Synpcc7942_0612
M744_RS13140	593.9919	Synpcc7942_0610
M744_RS13145	754.1053	Synpcc7942_0609
M744_RS13150	526.8415	Synpcc7942_0608
M744_RS13160	49.4086	Synpcc7942_0606
M744_RS13165	126.5654	Synpcc7942_0605
M744_RS13170	2195.3180	Synpcc7942_0604
M744_RS13175	2137.6157	Synpcc7942_0603
M744_RS13180	288.4599	Synpcc7942_0602
M744_RS13185	204.5119	Synpcc7942_0600
M744_RS13190	217.1810	Synpcc7942_0599
M744_RS13200	5995.7633	Synpcc7942_0598
M744_RS13205	231.5470	Synpcc7942_0597
M744_RS13210	139.7221	Synpcc7942_0596
M744_RS13215	670.0235	Synpcc7942_0595
M744_RS13220	692.1372	Synpcc7942_0594
M744_RS13230	165.6461	Synpcc7942_0592
M744_RS13235	64.7871	Synpcc7942_0591
M744_RS13240	110.7448	Synpcc7942_0590
M744_RS13250	258.5775	Synpcc7942_0588
M744_RS13255	1068.8928	Synpcc7942_0587
M744_RS13290	35.4357	Synpcc7942_B2633
M744_RS13295	81.0331	Synpcc7942_B2632
M744_RS13300	219.2116	Synpcc7942_B2655
M744_RS13315	217.8293	Synpcc7942_B2631
M744_RS13320	14.5986	Synpcc7942_B2630
M744_RS13325	24.7363	Synpcc7942_B2629
M744_RS13330	6.7707	Synpcc7942_B2628
M744_RS13335	12.3927	Synpcc7942_B2627
M744_RS13340	3.5404	Synpcc7942_B2625
M744_RS13345	16.1577	Synpcc7942_B2624
M744_RS13350	22.7616	Synpcc7942_B2623
M744_RS13355	24.1620	Synpcc7942_B2622
M744_RS13360	9.1399	Synpcc7942_B2621
M744_RS13365	8.6095	Synpcc7942_B2620
M744_RS13370	7.1989	Synpcc7942_B2619
M744_RS13375	25.2576	Synpcc7942_B2618
M744_RS13380	4.7853	Synpcc7942_B2617
M744_RS13385	9.6925	Synpcc7942_B2616
M744_RS13395	17.3779	Synpcc7942_B2664
M744_RS13400	11.8603	Synpcc7942_B2663
M744_RS13405	10.9870	Synpcc7942_B2662
M744_RS13410	38.7916	Synpcc7942_B2661
M744_RS13415	96.0667	Synpcc7942_B2654
M744_RS13420	12.6365	Synpcc7942_B2659
M744_RS13425	135.8084	Synpcc7942_B2648
M744_RS13430	34.4067	Synpcc7942_B2637
M744_RS13440	158.7477	Synpcc7942_B2615
M744_RS13450	179.3900	Synpcc7942_B2653
M744_RS13455	103.1406	Synpcc7942_B2651
M744_RS13470	3.3771	Synpcc7942_B2650
M744_RS13475	18.7886	Synpcc7942_B2649
M744_RS13480	95.1722	Synpcc7942_B2647
M744_RS13485	92.5402	Synpcc7942_B2646
M744_RS13490	119.6291	Synpcc7942_B2645
M744_RS13495	31.0574	Synpcc7942_B2644
M744_RS13500	13.6458	Synpcc7942_B2643
M744_RS13505	43.3928	Synpcc7942_B2642
M744_RS13510	16.3320	Synpcc7942_B2640
M744_RS13520	93.7645	Synpcc7942_B2638
M744_RS13540	1377.1874	Synpcc7942_B2634
M744_RS13545	7.5920	Synpcc7942_B2657
M744_RS13550	36.5591	Synpcc7942_B2656
M744_RS13590	95.5084	Synpcc7942_0287
M744_RS13595	22.1493	Synpcc7942_1663
M744_RS13600	49.0515	Synpcc7942_0738
M744_RS13605	259.7308	Synpcc7942_0593
M744_RS13615	63.6040	Synpcc7942_B2626
M744_RS13625	7271.0408	Synpcc7942_0456
M744_RS13630	137.1721	Synpcc7942_0372
M744_RS13635	414.6688	Synpcc7942_0176
M744_RS13645	171.4632	Synpcc7942_0117
M744_RS13650	3.4089	Synpcc7942_0064
M744_RS13655	69.3071	Synpcc7942_0033
M744_RS13660	3971.4603	Synpcc7942_2486
M744_RS13675	143.7632	Synpcc7942_2404
M744_RS13690	120.9381	Synpcc7942_2257
M744_RS13705	974.3660	Synpcc7942_2212
M744_RS13720	48.2461	Synpcc7942_2065
M744_RS13725	1267.5277	Synpcc7942_1705
M744_RS13735	14.7827	Synpcc7942_1470
M744_RS13745	53.6078	Synpcc7942_1540
M744_RS13760	20.9145	Synpcc7942_1601
M744_RS13770	501.0017	Synpcc7942_1290
M744_RS13775	226.6957	Synpcc7942_1253
M744_RS13780	4432.2450	Synpcc7942_1174
M744_RS13790	1042.2952	Synpcc7942_1122
M744_RS13795	124.1235	Synpcc7942_1023
M744_RS13805	283.0961	Synpcc7942_0963
M744_RS13815	98.3917	Synpcc7942_0784
M744_RS13825	115.8076	Synpcc7942_0758
M744_RS13840	2.4695	Synpcc7942_B2658
M744_RS13845	3.1618	Synpcc7942_1670
M744_RS13850	288.7178	Synpcc7942_0916
M744_RS13860	5.6148	Synpcc7942_B2636
M744_RS13870	496.5341	Synpcc7942_0577
M744_RS13875	516.6839	Synpcc7942_0491
M744_RS13880	42.5088	Synpcc7942_0438
M744_RS13900	764.5488	Synpcc7942_2485
M744_RS13905	297.4851	Synpcc7942_2336
M744_RS13915	253.5019	Synpcc7942_2259
M744_RS13925	44.3622	Synpcc7942_2189
M744_RS13950	225.0908	Synpcc7942_1812
M744_RS13955	25.8333	Synpcc7942_1759
M744_RS13965	28.3115	Synpcc7942_1702
M744_RS13970	6.6984	Synpcc7942_1690
M744_RS14030	33.9239	Synpcc7942_0907
M744_RS14035	9881.3435	Synpcc7942_0905
M744_RS14085	79.6297	Synpcc7942_0497
M744_RS14090	1108.0082	Synpcc7942_0474
M744_RS14095	848.4342	Synpcc7942_0347
M744_RS14100	37.3829	Synpcc7942_0207
M744_RS14105	89.6314	Synpcc7942_2474
M744_RS14120	187.2175	Synpcc7942_1955
M744_RS14125	696.1292	Synpcc7942_1822
M744_RS14130	45.3231	Synpcc7942_1754
M744_RS14135	13.0576	Synpcc7942_1560
M744_RS14210	26581.8545	Synpcc7942_0048
M744_RS14230	7.5838	Synpcc7942_1543
M744_RS14265	460.7046	Synpcc7942_0668
M744_RS14275	165.1068	Synpcc7942_2242
M744_RS14290	26.1325	Synpcc7942_2489
M744_RS14325	5609.3450	Synpcc7942_1152
