locus_tag	ratio	source_gene_id
M744_RS00255	-1.9251	Synpcc7942_0537
M744_RS00715	-2.7379	Synpcc7942_0443
M744_RS01280	-2.1952	Synpcc7942_0334
M744_RS01310	2.5767	Synpcc7942_0328
M744_RS01315	1.8143	Synpcc7942_0327
M744_RS01320	2.0968	Synpcc7942_0326
M744_RS01325	2.5435	Synpcc7942_0325
M744_RS01345	-1.9257	Synpcc7942_0321
M744_RS01360	-3.3756	Synpcc7942_0318
M744_RS01365	-2.0440	Synpcc7942_0317
M744_RS01385	-1.5339	Synpcc7942_0313
M744_RS01535	-2.8503	Synpcc7942_0284
M744_RS01760	2.2912	Synpcc7942_0240
M744_RS01905	-1.6659	Synpcc7942_0212
M744_RS02130	-2.1628	Synpcc7942_0167
M744_RS02660	-2.2087	Synpcc7942_0065
M744_RS02770	-3.2603	Synpcc7942_0042
M744_RS02785	2.1849	Synpcc7942_0039
M744_RS02920	-2.3857	Synpcc7942_0012
M744_RS03255	-1.8290	Synpcc7942_2565
M744_RS03345	-3.2051	Synpcc7942_2548
M744_RS03390	-1.6212	Synpcc7942_2541
M744_RS03440	-2.1740	Synpcc7942_2531
M744_RS03475	-2.1607	Synpcc7942_2524
M744_RS03620	-1.5957	Synpcc7942_2497
M744_RS03670	-1.9535	Synpcc7942_2487
M744_RS03885	-2.3326	Synpcc7942_2444
M744_RS04065	-1.8978	Synpcc7942_2408
M744_RS04530	-2.0396	Synpcc7942_2316
M744_RS04540	-2.9492	Synpcc7942_2314
M744_RS04545	-1.6607	Synpcc7942_2313
M744_RS04975	-1.5696	Synpcc7942_2231
M744_RS04980	-1.8508	Synpcc7942_2230
M744_RS04985	-1.5781	Synpcc7942_2229
M744_RS04995	-2.1231	Synpcc7942_2227
M744_RS05015	-2.9057	Synpcc7942_2223
M744_RS05030	-1.6582	Synpcc7942_2220
M744_RS05040	-2.0740	Synpcc7942_2218
M744_RS05045	-1.6788	Synpcc7942_2217
M744_RS05050	-2.0070	Synpcc7942_2216
M744_RS05070	-2.4612	Synpcc7942_2211
M744_RS05075	-1.7230	Synpcc7942_2210
M744_RS05080	-2.4014	Synpcc7942_2209
M744_RS05095	-1.8986	Synpcc7942_2206
M744_RS05250	3.3285	Synpcc7942_2175
M744_RS05555	-1.6534	Synpcc7942_2118
M744_RS05790	-2.0317	Synpcc7942_2072
M744_RS05995	3.5463	Synpcc7942_2030
M744_RS06155	-1.9149	Synpcc7942_1999
M744_RS06610	-1.6595	Synpcc7942_1908
M744_RS07005	-2.1992	Synpcc7942_1831
M744_RS07120	2.1714	Synpcc7942_1806
M744_RS07245	-2.6214	Synpcc7942_1781
M744_RS07280	-1.9580	Synpcc7942_1774
M744_RS07740	-2.9792	Synpcc7942_1679
M744_RS07765	-2.2622	Synpcc7942_1674
M744_RS07950	-5.8751	Synpcc7942_1636
M744_RS07970	1.6341	Synpcc7942_1466
M744_RS08070	-3.0334	Synpcc7942_1487
M744_RS08075	1.5835	Synpcc7942_1488
M744_RS08240	-2.6568	Synpcc7942_1520
M744_RS08655	-2.7788	Synpcc7942_1604
M744_RS08860	-1.9221	Synpcc7942_1453
M744_RS09000	-4.2121	Synpcc7942_1427
M744_RS09020	-3.1777	Synpcc7942_1423
M744_RS09420	-1.4751	Synpcc7942_1344
M744_RS09975	-1.5963	Synpcc7942_1232
M744_RS10045	-2.0599	Synpcc7942_1219
M744_RS10155	-1.5347	Synpcc7942_1198
M744_RS10195	-1.6141	Synpcc7942_1190
M744_RS10540	-2.2285	Synpcc7942_1123
M744_RS10570	-2.1386	Synpcc7942_1116
M744_RS10600	1.5452	Synpcc7942_1110
M744_RS10900	14.6789	Synpcc7942_1051
M744_RS10905	3.4830	Synpcc7942_1050
M744_RS10910	20.2682	Synpcc7942_1049
M744_RS11075	-1.5151	Synpcc7942_1015
M744_RS11145	-2.3731	Synpcc7942_1002
M744_RS11295	-2.7086	Synpcc7942_0972
M744_RS11720	-1.8869	Synpcc7942_0887
M744_RS11725	-3.1126	Synpcc7942_0886
M744_RS12125	-1.4950	Synpcc7942_0805
M744_RS12610	-1.6799	Synpcc7942_0712
M744_RS12700	-2.0758	Synpcc7942_0694
M744_RS12755	-1.6774	Synpcc7942_0684
M744_RS12990	-2.2896	Synpcc7942_0639
M744_RS13015	-1.8651	Synpcc7942_0634
M744_RS13020	-1.7415	Synpcc7942_0633
