gene	codon	amino_acid	count
agaW	AGC	S	1
agaW	TTA	L	1
agaW	TTG	L	3
appX	AGT	S	1
appX	TTA	L	1
appX	TTG	L	3
arpB	AGA	R	3
arpB	AGC	S	2
arpB	AGT	S	3
arpB	TTA	L	5
arpB	TTG	L	2
azoR	AGC	S	5
azoR	TTA	L	1
azoR	TTG	L	3
azuC	AGT	S	1
betA	TTG	L	1
bisC	TTG	L	1
carA	TTG	L	1
cdsA	TTG	L	1
clsC	TTG	L	1
cpdA	TTG	L	1
cspH	TTG	L	1
cvrA	TTG	L	1
cyaA	TTG	L	1
dacD	TTG	L	1
deoA	TTG	L	1
dgcF	TTG	L	1
dinQ	TTA	L	1
dosC	AGA	R	1
dosC	AGG	R	1
dosC	AGT	S	3
dosC	TTG	L	2
efeU	AGC	S	1
efeU	AGT	S	1
efeU	TTG	L	2
fabZ	TTG	L	1
fadD	TTG	L	1
fes	AGC	S	1
fes	AGT	S	1
fes	TTA	L	1
ftsK	TTG	L	1
fxsA	TTG	L	1
gapC	AGC	S	1
gapC	AGT	S	1
gapC	TTA	L	1
gapC	TTG	L	1
gcvR	TTG	L	1
glpR	AGA	R	1
glpR	AGC	S	3
glpR	AGG	R	1
glpR	AGT	S	1
glpR	TTA	L	2
glrK	TTG	L	1
glvG	AGA	R	1
glvG	AGC	S	3
glvG	AGT	S	2
glvG	TTG	L	1
gntK	TTG	L	1
gshA	TTG	L	1
gsiA	AGT	S	1
gsiA	TTG	L	1
hflX	TTG	L	1
hokA	AGA	R	1
hrpA	TTG	L	2
hypE	AGC	S	1
ibsA	AGC	S	1
ibsA	TTA	L	1
ibsB	AGC	S	1
ibsB	TTA	L	1
ibsC	AGC	S	1
ibsC	AGT	S	1
ibsC	TTA	L	1
ibsD	AGT	S	1
ibsD	TTA	L	1
ibsD	TTG	L	1
ibsE	AGT	S	1
ibsE	TTA	L	2
ibsE	TTG	L	1
ilvG	AGC	S	2
ilvG	AGT	S	1
ilvG	TTA	L	8
ilvG	TTG	L	6
ilvX	AGA	R	1
ilvX	AGC	S	1
ilvX	AGG	R	1
insZ	AGT	S	1
insZ	TTA	L	1
lacA	TTG	L	1
lafU	AGC	S	5
lafU	AGT	S	3
lafU	TTA	L	2
lfhA	AGC	S	18
lfhA	AGG	R	1
lfhA	AGT	S	5
lfhA	TTA	L	3
lfhA	TTG	L	12
lipB	TTG	L	1
mdtQ	TTA	L	1
melB	AGC	S	1
mgtL	AGA	R	1
mgtL	TTA	L	1
mgtS	AGC	S	1
mgtS	TTA	L	1
mltF	TTA	L	1
mltF	TTG	L	2
mntS	AGG	R	1
mntS	AGT	S	1
mntS	TTA	L	1
mntS	TTG	L	1
ndh	TTG	L	1
nrdE	TTG	L	1
nuoN	TTG	L	2
opgB	TTG	L	1
opgD	AGA	R	1
pbl	AGA	R	3
pbl	AGC	S	3
pbl	AGT	S	1
pbl	TTA	L	8
pbl	TTG	L	2
pdeK	AGT	S	1
pdeK	TTA	L	1
pdeK	TTG	L	1
pgpC	TTG	L	1
phnE	AGA	R	2
phnE	AGC	S	7
phnE	AGG	R	1
phnE	TTA	L	1
phnE	TTG	L	2
plsX	TTG	L	1
pmrR	AGC	S	3
pmrR	AGT	S	1
pmrR	TTA	L	1
pnp	TTG	L	1
ppnN	TTG	L	1
psd	TTG	L	1
rbsR	TTG	L	1
rcsC	TTG	L	1
rffC	AGC	S	1
rffC	AGT	S	1
rffC	TTA	L	1
rimP	TTG	L	1
rlmI	AGT	S	1
rlmI	TTA	L	3
rnd	TTG	L	1
rph	AGC	S	1
rph	TTG	L	5
rpsT	TTG	L	1
rseD	AGA	R	1
rseD	AGC	S	1
rseD	TTA	L	1
rseD	TTG	L	3
rsfS	TTG	L	1
rsgA	TTG	L	1
safA	AGA	R	2
safA	AGT	S	2
safA	TTA	L	2
safA	TTG	L	2
sfmH	TTG	L	1
sgrT	AGC	S	1
sgrT	AGT	S	1
sgrT	TTA	L	2
sgrT	TTG	L	2
shoB	TTA	L	2
slyA	TTG	L	1
speD	TTG	L	1
spoT	TTG	L	1
unnamed_cds_24835	AGC	S	2
unnamed_cds_24835	AGG	R	1
unnamed_cds_24835	AGT	S	1
unnamed_cds_24835	TTA	L	2
unnamed_cds_24835	TTG	L	2
uof	AGA	R	1
uof	TTA	L	1
uvrY	TTG	L	1
waaJ	AGA	R	4
waaJ	AGC	S	1
waaJ	AGG	R	1
waaJ	AGT	S	3
waaJ	TTA	L	12
waaJ	TTG	L	7
yabR	AGA	R	2
yabR	TTA	L	1
yacM	AGT	S	1
yacM	TTA	L	1
yadW	AGA	R	1
yadW	TTA	L	1
yadW	TTG	L	1
yahV	TTA	L	2
yahV	TTG	L	2
ybfK	AGA	R	1
ybfK	AGC	S	1
ybfK	AGG	R	1
ybfK	AGT	S	3
ybfK	TTA	L	4
ybgU	AGA	R	1
ybgU	AGT	S	3
ybgU	TTA	L	1
ybgU	TTG	L	1
ycbZ	TTG	L	1
ychO	AGC	S	1
ychO	TTA	L	2
ychO	TTG	L	2
yciV	TTG	L	1
yciX	AGT	S	1
yciX	TTA	L	1
yciY	AGA	R	1
yciY	AGC	S	2
yciY	AGG	R	1
yciY	AGT	S	1
yciY	TTA	L	1
yciY	TTG	L	1
yciZ	TTA	L	1
yciZ	TTG	L	1
yddG	AGC	S	1
yddY	TTA	L	1
ydgU	TTA	L	1
yeaV	TTG	L	1
yecU	AGC	S	1
yecU	AGG	R	1
yecU	TTA	L	2
yedS	AGA	R	1
yedS	AGC	S	2
yedS	TTA	L	3
yedS	TTG	L	1
yeeL	AGC	S	2
yeeL	AGG	R	1
yeeL	AGT	S	4
yeeL	TTA	L	11
yeeL	TTG	L	6
yeeO	TTG	L	1
yehF	AGA	R	3
yehF	AGC	S	3
yehF	AGG	R	1
yehF	AGT	S	5
yehF	TTA	L	7
yehF	TTG	L	4
yfaS	TTA	L	1
yfiM	AGC	S	1
yfiM	TTA	L	1
yfiM	TTG	L	2
yfjD	TTG	L	1
ygdT	AGC	S	1
ygdT	AGT	S	1
ygdT	TTA	L	2
ygdT	TTG	L	1
ygeR	TTG	L	1
yghX	AGC	S	1
yghX	AGT	S	3
yghX	TTA	L	2
yghX	TTG	L	3
ygiB	AGC	S	1
yhdW	AGA	R	1
yhdW	AGC	S	1
yhdW	AGT	S	1
yhdW	TTG	L	6
yhfK	TTG	L	1
yibQ	TTG	L	1
yidR	TTG	L	1
yifN	AGC	S	4
yifN	AGG	R	1
yifN	TTA	L	2
yifN	TTG	L	1
yihA	TTG	L	2
yjbI	AGA	R	1
yjbI	AGC	S	1
yjbI	AGT	S	2
yjbI	TTA	L	2
yjbI	TTG	L	1
yjbS	AGA	R	1
yjbS	AGC	S	1
yjbS	AGG	R	1
yjbS	TTA	L	4
yjbS	TTG	L	3
yjbT	AGC	S	2
yjbT	AGG	R	2
yjbT	TTA	L	1
yjbT	TTG	L	1
yjjB	TTA	L	2
yjjB	TTG	L	1
ykfM	AGA	R	1
ykfM	TTA	L	8
ykfM	TTG	L	2
ykfN	AGC	S	1
ykfN	TTA	L	1
ykiA	TTG	L	1
ykiD	AGC	S	2
ykiD	TTA	L	1
ylbE	AGA	R	1
ylbE	AGC	S	8
ylbE	AGT	S	1
ylbE	TTA	L	3
ylbE	TTG	L	1
yliM	AGA	R	2
ymcF	TTG	L	1
ymdG	AGA	R	1
ymdG	AGT	S	1
ymdG	TTA	L	1
ymdG	TTG	L	1
ymgJ	AGA	R	3
ymgJ	AGC	S	2
ymgJ	TTA	L	2
ymgM	AGA	R	1
ymgM	AGC	S	3
ymgM	TTA	L	2
ymgM	TTG	L	1
ymiA	AGG	R	1
ymiA	AGT	S	1
ymiA	TTA	L	2
ymiA	TTG	L	1
ymiB	AGT	S	2
ymiB	TTA	L	2
ymjE	AGC	S	1
ymjE	AGG	R	3
ymjE	TTA	L	2
ymjE	TTG	L	2
yncL	AGA	R	2
yncL	AGT	S	1
yncL	TTG	L	1
yneP	AGA	R	2
yneP	AGC	S	1
yneP	AGG	R	2
yneP	TTA	L	1
yneP	TTG	L	1
ynhF	AGC	S	1
ynhF	TTG	L	2
ynjC	TTA	L	2
ynjC	TTG	L	1
yoaK	TTA	L	1
yoaL	AGC	S	4
yoaL	AGG	R	3
yoaL	AGT	S	1
yoaL	TTA	L	3
yoaL	TTG	L	2
yobI	TTA	L	1
yobI	TTG	L	1
yohP	TTG	L	1
yojO	AGA	R	1
ypaB	AGA	R	1
ypaB	AGG	R	2
ypaB	TTA	L	1
ypaB	TTG	L	1
yqcG	AGA	R	1
yqcG	AGC	S	1
yqcG	TTA	L	1
yqeL	TTA	L	3
yqeL	TTG	L	1
yqfG	AGT	S	2
yqfG	TTA	L	1
yqfG	TTG	L	2
yqfH	AGC	S	2
yqfH	TTG	L	1
yqfI	AGA	R	1
yqfI	AGT	S	1
yqfI	TTA	L	1
yqhI	AGC	S	1
yqhI	AGG	R	1
yqhI	TTA	L	1
yqhI	TTG	L	1
yqiD	AGA	R	2
yqiD	AGT	S	1
yqiD	TTA	L	1
yqiD	TTG	L	2
yrbN	AGA	R	1
yrbN	TTA	L	1
ysdD	TTG	L	1
yshB	AGC	S	2
yshB	AGT	S	1
ytcA	AGC	S	2
ytcA	AGG	R	1
ytcA	TTA	L	1
ytcA	TTG	L	1
ytfA	TTA	L	1
zinT	TTG	L	1
