citation	doi_or_pmid	retrieved_via	claim_supported
Martin Bland; Altman (1986). STATISTICAL METHODS FOR ASSESSING AGREEMENT BETWEEN TWO METHODS OF CLINICAL MEASUREMENT. The Lancet.	doi:10.1016/S0140-6736(86)90837-8; PMID:2868172	ABSTRACT ONLY: Europe PMC abstract; CrossRef metadata	Correlation coefficients are misleading for judging agreement between two measurements; difference-versus-mean analysis proposed instead.
Lin (1989). A Concordance Correlation Coefficient to Evaluate Reproducibility. Biometrics.	doi:10.2307/2532051; PMID:2720055	ABSTRACT ONLY: Europe PMC abstract; CrossRef metadata	Concordance correlation coefficient defined as correlation of paired readings on the 45-degree line (agreement, not association).
Lovell; Pawlowsky-Glahn; Egozcue et al. (2015). Proportionality: A Valid Alternative to Correlation for Relative Data. PLOS Computational Biology.	doi:10.1371/journal.pcbi.1004075; PMID:25775355; PMC4361748	Full text read: PMC4361748 (Europe PMC/PMC deposit); CrossRef metadata	Correlations computed on relative (compositional) data can be spurious; proportionality proposed as alternative.
Li; Brown; Huang et al. (2011). Measuring reproducibility of high-throughput experiments. The Annals of Applied Statistics.	doi:10.1214/11-AOAS466	ABSTRACT ONLY: OpenAlex abstract; CrossRef metadata	Reproducibility measured from paired replicate ranks with arbitrary scale per replicate (IDR); basis for rank-based replicate yardstick.
Čuklina; Lee; Williams et al. (2021). Diagnostics and correction of batch effects in large‐scale proteomic studies: a tutorial. Molecular Systems Biology.	doi:10.15252/msb.202110240; PMID:34432947; PMC8447595	Full text read: PMC8447595 (Europe PMC/PMC deposit); CrossRef metadata	Proteomic QC compares sample correlations within vs between batches, with attention to replicate correlation; missing values and drift are proteomics-specific; completely confounded designs can be biased beyond repair.
Yuan; Al Bulushi; Sastry et al. (2024). Machine learning reveals the transcriptional regulatory network and circadian dynamics of  Synechococcus elongatus  PCC 7942. Proceedings of the National Academy of Sciences.	doi:10.1073/pnas.2410492121; PMID:39269777; PMC11420160	Full text read: PMC11420160 (Europe PMC/PMC deposit); CrossRef metadata	S. elongatus PCC 7942 compendium: 393 public + 31 in-house samples, standardized reprocessing, samples with replicate R2 < 0.91 or no replicates filtered, 300 profiles over 158 conditions, log-TPM normalized to project-specific reference conditions.
Irizarry; Warren; Spencer et al. (2005). Multiple-laboratory comparison of microarray platforms. Nature Methods.	doi:10.1038/nmeth756; PMID:15846361	ABSTRACT ONLY: Europe PMC abstract; CrossRef metadata	Relatively large differences between laboratories using the same microarray platform on identical RNA; best-performing labs agree well.
MAQC Consortium; Shi; Shi et al. (2006). The MicroArray Quality Control (MAQC) project shows inter- and intraplatform reproducibility of gene expression measurements. Nature Biotechnology.	doi:10.1038/nbt1239; PMID:16964229; PMC3272078	ABSTRACT ONLY: Europe PMC abstract; CrossRef metadata	MAQC: intraplatform consistency across test sites and high interplatform concordance in differentially expressed genes.
Zhao; Fung-Leung; Bittner et al. (2014). Comparison of RNA-Seq and Microarray in Transcriptome Profiling of Activated T Cells. PLoS ONE.	doi:10.1371/journal.pone.0078644; PMID:24454679; PMC3894192	Full text read: PMC3894192 (Europe PMC/PMC deposit); CrossRef metadata	RNA-seq vs Affymetrix on identical samples correlate r = 0.88-0.90; RNA-seq broader dynamic range and better low-abundance detection.
SEQC/MAQC-III Consortium (2014). A comprehensive assessment of RNA-seq accuracy, reproducibility and information content by the Sequencing Quality Control Consortium. Nature Biotechnology.	doi:10.1038/nbt.2957; PMID:25150838; PMC4321899	Full text read: PMC4321899 (Europe PMC/PMC deposit); CrossRef metadata	SEQC: relative expression accurate and reproducible across sites and platforms with filters; absolute measurements not accurate on any platform.
Parmigiani; Garrett-Mayer; Anbazhagan et al. (2004). A Cross-Study Comparison of Gene Expression Studies for the Molecular Classification of Lung Cancer. Clinical Cancer Research.	doi:10.1158/1078-0432.CCR-03-0490; PMID:15131026	ABSTRACT ONLY: Europe PMC abstract; CrossRef metadata	Cross-study comparison via integrative correlation and reproducibility of gene-wise t statistics without assimilating expression values across platforms.
Garrett-Mayer; Parmigiani; Zhong et al. (2007). Cross-study validation and combined analysis of gene expression microarray data. Biostatistics.	doi:10.1093/biostatistics/kxm033; PMID:17873151	ABSTRACT ONLY: Europe PMC abstract; CrossRef metadata	Tools to gauge cross-study reproducibility; the reliable gene subset varies with platform, tissue and population.
Plaisier; Taschereau; Wong et al. (2010). Rank–rank hypergeometric overlap: identification of statistically significant overlap between gene-expression signatures. Nucleic Acids Research.	doi:10.1093/nar/gkq636; PMID:20660011; PMC2943622	Full text read: PMC2943622 (Europe PMC/PMC deposit); CrossRef metadata	Rank-rank hypergeometric overlap: threshold-free comparison of two ranked differential-expression profiles.
Cahill; Huo; Tseng et al. (2018). Improved identification of concordant and discordant gene expression signatures using an updated rank-rank hypergeometric overlap approach. Scientific Reports.	doi:10.1038/s41598-018-27903-2; PMID:29942049; PMC6018631	Full text read: PMC6018631 (Europe PMC/PMC deposit); CrossRef metadata	RRHO2 corrects RRHO to detect same-direction and opposite-direction overlap separately.
Wang; Gong; Bushel et al. (2014). The concordance between RNA-seq and microarray data depends on chemical treatment and transcript abundance. Nature Biotechnology.	doi:10.1038/nbt.3001; PMID:25150839; PMC4243706	Full text read: PMC4243706 (Europe PMC/PMC deposit); CrossRef metadata	Cross-platform DEG concordance scales with treatment effect size (e.g. 60% strong vs 25% weak perturbation); RNA-seq advantage mainly at low abundance.
Crow; Lim; Ballouz et al. (2019). Predictability of human differential gene expression. Proceedings of the National Academy of Sciences.	doi:10.1073/pnas.1802973116; PMID:30846554; PMC6442595	Full text read: PMC6442595 (Europe PMC/PMC deposit); CrossRef metadata	Prior probability of DE predicts DE hit lists across >600 studies (mean AUROC ~0.8); replicated DE can reflect generic processes.
Leek; Scharpf; Bravo et al. (2010). Tackling the widespread and critical impact of batch effects in high-throughput data. Nature Reviews Genetics.	doi:10.1038/nrg2825; PMID:20838408; PMC3880143	Full text read: PMC3880143 (Europe PMC/PMC deposit); CrossRef metadata	Batch effects widespread; example of hierarchical clustering separating disease groups confounded with processing date.
Lin; Lin; Nery et al. (2014). Comparison of the transcriptional landscapes between human and mouse tissues. Proceedings of the National Academy of Sciences.	doi:10.1073/pnas.1413624111; PMID:25413365; PMC4260565	ABSTRACT ONLY: Europe PMC abstract; CrossRef metadata	Mouse ENCODE report that expression is more similar across tissues within species than between species.
Gilad; Mizrahi-Man (2015). A reanalysis of mouse ENCODE comparative gene expression data. F1000Research.	doi:10.12688/f1000research.6536.1; PMID:26236466; PMC4516019	Full text read: PMC4516019 (Europe PMC/PMC deposit); CrossRef metadata	Reanalysis: sequencing flowcell/lane confounded with species; after accounting for batch, samples cluster by tissue.
Reese; Archer; Therneau et al. (2013). A new statistic for identifying batch effects in high-throughput genomic data that uses guided principal component analysis. Bioinformatics.	doi:10.1093/bioinformatics/btt480; PMID:23958724; PMC3810845	ABSTRACT ONLY: Europe PMC abstract; CrossRef metadata	PCA may not detect batch effects that are not the largest variance source; guided PCA test proposed.
Hoffman; Schadt (2016). variancePartition: interpreting drivers of variation in complex gene expression studies. BMC Bioinformatics.	doi:10.1186/s12859-016-1323-z; PMID:27884101; PMC5123296	Full text read: PMC5123296 (Europe PMC/PMC deposit); CrossRef metadata	Linear mixed model apportions per-gene variance into fraction of variation explained by each variable (e.g. batch vs biology).
Leek; Storey (2007). Capturing Heterogeneity in Gene Expression Studies by Surrogate Variable Analysis. PLoS Genetics.	doi:10.1371/journal.pgen.0030161; PMID:17907809; PMC1994707	Full text read: PMC1994707 (Europe PMC/PMC deposit); CrossRef metadata	Surrogate variable analysis captures unmeasured heterogeneity in expression studies.
Johnson; Li; Rabinovic (2006). Adjusting batch effects in microarray expression data using empirical Bayes methods. Biostatistics.	doi:10.1093/biostatistics/kxj037; PMID:16632515	ABSTRACT ONLY: Europe PMC abstract; CrossRef metadata	ComBat: empirical Bayes batch adjustment robust for small batches.
Zhang; Parmigiani; Johnson (2020). ComBat-seq: batch effect adjustment for RNA-seq count data. NAR Genomics and Bioinformatics.	doi:10.1093/nargab/lqaa078; PMID:33015620; PMC7518324	Full text read: PMC7518324 (Europe PMC/PMC deposit); CrossRef metadata	ComBat-seq: negative binomial batch adjustment for RNA-seq counts.
Nygaard; Rødland; Hovig (2015). Methods that remove batch effects while retaining group differences may lead to exaggerated confidence in downstream analyses. Biostatistics.	doi:10.1093/biostatistics/kxv027; PMID:26272994; PMC4679072	Full text read: PMC4679072 (Europe PMC/PMC deposit); CrossRef metadata	With groups unevenly distributed across batches, batch adjustment deflates group differences; keeping group as covariate in unbalanced designs can induce false differences.
Goh; Wang; Wong (2017). Why Batch Effects Matter in Omics Data, and How to Avoid Them. Trends in Biotechnology.	doi:10.1016/j.tibtech.2017.02.012; PMID:28351613	ABSTRACT ONLY: Europe PMC abstract; CrossRef metadata	Biological heterogeneity can be mistaken for batch effects and wrongly removed by batch-correction algorithms.
Larkin; Frank; Gavras et al. (2005). Independence and reproducibility across microarray platforms. Nature Methods.	doi:10.1038/nmeth757; PMID:15846360	ABSTRACT ONLY: Europe PMC abstract; CrossRef metadata	Biological treatment affected measured expression far more than platform for >90% of genes.
Thompson; Tan; Greene (2016). Cross-platform normalization of microarray and RNA-seq data for machine learning applications. PeerJ.	doi:10.7717/peerj.1621; PMID:26844019; PMC4736986	Full text read: PMC4736986 (Europe PMC/PMC deposit); CrossRef metadata	Training Distribution Matching and quantile normalization make RNA-seq and array data usable together by imposing a common distribution.
Wagner; Kin; Lynch (2012). Measurement of mRNA abundance using RNA-seq data: RPKM measure is inconsistent among samples. Theory in Biosciences.	doi:10.1007/s12064-012-0162-3; PMID:22872506	ABSTRACT ONLY: Europe PMC abstract; CrossRef metadata	TPM defined as relative molar concentration whose average is invariant by construction.
Zhao; Ye; Stanton (2020). Misuse of RPKM or TPM normalization when comparing across samples and sequencing protocols. RNA.	doi:10.1261/rna.074922.120; PMID:32284352; PMC7373998	Full text read: PMC7373998 (Europe PMC/PMC deposit); CrossRef metadata	TPM/RPKM depend on RNA population composition and are not directly comparable across conditions or protocols that change it.
Robinson; Oshlack (2010). A scaling normalization method for differential expression analysis of RNA-seq data. Genome Biology.	doi:10.1186/gb-2010-11-3-r25; PMID:20196867; PMC2864565	Full text read: PMC2864565 (Europe PMC/PMC deposit); CrossRef metadata	TMM and array normalization assume the majority of shared genes are not DE; TMM robust to ~30% one-directional DE.
Love; Huber; Anders (2014). Moderated estimation of fold change and dispersion for RNA-seq data with DESeq2. Genome Biology.	doi:10.1186/s13059-014-0550-8; PMID:25516281; PMC4302049	Full text read: PMC4302049 (Europe PMC/PMC deposit); CrossRef metadata	DESeq2 shares information across genes; low-count LFC estimates are noisy, motivating shrinkage.
Evans; Hardin; Stoebel (2017). Selecting between-sample RNA-Seq normalization methods from the perspective of their assumptions. Briefings in Bioinformatics.	doi:10.1093/bib/bbx008; PMID:28334202; PMC6171491	ABSTRACT ONLY: Europe PMC abstract; CrossRef metadata	Normalization methods perform poorly when their assumptions are violated.
Lovén; Orlando; Sigova et al. (2012). Revisiting Global Gene Expression Analysis. Cell.	doi:10.1016/j.cell.2012.10.012; PMID:23101621; PMC3505597	Full text read: PMC3505597 (Europe PMC/PMC deposit); CrossRef metadata	Spike-in normalization shows that global changes in mRNA per cell are misinterpreted under standard normalization assumptions.
Tabb; Vega-Montoto; Rudnick et al. (2009). Repeatability and Reproducibility in Proteomic Identifications by Liquid Chromatography−Tandem Mass Spectrometry. Journal of Proteome Research.	doi:10.1021/pr9006365; PMID:19921851; PMC2818771	Full text read: PMC2818771 (Europe PMC/PMC deposit); CrossRef metadata	Peptide lists from technical replicate pairs overlapped by only 35-60% in interlaboratory LC-MS/MS.
Hernandez-Prieto (2012). CyanoEXpress: A web database for exploration and visualisation of the integrated transcriptome of cyanobacterium Synechocystis sp. PCC6803. Bioinformation.	doi:10.6026/97320630008634; PMID:22829745; PMC3400984	Full text read: PMC3400984 (Europe PMC/PMC deposit); CrossRef metadata	CyanoEXpress: per-dataset normalization and log2 fold changes vs each study's controls; 3,073 genes, 178 perturbations (Synechocystis PCC 6803).
Hernández-Prieto; Semeniuk; Giner-Lamia et al. (2016). The Transcriptional Landscape of the Photosynthetic Model Cyanobacterium Synechocystis sp. PCC6803. Scientific Reports.	doi:10.1038/srep22168; PMID:26923200; PMC4770689	Full text read: PMC4770689 (Europe PMC/PMC deposit); CrossRef metadata	Synechocystis meta-analysis of 756 arrays from 37 studies (722 retained); standard conditions vary between experiments, so contrasts derived from each study's reference design; photosynthetic apparatus changes most.
Sweeney; Haynes; Vallania et al. (2016). Methods to increase reproducibility in differential gene expression via meta-analysis. Nucleic Acids Research.	doi:10.1093/nar/gkw797; PMID:27634930; PMC5224496	Full text read: PMC5224496 (Europe PMC/PMC deposit); CrossRef metadata	Meta-analysis reproducibility increases with more datasets and effect-size thresholds; study heterogeneity should be modelled.
Langfelder; Luo; Oldham et al. (2011). Is My Network Module Preserved and Reproducible?. PLoS Computational Biology.	doi:10.1371/journal.pcbi.1001057; PMID:21283776; PMC3024255	Full text read: PMC3024255 (Europe PMC/PMC deposit); CrossRef metadata	Network module preservation statistics for testing reproducibility of co-expression structure in independent data.
Hicks; Irizarry (2015). quantro: a data-driven approach to guide the choice of an appropriate normalization method. Genome Biology.	doi:10.1186/s13059-015-0679-0; PMID:26040460; PMC4495646	Full text read: PMC4495646 (Europe PMC/PMC deposit); CrossRef metadata	Quantile normalization forces observed distributions to be the same; global normalization assumes global differences are technical and can remove biological variation.
Bolstad; Irizarry; Åstrand et al. (2003). A comparison of normalization methods for high density oligonucleotide array data based on variance and bias. Bioinformatics.	doi:10.1093/bioinformatics/19.2.185; PMID:12538238	ABSTRACT ONLY: Europe PMC abstract; CrossRef metadata	Quantile (complete-data) normalization for oligonucleotide arrays performs favourably.
Schurch; Schofield; Gierliński et al. (2016). How many biological replicates are needed in an RNA-seq experiment and which differential expression tool should you use?. RNA.	doi:10.1261/rna.053959.115; PMID:27022035; PMC4878611	Full text read: PMC4878611 (Europe PMC/PMC deposit); CrossRef metadata	With 3 replicates most tools recover 20-40% of SDE genes found with 42; at least 6 replicates recommended.
Yu; Liberton; Cliften et al. (2015). Synechococcus elongatus UTEX 2973, a fast growing cyanobacterial chassis for biosynthesis using light and CO2. Scientific Reports.	doi:10.1038/srep08132; PMID:25633131; PMC5389031	Full text read: PMC5389031 (Europe PMC/PMC deposit); CrossRef metadata	UTEX 2973 and PCC 7942 genomes differ by 55 SNPs and indels.
Ungerer; Lin; Chen et al. (2018). Adjustments to Photosystem Stoichiometry and Electron Transfer Proteins Are Key to the Remarkably Fast Growth of the Cyanobacterium  Synechococcus elongatus  UTEX 2973. mBio.	doi:10.1128/mBio.02327-17; PMID:29437923; PMC5801466	Full text read: PMC5801466 (Europe PMC/PMC deposit); CrossRef metadata	PCC 7942 grows best at 38 C; UTEX 2973 optimum is 42 C.
