condition_row	artifact	condition_set	field	status	value	all_pairs	undecidable_pairs	last_blocker_pairs	pair_rows
48	GSE50920 (PCC 7942; transcriptomics (array))	BG-11M, 100 µE cool fluorescent light, 1% CO2, 24-68h timecourse (both strains + pool)	temperature	not retrieved	not retrieved	39	7	1	540,568,594,620,668,691,927
17	GSE122841 (PCC 7942; transcriptomics (RNA-seq))	Normal growth condition (no H2O2)	co2	not reported	not reported	38	30	0	226,263,299,334,365,396,427,458,488,518,519,520,523,524,529,531,532,533,534,535,536,537,538,539,540,541,542,543,544,545
17	GSE122841 (PCC 7942; transcriptomics (RNA-seq))	Normal growth condition (no H2O2)	culture_format	uncertain	with shaking (liquid culture implied; vessel/volume not specified)	38	30	0	226,263,299,334,365,396,427,458,488,518,519,520,523,524,529,531,532,533,534,535,536,537,538,539,540,541,542,543,544,545
17	GSE122841 (PCC 7942; transcriptomics (RNA-seq))	Normal growth condition (no H2O2)	growth_phase	partial	OD730 = 0.3	38	30	0	226,263,299,334,365,396,427,458,488,518,519,520,523,524,529,531,532,533,534,535,536,537,538,539,540,541,542,543,544,545
17	GSE122841 (PCC 7942; transcriptomics (RNA-seq))	Normal growth condition (no H2O2)	light_intensity	not reported	not reported	38	30	0	226,263,299,334,365,396,427,458,488,518,519,520,523,524,529,531,532,533,534,535,536,537,538,539,540,541,542,543,544,545
17	GSE122841 (PCC 7942; transcriptomics (RNA-seq))	Normal growth condition (no H2O2)	light_regime	not reported	not reported	38	30	0	226,263,299,334,365,396,427,458,488,518,519,520,523,524,529,531,532,533,534,535,536,537,538,539,540,541,542,543,544,545
17	GSE122841 (PCC 7942; transcriptomics (RNA-seq))	Normal growth condition (no H2O2)	medium	not reported	not reported	38	30	0	226,263,299,334,365,396,427,458,488,518,519,520,523,524,529,531,532,533,534,535,536,537,538,539,540,541,542,543,544,545
18	GSE122841 (PCC 7942; transcriptomics (RNA-seq))	H2O2 oxidative stress (2.5 mM, 2 days)	co2	not reported	not reported	38	25	0	227,264,300,335,366,397,428,459,489,546,547,548,551,552,557,559,560,565,566,567,568,569,570,571,573
18	GSE122841 (PCC 7942; transcriptomics (RNA-seq))	H2O2 oxidative stress (2.5 mM, 2 days)	culture_format	uncertain	with shaking (liquid culture implied; vessel/volume not specified)	38	25	0	227,264,300,335,366,397,428,459,489,546,547,548,551,552,557,559,560,565,566,567,568,569,570,571,573
18	GSE122841 (PCC 7942; transcriptomics (RNA-seq))	H2O2 oxidative stress (2.5 mM, 2 days)	growth_phase	partial	OD730 = 0.30–0.35 (at time of H2O2 exposure)	38	25	0	227,264,300,335,366,397,428,459,489,546,547,548,551,552,557,559,560,565,566,567,568,569,570,571,573
18	GSE122841 (PCC 7942; transcriptomics (RNA-seq))	H2O2 oxidative stress (2.5 mM, 2 days)	light_intensity	not reported	not reported	38	25	0	227,264,300,335,366,397,428,459,489,546,547,548,551,552,557,559,560,565,566,567,568,569,570,571,573
18	GSE122841 (PCC 7942; transcriptomics (RNA-seq))	H2O2 oxidative stress (2.5 mM, 2 days)	light_regime	not reported	not reported	38	25	0	227,264,300,335,366,397,428,459,489,546,547,548,551,552,557,559,560,565,566,567,568,569,570,571,573
70	PXD023591 (PCC 7942; proteomics (LC-MS/MS))	All samples (growth conditions not described in available metadata)	co2	not retrieved	not retrieved	19	19	0	11,29,46,59,72,85,98,110,119,128,137,146,147,148,149,150,151,152,153
70	PXD023591 (PCC 7942; proteomics (LC-MS/MS))	All samples (growth conditions not described in available metadata)	culture_format	not retrieved	not retrieved	19	19	0	11,29,46,59,72,85,98,110,119,128,137,146,147,148,149,150,151,152,153
70	PXD023591 (PCC 7942; proteomics (LC-MS/MS))	All samples (growth conditions not described in available metadata)	growth_phase	not retrieved	not retrieved	19	19	0	11,29,46,59,72,85,98,110,119,128,137,146,147,148,149,150,151,152,153
70	PXD023591 (PCC 7942; proteomics (LC-MS/MS))	All samples (growth conditions not described in available metadata)	light_intensity	not retrieved	not retrieved	19	19	0	11,29,46,59,72,85,98,110,119,128,137,146,147,148,149,150,151,152,153
70	PXD023591 (PCC 7942; proteomics (LC-MS/MS))	All samples (growth conditions not described in available metadata)	light_regime	not retrieved	not retrieved	19	19	0	11,29,46,59,72,85,98,110,119,128,137,146,147,148,149,150,151,152,153
70	PXD023591 (PCC 7942; proteomics (LC-MS/MS))	All samples (growth conditions not described in available metadata)	medium	not retrieved	not retrieved	19	19	0	11,29,46,59,72,85,98,110,119,128,137,146,147,148,149,150,151,152,153
70	PXD023591 (PCC 7942; proteomics (LC-MS/MS))	All samples (growth conditions not described in available metadata)	temperature	not retrieved	not retrieved	19	19	0	11,29,46,59,72,85,98,110,119,128,137,146,147,148,149,150,151,152,153
71	PXD027430 (PCC 7942; proteomics (LC-MS/MS))	not reported	co2	not retrieved	not retrieved	19	19	0	12,30,47,60,73,86,99,111,120,129,138,146,154,155,156,157,158,159,160
71	PXD027430 (PCC 7942; proteomics (LC-MS/MS))	not reported	culture_format	not retrieved	not retrieved	19	19	0	12,30,47,60,73,86,99,111,120,129,138,146,154,155,156,157,158,159,160
71	PXD027430 (PCC 7942; proteomics (LC-MS/MS))	not reported	growth_phase	not retrieved	not retrieved	19	19	0	12,30,47,60,73,86,99,111,120,129,138,146,154,155,156,157,158,159,160
71	PXD027430 (PCC 7942; proteomics (LC-MS/MS))	not reported	light_intensity	not retrieved	not retrieved	19	19	0	12,30,47,60,73,86,99,111,120,129,138,146,154,155,156,157,158,159,160
71	PXD027430 (PCC 7942; proteomics (LC-MS/MS))	not reported	light_regime	not retrieved	not retrieved	19	19	0	12,30,47,60,73,86,99,111,120,129,138,146,154,155,156,157,158,159,160
71	PXD027430 (PCC 7942; proteomics (LC-MS/MS))	not reported	medium	not retrieved	not retrieved	19	19	0	12,30,47,60,73,86,99,111,120,129,138,146,154,155,156,157,158,159,160
71	PXD027430 (PCC 7942; proteomics (LC-MS/MS))	not reported	temperature	not retrieved	not retrieved	19	19	0	12,30,47,60,73,86,99,111,120,129,138,146,154,155,156,157,158,159,160
73	PXD030282 (PCC 7942; proteomics (LC-MS/MS))	High vs low limonene production phase comparison in L1118 (log vs stationary phase)	co2	not reported	not reported for this specific comparison	17	17	0	14,32,49,62,75,88,101,113,122,131,140,148,155,165,166,167,168
73	PXD030282 (PCC 7942; proteomics (LC-MS/MS))	High vs low limonene production phase comparison in L1118 (log vs stationary phase)	culture_format	not reported	not reported for this specific comparison	17	17	0	14,32,49,62,75,88,101,113,122,131,140,148,155,165,166,167,168
73	PXD030282 (PCC 7942; proteomics (LC-MS/MS))	High vs low limonene production phase comparison in L1118 (log vs stationary phase)	growth_phase	partial	log phase vs stationary phase; day 7 described as late growth stage; OD not given	17	17	0	14,32,49,62,75,88,101,113,122,131,140,148,155,165,166,167,168
73	PXD030282 (PCC 7942; proteomics (LC-MS/MS))	High vs low limonene production phase comparison in L1118 (log vs stationary phase)	light_intensity	not reported	not reported for this specific comparison	17	17	0	14,32,49,62,75,88,101,113,122,131,140,148,155,165,166,167,168
73	PXD030282 (PCC 7942; proteomics (LC-MS/MS))	High vs low limonene production phase comparison in L1118 (log vs stationary phase)	light_regime	not reported	not reported for this specific comparison	17	17	0	14,32,49,62,75,88,101,113,122,131,140,148,155,165,166,167,168
73	PXD030282 (PCC 7942; proteomics (LC-MS/MS))	High vs low limonene production phase comparison in L1118 (log vs stationary phase)	medium	not reported	not reported for this specific comparison	17	17	0	14,32,49,62,75,88,101,113,122,131,140,148,155,165,166,167,168
73	PXD030282 (PCC 7942; proteomics (LC-MS/MS))	High vs low limonene production phase comparison in L1118 (log vs stationary phase)	temperature	not reported	not reported for this specific comparison (general cultivation at 30°C, see other set)	17	17	0	14,32,49,62,75,88,101,113,122,131,140,148,155,165,166,167,168
58	PXD000510 (PCC 7942; proteomics (LC-MS/MS))	PXD000510 - S. elongatus PCC7942 circadian proteomics time course	co2	not retrieved	not retrieved	19	14	0	2,3,4,5,6,7,9,10,11,12,13,14,15,17
58	PXD000510 (PCC 7942; proteomics (LC-MS/MS))	PXD000510 - S. elongatus PCC7942 circadian proteomics time course	culture_format	not retrieved	not retrieved	19	14	0	2,3,4,5,6,7,9,10,11,12,13,14,15,17
58	PXD000510 (PCC 7942; proteomics (LC-MS/MS))	PXD000510 - S. elongatus PCC7942 circadian proteomics time course	growth_phase	not retrieved	not retrieved	19	14	0	2,3,4,5,6,7,9,10,11,12,13,14,15,17
58	PXD000510 (PCC 7942; proteomics (LC-MS/MS))	PXD000510 - S. elongatus PCC7942 circadian proteomics time course	light_intensity	not retrieved	not retrieved	19	14	0	2,3,4,5,6,7,9,10,11,12,13,14,15,17
58	PXD000510 (PCC 7942; proteomics (LC-MS/MS))	PXD000510 - S. elongatus PCC7942 circadian proteomics time course	light_regime	partial	spectrum: not reported; cycle: diel (light and dark cycles); photoperiod: 12:12-hours	19	14	0	2,3,4,5,6,7,9,10,11,12,13,14,15,17
58	PXD000510 (PCC 7942; proteomics (LC-MS/MS))	PXD000510 - S. elongatus PCC7942 circadian proteomics time course	medium	not retrieved	not retrieved	19	14	0	2,3,4,5,6,7,9,10,11,12,13,14,15,17
58	PXD000510 (PCC 7942; proteomics (LC-MS/MS))	PXD000510 - S. elongatus PCC7942 circadian proteomics time course	temperature	not retrieved	not retrieved	19	14	0	2,3,4,5,6,7,9,10,11,12,13,14,15,17
32	GSE227397 (Synechococcus elongatus; transcriptomics (RNA-seq))	RNA-seq WT and del(xpk), 4 timepoints, 12-h L/D cycle (GSE227397 RNA-seq samples)	co2	not reported	not reported in GEO growth protocol; paper RNA-seq section does not specify NaHCO3 supplementation	39	11	0	342,373,404,435,466,496,524,552,723,731,739
32	GSE227397 (Synechococcus elongatus; transcriptomics (RNA-seq))	RNA-seq WT and del(xpk), 4 timepoints, 12-h L/D cycle (GSE227397 RNA-seq samples)	growth_phase	partial	OD730~1	39	11	0	342,373,404,435,466,496,524,552,723,731,739
32	GSE227397 (Synechococcus elongatus; transcriptomics (RNA-seq))	RNA-seq WT and del(xpk), 4 timepoints, 12-h L/D cycle (GSE227397 RNA-seq samples)	light_regime	partial	spectrum not reported; diel cycle with switching to light/dark; samples harvested at Light 1h, Light 12h, Dark 1h, Dark 12h; paper states 12-h L/D cycle	39	11	0	342,373,404,435,466,496,524,552,723,731,739
45	GSE45762 (PCC 7942; transcriptomics (RNA-seq))	Standard BG-11 large-scale FFA production cultivation (all strains, all time points)	growth_phase	partial	Initial inoculation at OD730 ~0.15; IPTG induction (1 mM) after 96h (4 days); RNA-seq samples taken before induction (day 4, ~100h) and 8 days after induction (day 12, ~240h)	39	9	0	386,448,479,537,565,710,731,861,911
45	GSE45762 (PCC 7942; transcriptomics (RNA-seq))	Standard BG-11 large-scale FFA production cultivation (all strains, all time points)	light_regime	partial	spectrum: alternating cool white and plant fluorescent lights; continuous vs diel: not reported; photoperiod: not reported	39	9	0	386,448,479,537,565,710,731,861,911
31	GSE225426 (PCC 7942; transcriptomics (RNA-seq))	Standard BG11 photoautotrophic growth prior to/at time of salt or streptomycin stress sampling	co2	not retrieved	not retrieved	39	6	0	523,551,577,603,705,710
31	GSE225426 (PCC 7942; transcriptomics (RNA-seq))	Standard BG11 photoautotrophic growth prior to/at time of salt or streptomycin stress sampling	culture_format	not retrieved	not retrieved	39	6	0	523,551,577,603,705,710
31	GSE225426 (PCC 7942; transcriptomics (RNA-seq))	Standard BG11 photoautotrophic growth prior to/at time of salt or streptomycin stress sampling	growth_phase	not retrieved	not retrieved	39	6	0	523,551,577,603,705,710
78	PXD074299 (PCC 7942; proteomics (LC-MS/MS))	Circadian free-run culture for MS protein-condensation fractionation (subjective dawn/dusk, supernatant+pellet, TMT, both replicates)	co2	not reported	not reported	19	6	0	153,160,164,168,172,177
78	PXD074299 (PCC 7942; proteomics (LC-MS/MS))	Circadian free-run culture for MS protein-condensation fractionation (subjective dawn/dusk, supernatant+pellet, TMT, both replicates)	growth_phase	not reported	not reported	19	6	0	153,160,164,168,172,177
8	GSE103704 (PCC 7942; transcriptomics (RNA-seq))	BG11, 30°C, 12h light/12h dark, cool fluorescent 40 µE, flask culture - WT and rel- strain	co2	not retrieved	not retrieved	39	5	0	333,334,335,342,363
8	GSE103704 (PCC 7942; transcriptomics (RNA-seq))	BG11, 30°C, 12h light/12h dark, cool fluorescent 40 µE, flask culture - WT and rel- strain	growth_phase	not retrieved	not retrieved	39	5	0	333,334,335,342,363
16	GSE105774 (PCC 7942; transcriptomics (RNA-seq))	BG11, 30°C, 12h/12h light-dark cycle with cool fluorescent light	co2	not retrieved	not retrieved	39	5	0	333,488,489,496,517
16	GSE105774 (PCC 7942; transcriptomics (RNA-seq))	BG11, 30°C, 12h/12h light-dark cycle with cool fluorescent light	growth_phase	not retrieved	not retrieved	39	5	0	333,488,489,496,517
19	GSE140121 (PCC 7942; transcriptomics (RNA-seq))	Normal condition RNA-seq samples (WT Normal, TA Normal)	co2	not reported	not reported	38	5	0	518,546,577,594,595
19	GSE140121 (PCC 7942; transcriptomics (RNA-seq))	Normal condition RNA-seq samples (WT Normal, TA Normal)	light_regime	partial	continuous light; spectrum not reported; photoperiod: continuous (not diel)	38	5	0	518,546,577,594,595
20	GSE140121 (PCC 7942; transcriptomics (RNA-seq))	H2O2-stressed RNA-seq samples (WT Stressed, TA Stressed)	co2	not reported	not reported	38	5	0	519,547,603,620,621
20	GSE140121 (PCC 7942; transcriptomics (RNA-seq))	H2O2-stressed RNA-seq samples (WT Stressed, TA Stressed)	light_regime	partial	continuous light; spectrum not reported; photoperiod: continuous (not diel)	38	5	0	519,547,603,620,621
21	GSE18902 (PCC 7942; transcriptomics (array))	Continuous culture growth conditions (shared by circadian time-course and novobiocin treatment experiments)	light_regime	partial	white light (spectrum class not further specified); continuous light following two light/dark entrainment cycles; photoperiod of entrainment cycles not reported	39	5	0	520,548,643,644,647
40	GSE327989 (PCC 7942; transcriptomics (RNA-seq))	Standard RNA-seq growth condition (WT and FDBR-expressing strains, Day4 harvest)	growth_phase	partial	exponential phase; initial OD750 = 0.05 at inoculation; harvested after 4 days of cultivation; OD at harvest not explicitly reported	39	5	0	532,560,705,861,867
40	GSE327989 (PCC 7942; transcriptomics (RNA-seq))	Standard RNA-seq growth condition (WT and FDBR-expressing strains, Day4 harvest)	light_regime	partial	continuous illumination (not diel; no photoperiod/dark period stated); spectrum: WL (white light) — specific lamp/spectral source not reported	39	5	0	532,560,705,861,867
46	GSE50908 (PCC 7942; transcriptomics (array))	ΔrpaA turbidostat continuous-light timecourse (LL 24-72h)	light_regime	partial	white light (spectrum not otherwise specified); entrained with 2 consecutive 24h light/dark cycles (12h dark, 12h light, 12h dark) then released into continuous light (LL) for sampling from T=24h to T=72h	39	5	0	538,566,643,914,917
47	GSE50919 (PCC 7942; transcriptomics (array))	Turbidostat continuous-light culture, WT and ΔrpaA pooled timepoints	light_regime	partial	white light (spectrum stated only as 'white light'); entrainment with two consecutive 12 h dark / 12 h light / 12 h dark cycles, then released into continuous light at T=0 (no diel cycling during the sampled window T=24-44 h); photoperiod of entrainment = 12h/12h, continuous thereafter	39	5	0	539,567,644,914,923
54	GSE52486 (PCC 7942; transcriptomics (array))	WT LL circadian timecourse (turbidostat, continuous light after entrainment)	light_regime	partial	spectrum: white light (fluorescent/LED type not further specified); regime: entrained with two 12h dark/12h light/12h dark cycles then released into continuous light (LL) at T=0, sampled under continuous light thereafter; photoperiod during entrainment: 12 h dark / 12 h light / 12 h dark, repeated twice	39	5	0	542,570,647,917,923
57	GSE89999 (PCC 7942; transcriptomics (RNA-seq))	RNA-seq samples: clock rescue and rpaA- clock rescue strains, light/dark entrainment time course	co2	not reported	not reported	39	5	0	363,517,545,573,739
59	PXD005105 (PCC 7942; proteomics (LC-MS/MS))	WT vs L1118 proteomics growth condition (1-L Roux bottle, production culture)	growth_phase	partial	log-phase (2-day limonene production during log-phase growth); OD not specified numerically	19	5	0	29,30,31,32,33
61	PXD005851 (PCC 7942; proteomics (LC-MS/MS))	S. elongatus PCC 7942 arm of the 48-organism acetylation survey	co2	not reported	not reported as a CO2 regime; atmosphere given only as 'Aerobic'	19	5	0	2,45,46,47,49
61	PXD005851 (PCC 7942; proteomics (LC-MS/MS))	S. elongatus PCC 7942 arm of the 48-organism acetylation survey	light_intensity	not reported	not reported	19	5	0	2,45,46,47,49
61	PXD005851 (PCC 7942; proteomics (LC-MS/MS))	S. elongatus PCC 7942 arm of the 48-organism acetylation survey	light_regime	not reported	not reported	19	5	0	2,45,46,47,49
69	PXD019731 (PCC 7942; proteomics (LC-MS/MS))	Low light (LL) recovery condition, days 1-5 post HL-to-LL transfer	co2	not reported	not reported	17	5	0	10,45,137,138,140
69	PXD019731 (PCC 7942; proteomics (LC-MS/MS))	Low light (LL) recovery condition, days 1-5 post HL-to-LL transfer	growth_phase	partial	OD750 adjusted to 0.6 at start of LL transfer; harvested at distinct time points over five consecutive days (LL day1-5), no further OD750 values given per day	17	5	0	10,45,137,138,140
69	PXD019731 (PCC 7942; proteomics (LC-MS/MS))	Low light (LL) recovery condition, days 1-5 post HL-to-LL transfer	light_regime	not reported	not reported (spectrum/continuity not explicitly restated for the LL intensity condition)	17	5	0	10,45,137,138,140
69	PXD019731 (PCC 7942; proteomics (LC-MS/MS))	Low light (LL) recovery condition, days 1-5 post HL-to-LL transfer	temperature	not reported	not reported (30°C is stated only for the preceding 14-day GL/HL culturing phase; not explicitly restated for the LL transfer phase)	17	5	0	10,45,137,138,140
72	PXD030282 (PCC 7942; proteomics (LC-MS/MS))	Standard growth/cultivation condition (L1118 and engineered strains, flask/Roux bottle stage)	growth_phase	not reported	not reported (OD not specified for this condition set; see separate sets for log/stationary comparison)	17	5	0	13,31,147,154,164
72	PXD030282 (PCC 7942; proteomics (LC-MS/MS))	Standard growth/cultivation condition (L1118 and engineered strains, flask/Roux bottle stage)	light_regime	not reported	spectrum not reported; continuity/photoperiod not reported	17	5	0	13,31,147,154,164
74	PXD030282 (PCC 7942; proteomics (LC-MS/MS))	L1118 vs sucrose mutant Lsps comparative proteomics	growth_phase	not reported	not reported (specific OD/day of harvest for proteomics not stated in excerpts)	17	5	0	15,33,149,156,172
74	PXD030282 (PCC 7942; proteomics (LC-MS/MS))	L1118 vs sucrose mutant Lsps comparative proteomics	light_regime	not reported	spectrum not reported; continuity/photoperiod not reported	17	5	0	15,33,149,156,172
76	PXD044412 (PCC 7942; proteomics (LC-MS/MS))	Cyanobacterial photoautotrophic growth (BG-11, 1% CO2, ~70 µmol light)	growth_phase	partial	OD730 ~1.0	19	5	0	17,151,158,166,177
76	PXD044412 (PCC 7942; proteomics (LC-MS/MS))	Cyanobacterial photoautotrophic growth (BG-11, 1% CO2, ~70 µmol light)	light_regime	not reported	spectrum: not reported; continuous vs diel: not reported; photoperiod: not reported	19	5	0	17,151,158,166,177
76	PXD044412 (PCC 7942; proteomics (LC-MS/MS))	Cyanobacterial photoautotrophic growth (BG-11, 1% CO2, ~70 µmol light)	temperature	not reported	not reported	19	5	0	17,151,158,166,177
3	GSE103462 (PCC 7942; transcriptomics (RNA-seq))	BG11, 30°C, cool fluorescent light 40 µE, entrained then constant light	co2	not retrieved	not retrieved	39	4	0	218,219,226,227
3	GSE103462 (PCC 7942; transcriptomics (RNA-seq))	BG11, 30°C, cool fluorescent light 40 µE, entrained then constant light	growth_phase	not retrieved	not retrieved	39	4	0	218,219,226,227
4	GSE103463 (PCC 7942; transcriptomics (RNA-seq))	Synchronized constant-light growth conditions (all samples, group 1)	co2	not retrieved	not retrieved	39	4	0	218,256,263,264
4	GSE103463 (PCC 7942; transcriptomics (RNA-seq))	Synchronized constant-light growth conditions (all samples, group 1)	growth_phase	not retrieved	not retrieved	39	4	0	218,256,263,264
7	GSE103644 (PCC 7942; transcriptomics (RNA-seq))	BG11, 30°C, 40 μE cool fluorescent light, entrainment then constant light with theophylline induction	co2	not retrieved	not retrieved	39	4	0	219,256,299,300
7	GSE103644 (PCC 7942; transcriptomics (RNA-seq))	BG11, 30°C, 40 μE cool fluorescent light, entrainment then constant light with theophylline induction	growth_phase	not retrieved	not retrieved	39	4	0	219,256,299,300
55	GSE59112 (PCC 7942; transcriptomics (array))	Standard LL growth / 12h:12h entrainment prior to microarray sampling	co2	not reported	not reported	39	4	0	543,571,867,911
55	GSE59112 (PCC 7942; transcriptomics (array))	Standard LL growth / 12h:12h entrainment prior to microarray sampling	growth_phase	partial	OD750 ~0.2 (starting density of 120 mL cultures prior to synchronization and sampling)	39	4	0	543,571,867,911
62	PXD011485 (PCC 11801; proteomics (LC-MS/MS))	0.04% CO2 (ambient, iTRAQ 114)	growth_phase	partial	OD730 = 0.8	16	4	0	3,59,60,62
62	PXD011485 (PCC 11801; proteomics (LC-MS/MS))	0.04% CO2 (ambient, iTRAQ 114)	light_regime	not reported	spectrum not reported; continuous vs diel not reported; photoperiod not reported	16	4	0	3,59,60,62
63	PXD011485 (PCC 11801; proteomics (LC-MS/MS))	0.5% CO2 (iTRAQ 115)	growth_phase	partial	OD730 = 0.8	16	4	0	4,72,73,75
63	PXD011485 (PCC 11801; proteomics (LC-MS/MS))	0.5% CO2 (iTRAQ 115)	light_regime	not reported	spectrum not reported; continuous vs diel not reported; photoperiod not reported	16	4	0	4,72,73,75
64	PXD011485 (PCC 11801; proteomics (LC-MS/MS))	1% CO2 (iTRAQ 116)	growth_phase	partial	OD730 = 0.8	16	4	0	5,85,86,88
64	PXD011485 (PCC 11801; proteomics (LC-MS/MS))	1% CO2 (iTRAQ 116)	light_regime	not reported	spectrum not reported; continuous vs diel not reported; photoperiod not reported	16	4	0	5,85,86,88
65	PXD011485 (PCC 11801; proteomics (LC-MS/MS))	10% CO2 (iTRAQ 117)	growth_phase	partial	OD730 = 0.8	16	4	0	6,98,99,101
65	PXD011485 (PCC 11801; proteomics (LC-MS/MS))	10% CO2 (iTRAQ 117)	light_regime	not reported	spectrum not reported; continuous vs diel not reported; photoperiod not reported	16	4	0	6,98,99,101
66	PXD014590 (UTEX 2973; proteomics (LC-MS/MS))	N-starvation degradation and re-synthesis time course (UTEX 2973), growth/culture conditions	light_regime	uncertain	spectrum: not reported; continuous (implied by photoautotrophic multicultivator growth, not explicitly stated); photoperiod: not reported	19	4	0	7,110,111,113
67	PXD019731 (PCC 7942; proteomics (LC-MS/MS))	Growth light (GL) condition	co2	not reported	not reported	17	4	0	119,120,122,126
67	PXD019731 (PCC 7942; proteomics (LC-MS/MS))	Growth light (GL) condition	growth_phase	partial	Starting OD750 = 0.2 at inoculation; harvested after 14 days of growth under GL (no harvest OD750 given)	17	4	0	119,120,122,126
67	PXD019731 (PCC 7942; proteomics (LC-MS/MS))	Growth light (GL) condition	light_regime	partial	white light (spectrum); continuous (no dark period stated) — explicitly stated for the pre-experimental/40 µmol culture phase	17	4	0	119,120,122,126
68	PXD019731 (PCC 7942; proteomics (LC-MS/MS))	High light (HL) condition	co2	not reported	not reported	17	4	0	9,128,129,131
68	PXD019731 (PCC 7942; proteomics (LC-MS/MS))	High light (HL) condition	growth_phase	partial	Starting OD750 = 0.2 at inoculation; harvested after 14 days under HL; OD750 of HL culture = 0.6 just before LL transfer	17	4	0	9,128,129,131
68	PXD019731 (PCC 7942; proteomics (LC-MS/MS))	High light (HL) condition	light_regime	not reported	not reported (spectrum/continuity not explicitly restated for the HL intensity condition; continuous white light is only explicitly stated for the 40 µmol pre-experimental phase)	17	4	0	9,128,129,131
77	PXD062851 (PCC 7942; proteomics (LC-MS/MS))	Liquid BG-11H culture, 30°C, 50 µmol photons m-2 s-1, 3% CO2 (both BB-SP3 and TFA-is endoproteome samples)	growth_phase	partial	main cultures inoculated at OD750 = 0.4, grown for 4 days, harvested at OD750 equivalent of 2	19	4	0	126,152,159,167
77	PXD062851 (PCC 7942; proteomics (LC-MS/MS))	Liquid BG-11H culture, 30°C, 50 µmol photons m-2 s-1, 3% CO2 (both BB-SP3 and TFA-is endoproteome samples)	light_regime	partial	continuous illumination (not diel); spectrum/lamp type not reported; photoperiod: continuous, no dark period mentioned	19	4	0	126,152,159,167
37	GSE254350 (PCC 7942; transcriptomics (RNA-seq))	Liquid bubbled culture conditions (RNA-Seq samples: WT, pilB::Tn5, sigF1::Mu, sigF2-mutant at D1 and D4)	growth_phase	partial	sampled at day 1 (D1) and day 4 (D4) of growth per sample titles; OD750 not reported for RNA-Seq sampling itself (OD750 of 4.0 is reported only for a separate DNA-uptake competence assay, not for RNA-Seq harvest)	39	3	0	529,557,723
37	GSE254350 (PCC 7942; transcriptomics (RNA-seq))	Liquid bubbled culture conditions (RNA-Seq samples: WT, pilB::Tn5, sigF1::Mu, sigF2-mutant at D1 and D4)	light_regime	partial	spectrum: incandescent light; continuous vs diel: not reported; photoperiod: not reported	39	3	0	529,557,723
75	PXD036717 (PCC 7942; proteomics (LC-MS/MS))	APEX2 proximity-labeling cultures (CscB-SPS and Protein-APEX2 samples)	growth_phase	partial	exponential, kept at OD750 0.3 by daily dilution; OD at labeling not stated	19	3	0	150,157,165
29	GSE222067 (PCC 7942; transcriptomics (RNA-seq))	0 mM NaCl control (WT and Syn7942/Δsps-ect)	co2	not reported	not reported	38	1	0	668
29	GSE222067 (PCC 7942; transcriptomics (RNA-seq))	0 mM NaCl control (WT and Syn7942/Δsps-ect)	growth_phase	partial	Day 4 of culture at sampling; OD750 not reported for this timepoint	38	1	0	668
29	GSE222067 (PCC 7942; transcriptomics (RNA-seq))	0 mM NaCl control (WT and Syn7942/Δsps-ect)	light_regime	not reported	spectrum: not reported; continuous/diel: not reported; photoperiod: not reported	38	1	0	668
30	GSE222067 (PCC 7942; transcriptomics (RNA-seq))	300 mM NaCl salt-stress treatment (WT and Syn7942/Δsps-ect)	co2	not reported	not reported	38	1	0	691
30	GSE222067 (PCC 7942; transcriptomics (RNA-seq))	300 mM NaCl salt-stress treatment (WT and Syn7942/Δsps-ect)	growth_phase	partial	Day 4 of culture at sampling (after 4 days of 300 mM NaCl treatment); OD750 not reported for this timepoint	38	1	0	691
30	GSE222067 (PCC 7942; transcriptomics (RNA-seq))	300 mM NaCl salt-stress treatment (WT and Syn7942/Δsps-ect)	light_regime	not reported	spectrum: not reported; continuous/diel: not reported; photoperiod: not reported	38	1	0	691
41	GSE335065 (PCC 7942; transcriptomics (RNA-seq))	Axenic S. elongatus, non-mBR-tagged control (Se_ax_*)	culture_format	not reported	not reported for this specific sample subset beyond 'axenic'; sample title lacks 'mBR' tag used for the bioreactor-labelled samples	36	1	0	533
41	GSE335065 (PCC 7942; transcriptomics (RNA-seq))	Axenic S. elongatus, non-mBR-tagged control (Se_ax_*)	growth_phase	partial	Day 4/6/8 (series design indicates mBR/mixed time points of ~90/140/190 hrs); OD750 at harvest not reported	36	1	0	533
41	GSE335065 (PCC 7942; transcriptomics (RNA-seq))	Axenic S. elongatus, non-mBR-tagged control (Se_ax_*)	light_regime	partial	LED lighting; spectrum class beyond 'LED' not reported; continuous vs diel not reported; photoperiod not reported	36	1	0	533
42	GSE335065 (PCC 7942; transcriptomics (RNA-seq))	Axenic S. elongatus within membrane bioreactor (Se_ax_mBR_*)	growth_phase	partial	Day 4/6/8, collected at ~90/140/190 hrs; OD750 at harvest not reported	36	1	0	534
42	GSE335065 (PCC 7942; transcriptomics (RNA-seq))	Axenic S. elongatus within membrane bioreactor (Se_ax_mBR_*)	light_regime	partial	LED lighting; spectrum class beyond 'LED' not reported; continuous vs diel not reported; photoperiod not reported	36	1	0	534
43	GSE335065 (PCC 7942; transcriptomics (RNA-seq))	S. elongatus unit of membrane-separated co-culture bioreactor (Se_CC_mBR_*)	growth_phase	partial	Day 4/6/8, collected at ~90/140/190 hrs; OD750 at harvest not reported	36	1	0	535
43	GSE335065 (PCC 7942; transcriptomics (RNA-seq))	S. elongatus unit of membrane-separated co-culture bioreactor (Se_CC_mBR_*)	light_regime	partial	LED lighting; spectrum class beyond 'LED' not reported; continuous vs diel not reported; photoperiod not reported	36	1	0	535
44	GSE335065 (PCC 7942; transcriptomics (RNA-seq))	Mixed co-culture of S. elongatus + R. toruloides (Se_Rt_CC_*)	growth_phase	partial	Day 4/6/8, collected at ~90/140/190 hrs; OD750 at harvest not reported	36	1	0	536
44	GSE335065 (PCC 7942; transcriptomics (RNA-seq))	Mixed co-culture of S. elongatus + R. toruloides (Se_Rt_CC_*)	light_regime	partial	LED lighting; spectrum class beyond 'LED' not reported; continuous vs diel not reported; photoperiod not reported	36	1	0	536
56	GSE79726 (PCC 7942; transcriptomics (RNA-seq))	Control N+ 24h (initial growth before split) / N+ and N- 48h RNA-seq samples	co2	not reported	not reported for RNA-seq growth; separate photobioreactor experiment used 5% CO2 (v/v) and 95% air (v/v)	39	1	0	544
56	GSE79726 (PCC 7942; transcriptomics (RNA-seq))	Control N+ 24h (initial growth before split) / N+ and N- 48h RNA-seq samples	growth_phase	partial	cells harvested at OD730 of 1.0 (control, before N+/N- split); RNA-seq samples collected after 24 h of nitrogen starvation / 48h time point per GEO sample titles	39	1	0	544
56	GSE79726 (PCC 7942; transcriptomics (RNA-seq))	Control N+ 24h (initial growth before split) / N+ and N- 48h RNA-seq samples	light_regime	partial	constant illumination (continuous); spectrum not reported; photoperiod not reported	39	1	0	544
2	GSE102914 (PCC 7942; transcriptomics (array))	Zn/ZnO-ENM exposure incubation (5 h, condition at sampling for array)	co2	not retrieved	not retrieved	39	0	0	
2	GSE102914 (PCC 7942; transcriptomics (array))	Zn/ZnO-ENM exposure incubation (5 h, condition at sampling for array)	growth_phase	partial	OD730nm adjusted to 0.27 (3.10E8 cells/mL) at start of exposure	39	0	0	
2	GSE102914 (PCC 7942; transcriptomics (array))	Zn/ZnO-ENM exposure incubation (5 h, condition at sampling for array)	light_intensity	not retrieved	not retrieved	39	0	0	
2	GSE102914 (PCC 7942; transcriptomics (array))	Zn/ZnO-ENM exposure incubation (5 h, condition at sampling for array)	light_regime	partial	spectrum: not reported; regime: continuous light (no photoperiod, 24 h light)	39	0	0	
33	GSE237858 (PCC 7942; transcriptomics (RNA-seq))	No ZnCl2 induction (WT and labA-KO), 12h dark pulse then 12h LL	co2	not reported	not reported	38	0	0	
33	GSE237858 (PCC 7942; transcriptomics (RNA-seq))	No ZnCl2 induction (WT and labA-KO), 12h dark pulse then 12h LL	growth_phase	partial	OD750 not reported for RNA-seq samples; harvested after 12h in constant light (LL) following a single 12h dark pulse	38	0	0	
34	GSE237858 (PCC 7942; transcriptomics (RNA-seq))	ZnCl2 induction of kaiA (kaiA-Ex and kaiA-Ex/labA-KO), 12h dark pulse then 12h LL	co2	not reported	not reported	38	0	0	
34	GSE237858 (PCC 7942; transcriptomics (RNA-seq))	ZnCl2 induction of kaiA (kaiA-Ex and kaiA-Ex/labA-KO), 12h dark pulse then 12h LL	growth_phase	partial	OD750 not reported for RNA-seq samples; harvested after 12h in constant light (LL) following a single 12h dark pulse	38	0	0	
35	GSE252562 (PCC 7942; transcriptomics (RNA-seq))	Short-day photoperiod (LD8:16), WT and ΔkaiABC, RNA-seq (1/4/8 cycles)	co2	not reported	not reported	38	0	0	
35	GSE252562 (PCC 7942; transcriptomics (RNA-seq))	Short-day photoperiod (LD8:16), WT and ΔkaiABC, RNA-seq (1/4/8 cycles)	growth_phase	not reported	not reported	38	0	0	
35	GSE252562 (PCC 7942; transcriptomics (RNA-seq))	Short-day photoperiod (LD8:16), WT and ΔkaiABC, RNA-seq (1/4/8 cycles)	light_regime	partial	spectrum: fluorescent lights (stated for maintenance phase, not explicitly restated for treatment); regime: diel, short-day photoperiod LD8:16 (8h light:16h dark), applied for 1, 4, or 8 cycles	38	0	0	
35	GSE252562 (PCC 7942; transcriptomics (RNA-seq))	Short-day photoperiod (LD8:16), WT and ΔkaiABC, RNA-seq (1/4/8 cycles)	temperature	partial	constant 30ºC (stated for growth/maintenance; not explicitly restated for the LD-cycle treatment phase)	38	0	0	
36	GSE252562 (PCC 7942; transcriptomics (RNA-seq))	Long-day photoperiod (LD16:8), WT and ΔkaiABC, RNA-seq (1/4/8 cycles)	co2	not reported	not reported	38	0	0	
36	GSE252562 (PCC 7942; transcriptomics (RNA-seq))	Long-day photoperiod (LD16:8), WT and ΔkaiABC, RNA-seq (1/4/8 cycles)	growth_phase	not reported	not reported	38	0	0	
36	GSE252562 (PCC 7942; transcriptomics (RNA-seq))	Long-day photoperiod (LD16:8), WT and ΔkaiABC, RNA-seq (1/4/8 cycles)	light_regime	partial	spectrum: fluorescent lights (stated for maintenance phase, not explicitly restated for treatment); regime: diel, long-day photoperiod LD16:8 (16h light:8h dark), applied for 1, 4, or 8 cycles	38	0	0	
36	GSE252562 (PCC 7942; transcriptomics (RNA-seq))	Long-day photoperiod (LD16:8), WT and ΔkaiABC, RNA-seq (1/4/8 cycles)	temperature	partial	constant 30ºC (stated for growth/maintenance; not explicitly restated for the LD-cycle treatment phase)	38	0	0	
