scope	study	positive	negative	statistic	n_pos	n_neg	auroc
pooled	all	i_replicate	ii_all	spearman	87	2541	0.9321
pooled	all	i_replicate	ii_all	ks_d	87	2541	0.8119
pooled	all	i_replicate	ii_all	wasserstein	87	2541	0.7759
pooled	all	i_replicate	ii_time_only	spearman	87	647	0.8994
pooled	all	i_replicate	ii_time_only	ks_d	87	647	0.7972
pooled	all	i_replicate	ii_time_only	wasserstein	87	647	0.7352
pooled	all	i_replicate	ii_genotype_or_treatment	spearman	87	1894	0.9433
pooled	all	i_replicate	ii_genotype_or_treatment	ks_d	87	1894	0.8169
pooled	all	i_replicate	ii_genotype_or_treatment	wasserstein	87	1894	0.7898
per_study	GSE104203	i_replicate	ii_all	spearman	30	1740	0.9425
per_study	GSE104203	i_replicate	ii_all	ks_d	30	1740	0.8064
per_study	GSE104203	i_replicate	ii_all	wasserstein	30	1740	0.5774
per_study	GSE104203	i_replicate	ii_time_only	spearman	30	392	0.8926
per_study	GSE104203	i_replicate	ii_time_only	ks_d	30	392	0.8048
per_study	GSE104203	i_replicate	ii_time_only	wasserstein	30	392	0.5401
per_study	GSE104203	i_replicate	ii_genotype_or_treatment	spearman	30	1348	0.957
per_study	GSE104203	i_replicate	ii_genotype_or_treatment	ks_d	30	1348	0.8068
per_study	GSE104203	i_replicate	ii_genotype_or_treatment	wasserstein	30	1348	0.5883
per_study	GSE222067	i_replicate	ii_all	spearman	12	54	0.9552
per_study	GSE222067	i_replicate	ii_all	ks_d	12	54	0.9769
per_study	GSE222067	i_replicate	ii_all	wasserstein	12	54	0.8935
per_study	GSE222067	i_replicate	ii_genotype_or_treatment	spearman	12	54	0.9552
per_study	GSE222067	i_replicate	ii_genotype_or_treatment	ks_d	12	54	0.9769
per_study	GSE222067	i_replicate	ii_genotype_or_treatment	wasserstein	12	54	0.8935
per_study	GSE288532	i_replicate	ii_all	spearman	30	405	0.9753
per_study	GSE288532	i_replicate	ii_all	ks_d	30	405	0.825
per_study	GSE288532	i_replicate	ii_all	wasserstein	30	405	0.9411
per_study	GSE288532	i_replicate	ii_time_only	spearman	30	189	0.9695
per_study	GSE288532	i_replicate	ii_time_only	ks_d	30	189	0.8295
per_study	GSE288532	i_replicate	ii_time_only	wasserstein	30	189	0.9474
per_study	GSE288532	i_replicate	ii_genotype_or_treatment	spearman	30	216	0.9804
per_study	GSE288532	i_replicate	ii_genotype_or_treatment	ks_d	30	216	0.8211
per_study	GSE288532	i_replicate	ii_genotype_or_treatment	wasserstein	30	216	0.9355
per_study	GSE327989	i_replicate	ii_all	spearman	12	54	0.767
per_study	GSE327989	i_replicate	ii_all	ks_d	12	54	0.6775
per_study	GSE327989	i_replicate	ii_all	wasserstein	12	54	0.5247
per_study	GSE327989	i_replicate	ii_genotype_or_treatment	spearman	12	54	0.767
per_study	GSE327989	i_replicate	ii_genotype_or_treatment	ks_d	12	54	0.6775
per_study	GSE327989	i_replicate	ii_genotype_or_treatment	wasserstein	12	54	0.5247
per_study	GSE79726	i_replicate	ii_all	spearman	3	12	0.6667
per_study	GSE79726	i_replicate	ii_all	ks_d	3	12	0.8611
per_study	GSE79726	i_replicate	ii_all	wasserstein	3	12	0.7222
per_study	GSE79726	i_replicate	ii_time_only	spearman	3	4	0.6667
per_study	GSE79726	i_replicate	ii_time_only	ks_d	3	4	0.9167
per_study	GSE79726	i_replicate	ii_time_only	wasserstein	3	4	0.8333
per_study	GSE79726	i_replicate	ii_genotype_or_treatment	spearman	3	8	0.6667
per_study	GSE79726	i_replicate	ii_genotype_or_treatment	ks_d	3	8	0.8333
per_study	GSE79726	i_replicate	ii_genotype_or_treatment	wasserstein	3	8	0.6667
pooled	all	iii_similar_controls	iii_other	spearman	275	7537	0.4616
pooled	all	iii_similar_controls	iii_other	ks_d	275	7537	0.6954
pooled	all	iii_similar_controls	iii_other	wasserstein	275	7537	0.4465
pooled	all	i_replicate	iii_all	spearman	87	7812	0.9956
pooled	all	i_replicate	iii_all	ks_d	87	7812	0.956
pooled	all	i_replicate	iii_all	wasserstein	87	7812	0.9465
within_study_pair	GSE104203|GSE327989	iii_similar_controls	iii_other	spearman	96	624	0.4818
within_study_pair	GSE104203|GSE327989	iii_similar_controls	iii_other	ks_d	96	624	0.5565
within_study_pair	GSE104203|GSE327989	iii_similar_controls	iii_other	wasserstein	96	624	0.5896
within_study_pair	GSE104203|GSE79726	iii_similar_controls	iii_other	spearman	128	232	0.4316
within_study_pair	GSE104203|GSE79726	iii_similar_controls	iii_other	ks_d	128	232	0.327
within_study_pair	GSE104203|GSE79726	iii_similar_controls	iii_other	wasserstein	128	232	0.416
within_study_pair	GSE104203|GSE89999	iii_similar_controls	iii_other	spearman	32	1408	0.8254
within_study_pair	GSE104203|GSE89999	iii_similar_controls	iii_other	ks_d	32	1408	0.894
within_study_pair	GSE104203|GSE89999	iii_similar_controls	iii_other	wasserstein	32	1408	0.8012
within_study_pair	GSE327989|GSE79726	iii_similar_controls	iii_other	spearman	12	60	0.5458
within_study_pair	GSE327989|GSE79726	iii_similar_controls	iii_other	ks_d	12	60	0.3778
within_study_pair	GSE327989|GSE79726	iii_similar_controls	iii_other	wasserstein	12	60	0.5528
within_study_pair	GSE327989|GSE89999	iii_similar_controls	iii_other	spearman	3	285	0.8585
within_study_pair	GSE327989|GSE89999	iii_similar_controls	iii_other	ks_d	3	285	0.9281
within_study_pair	GSE327989|GSE89999	iii_similar_controls	iii_other	wasserstein	3	285	0.7123
within_study_pair	GSE79726|GSE89999	iii_similar_controls	iii_other	spearman	4	140	0.4857
within_study_pair	GSE79726|GSE89999	iii_similar_controls	iii_other	ks_d	4	140	0.7179
within_study_pair	GSE79726|GSE89999	iii_similar_controls	iii_other	wasserstein	4	140	0.7304
