dataset	primary_source_url	candidate_rows	original_retrieval_events	independently_refetched_events	scope
GSE122841	https://www.ncbi.nlm.nih.gov/geo/query/acc.cgi?acc=GSE122841&targ=all&form=text&view=full	CR-001,CR-002,CR-003,CR-004,CR-005,CR-006,CR-007	7	4	Archive condition and sample-structure evidence only; see row decisions. No paper, release admission or locus mapping reviewed.
GSE252562	https://www.ncbi.nlm.nih.gov/geo/query/acc.cgi?acc=GSE252562&targ=all&form=text&view=full	CR-008,CR-009,CR-010,CR-011,CR-012,CR-013,CR-014	8	5	Archive condition and sample-structure evidence only; see row decisions. No paper, release admission or locus mapping reviewed.
GSE45762	https://www.ncbi.nlm.nih.gov/geo/query/acc.cgi?acc=GSE45762&targ=all&form=text&view=full	CR-015,CR-016,CR-017,CR-018	8	5	Archive condition and sample-structure evidence only; see row decisions. No paper, release admission or locus mapping reviewed.
GSE237858	https://www.ncbi.nlm.nih.gov/geo/query/acc.cgi?acc=GSE237858&targ=all&form=text&view=full	CR-019,CR-020,CR-021,CR-022	8	1	Archive condition and sample-structure evidence only; see row decisions. No paper, release admission or locus mapping reviewed.
GSE227397	https://www.ncbi.nlm.nih.gov/geo/query/acc.cgi?acc=GSE227397&targ=all&form=text&view=full	CR-023,CR-024,CR-025,CR-026	7	1	Archive condition and sample-structure evidence only; see row decisions. No paper, release admission or locus mapping reviewed.
GSE225426	https://www.ncbi.nlm.nih.gov/geo/query/acc.cgi?acc=GSE225426&targ=all&form=text&view=full	CR-027,CR-028,CR-029,CR-030,CR-031	9	7	Archive condition and sample-structure evidence only; see row decisions. No paper, release admission or locus mapping reviewed.
GSE311172	https://www.ncbi.nlm.nih.gov/geo/query/acc.cgi?acc=GSE311172&targ=all&form=text&view=full	CR-032,CR-033,CR-034,CR-035	8	6	Archive condition and sample-structure evidence only; see row decisions. No paper, release admission or locus mapping reviewed.
GSE140121	https://www.ncbi.nlm.nih.gov/geo/query/acc.cgi?acc=GSE140121&targ=all&form=text&view=full	CR-036,CR-037,CR-038,CR-039,CR-040,CR-041	7	5	Archive condition and sample-structure evidence only; see row decisions. No paper, release admission or locus mapping reviewed.
GSE327989	https://www.ncbi.nlm.nih.gov/geo/query/acc.cgi?acc=GSE327989&targ=all&form=text&view=full	CR-042,CR-043,CR-044	9	6	Archive condition and sample-structure evidence only; see row decisions. No paper, release admission or locus mapping reviewed.
GSE14225	https://www.ncbi.nlm.nih.gov/geo/query/acc.cgi?acc=GSE14225&targ=all&form=text&view=full	CR-045,CR-046,CR-047,CR-048,CR-049,CR-050,CR-051,CR-052,CR-053	4	1	Archive condition and sample-structure evidence only; see row decisions. No paper, release admission or locus mapping reviewed.
GSE22468	https://www.ncbi.nlm.nih.gov/geo/query/acc.cgi?acc=GSE22468&targ=all&form=text&view=full	CR-054,CR-055,CR-056,CR-057,CR-058,CR-059,CR-060,CR-061,CR-062	4	1	Archive condition and sample-structure evidence only; see row decisions. No paper, release admission or locus mapping reviewed.
GSE28430	https://www.ncbi.nlm.nih.gov/geo/query/acc.cgi?acc=GSE28430&targ=all&form=text&view=full	CR-063,CR-064,CR-065,CR-066,CR-067,CR-068,CR-069,CR-070,CR-071	4	1	Archive condition and sample-structure evidence only; see row decisions. No paper, release admission or locus mapping reviewed.
GSE42542	https://www.ncbi.nlm.nih.gov/geo/query/acc.cgi?acc=GSE42542&targ=all&form=text&view=full	CR-072,CR-073,CR-074,CR-075,CR-076,CR-077,CR-078,CR-079,CR-080	4	1	Archive condition and sample-structure evidence only; see row decisions. No paper, release admission or locus mapping reviewed.
GSE47015	https://www.ncbi.nlm.nih.gov/geo/query/acc.cgi?acc=GSE47015&targ=all&form=text&view=full	CR-081,CR-082,CR-083,CR-084,CR-085,CR-086,CR-087,CR-088,CR-089	4	1	Archive condition and sample-structure evidence only; see row decisions. No paper, release admission or locus mapping reviewed.
GSE48901	https://www.ncbi.nlm.nih.gov/geo/query/acc.cgi?acc=GSE48901&targ=all&form=text&view=full	CR-090,CR-091,CR-092,CR-093,CR-094,CR-095,CR-096,CR-097,CR-098	4	1	Archive condition and sample-structure evidence only; see row decisions. No paper, release admission or locus mapping reviewed.
GSE55637	https://www.ncbi.nlm.nih.gov/geo/query/acc.cgi?acc=GSE55637&targ=all&form=text&view=full	CR-099,CR-100,CR-101,CR-102,CR-103,CR-104,CR-105,CR-106,CR-107	4	1	Archive condition and sample-structure evidence only; see row decisions. No paper, release admission or locus mapping reviewed.
GSE114693	https://www.ncbi.nlm.nih.gov/geo/query/acc.cgi?acc=GSE114693&targ=all&form=text&view=full	CR-108,CR-109,CR-110,CR-111,CR-112,CR-113,CR-114,CR-115,CR-116,CR-117,CR-118	10	7	Archive condition and sample-structure evidence only; see row decisions. No paper, release admission or locus mapping reviewed.
GSE29264	https://www.ncbi.nlm.nih.gov/geo/query/acc.cgi?acc=GSE29264&targ=all&form=text&view=full	CR-119,CR-120,CR-121,CR-122,CR-123,CR-124,CR-125,CR-126,CR-127	8	5	Archive condition and sample-structure evidence only; see row decisions. No paper, release admission or locus mapping reviewed.
GSE102914	https://www.ncbi.nlm.nih.gov/geo/query/acc.cgi?acc=GSE102914&targ=all&form=text&view=full	CR-157,CR-158,CR-159	4	1	Archive condition and sample-structure evidence only; see row decisions. No paper, release admission or locus mapping reviewed.
GSE103462	https://www.ncbi.nlm.nih.gov/geo/query/acc.cgi?acc=GSE103462&targ=all&form=text&view=full	CR-160,CR-161	8	1	Archive condition and sample-structure evidence only; see row decisions. No paper, release admission or locus mapping reviewed.
GSE103463	https://www.ncbi.nlm.nih.gov/geo/query/acc.cgi?acc=GSE103463&targ=all&form=text&view=full	CR-162,CR-163	7	1	Archive condition and sample-structure evidence only; see row decisions. No paper, release admission or locus mapping reviewed.
GSE103606	https://www.ncbi.nlm.nih.gov/geo/query/acc.cgi?acc=GSE103606&targ=all&form=text&view=full		12	0	Archive condition and sample-structure evidence only; see row decisions. No paper, release admission or locus mapping reviewed.
GSE103644	https://www.ncbi.nlm.nih.gov/geo/query/acc.cgi?acc=GSE103644&targ=all&form=text&view=full	CR-164,CR-165	7	1	Archive condition and sample-structure evidence only; see row decisions. No paper, release admission or locus mapping reviewed.
GSE103704	https://www.ncbi.nlm.nih.gov/geo/query/acc.cgi?acc=GSE103704&targ=all&form=text&view=full	CR-152,CR-166,CR-167	7	1	Archive condition and sample-structure evidence only; see row decisions. No paper, release admission or locus mapping reviewed.
GSE104203	https://www.ncbi.nlm.nih.gov/geo/query/acc.cgi?acc=GSE104203&targ=all&form=text&view=full		9	0	Archive condition and sample-structure evidence only; see row decisions. No paper, release admission or locus mapping reviewed.
GSE104204	https://www.ncbi.nlm.nih.gov/geo/query/acc.cgi?acc=GSE104204&targ=all&form=text&view=full		9	0	Archive condition and sample-structure evidence only; see row decisions. No paper, release admission or locus mapping reviewed.
GSE105774	https://www.ncbi.nlm.nih.gov/geo/query/acc.cgi?acc=GSE105774&targ=all&form=text&view=full	CR-168,CR-169	7	1	Archive condition and sample-structure evidence only; see row decisions. No paper, release admission or locus mapping reviewed.
GSE18902	https://www.ncbi.nlm.nih.gov/geo/query/acc.cgi?acc=GSE18902&targ=all&form=text&view=full	CR-151	4	1	Archive condition and sample-structure evidence only; see row decisions. No paper, release admission or locus mapping reviewed.
GSE205443	https://www.ncbi.nlm.nih.gov/geo/query/acc.cgi?acc=GSE205443&targ=all&form=text&view=full	CR-153	7	1	Archive condition and sample-structure evidence only; see row decisions. No paper, release admission or locus mapping reviewed.
GSE205445	https://www.ncbi.nlm.nih.gov/geo/query/acc.cgi?acc=GSE205445&targ=all&form=text&view=full		7	0	Archive condition and sample-structure evidence only; see row decisions. No paper, release admission or locus mapping reviewed.
GSE222067	https://www.ncbi.nlm.nih.gov/geo/query/acc.cgi?acc=GSE222067&targ=all&form=text&view=full	CR-170,CR-171,CR-172	7	1	Archive condition and sample-structure evidence only; see row decisions. No paper, release admission or locus mapping reviewed.
GSE254350	https://www.ncbi.nlm.nih.gov/geo/query/acc.cgi?acc=GSE254350&targ=all&form=text&view=full	CR-173	7	1	Archive condition and sample-structure evidence only; see row decisions. No paper, release admission or locus mapping reviewed.
GSE288532	https://www.ncbi.nlm.nih.gov/geo/query/acc.cgi?acc=GSE288532&targ=all&form=text&view=full		7	0	Archive condition and sample-structure evidence only; see row decisions. No paper, release admission or locus mapping reviewed.
GSE335065	https://www.ncbi.nlm.nih.gov/geo/query/acc.cgi?acc=GSE335065&targ=all&form=text&view=full	CR-149,CR-150,CR-174	7	1	Archive condition and sample-structure evidence only; see row decisions. No paper, release admission or locus mapping reviewed.
GSE50908	https://www.ncbi.nlm.nih.gov/geo/query/acc.cgi?acc=GSE50908&targ=all&form=text&view=full		4	0	Archive condition and sample-structure evidence only; see row decisions. No paper, release admission or locus mapping reviewed.
GSE50919	https://www.ncbi.nlm.nih.gov/geo/query/acc.cgi?acc=GSE50919&targ=all&form=text&view=full		4	0	Archive condition and sample-structure evidence only; see row decisions. No paper, release admission or locus mapping reviewed.
GSE50920	https://www.ncbi.nlm.nih.gov/geo/query/acc.cgi?acc=GSE50920&targ=all&form=text&view=full	CR-154	4	1	Archive condition and sample-structure evidence only; see row decisions. No paper, release admission or locus mapping reviewed.
GSE50922	https://www.ncbi.nlm.nih.gov/geo/query/acc.cgi?acc=GSE50922&targ=all&form=text&view=full	CR-155,CR-156	7	1	Archive condition and sample-structure evidence only; see row decisions. No paper, release admission or locus mapping reviewed.
GSE51112	https://www.ncbi.nlm.nih.gov/geo/query/acc.cgi?acc=GSE51112&targ=all&form=text&view=full		7	0	Archive condition and sample-structure evidence only; see row decisions. No paper, release admission or locus mapping reviewed.
GSE52486	https://www.ncbi.nlm.nih.gov/geo/query/acc.cgi?acc=GSE52486&targ=all&form=text&view=full		4	0	Archive condition and sample-structure evidence only; see row decisions. No paper, release admission or locus mapping reviewed.
GSE59112	https://www.ncbi.nlm.nih.gov/geo/query/acc.cgi?acc=GSE59112&targ=all&form=text&view=full	CR-175,CR-176	4	1	Archive condition and sample-structure evidence only; see row decisions. No paper, release admission or locus mapping reviewed.
GSE79726	https://www.ncbi.nlm.nih.gov/geo/query/acc.cgi?acc=GSE79726&targ=all&form=text&view=full	CR-177,CR-178,CR-179	6	1	Archive condition and sample-structure evidence only; see row decisions. No paper, release admission or locus mapping reviewed.
GSE89999	https://www.ncbi.nlm.nih.gov/geo/query/acc.cgi?acc=GSE89999&targ=all&form=text&view=full	CR-180	7	1	Archive condition and sample-structure evidence only; see row decisions. No paper, release admission or locus mapping reviewed.
PXD082340	https://www.ebi.ac.uk/pride/ws/archive/v3/projects/PXD082340	CR-128,CR-129,CR-130,CR-131,CR-132,CR-133,CR-134,CR-135,CR-136,CR-137,CR-138	3	3	Archive condition and sample-structure evidence only; see row decisions. No paper, release admission or locus mapping reviewed.
E-MEXP-1657	https://www.ebi.ac.uk/biostudies/api/v1/studies/E-MEXP-1657	CR-139,CR-140,CR-141,CR-142,CR-143,CR-144,CR-145,CR-146,CR-147,CR-148	4	2	Archive condition and sample-structure evidence only; see row decisions. No paper, release admission or locus mapping reviewed.
