id	studyId	replicateType	biologicalBandAvailable	meanGeneCount	strata	definedCorrelationCount	min	median	max
GSE103462_wt_subjective_dawn	GSE103462	biological	True	2551	1	1	0.9959037803425821	0.9959037803425821	0.9959037803425821
GSE103462_wt_subjective_dusk	GSE103462	biological	True	2551	1	1	0.9888611180724801	0.9888611180724801	0.9888611180724801
GSE103463_rel_relA_subjective_dawn	GSE103463	biological	True	2551	1	1	0.9914115952346375	0.9914115952346375	0.9914115952346375
GSE103463_rel_relA_subjective_dusk	GSE103463	biological	True	2551	1	1	0.9932641087801126	0.9932641087801126	0.9932641087801126
GSE103644_wt_relA_preinduction	GSE103644	none	False	2551	1	0			
GSE103644_wt_relA_induced	GSE103644	none	False	2551	2	0			
GSE103704_wt_dusk	GSE103704	biological	True	2551	1	1	0.9222820433086081	0.9222820433086081	0.9222820433086081
GSE103704_wt_darkness	GSE103704	biological	True	2551	8	8	0.9484115920293952	0.9630459231850464	0.968865429111898
GSE104203_low_light	GSE104203	biological	True	2551	8	8	0.9496389215112611	0.9608380367568723	0.9696853515880587
GSE104203_clear_day	GSE104203	biological	True	2551	8	8	0.9368699013451018	0.9537430534033847	0.9694522718246068
GSE104203_high_light_pulse	GSE104203	biological	True	2551	7	7	0.9519097427868676	0.9605588645596094	0.9663192819119596
GSE104203_shade_pulse	GSE104203	biological	True	2551	7	7	0.946394452760339	0.9579037549770122	0.970439025641719
GSE105774_rel_relA_dusk	GSE105774	biological	True	2551	1	1	0.964465060132426	0.964465060132426	0.964465060132426
GSE105774_rel_relA_darkness	GSE105774	biological	True	2551	8	8	0.9568679128864396	0.9669249187368799	0.9769284716763839
GSE222067_wt_0mM_NaCl	GSE222067	biological	True	2550	1	3	0.9637790954532383	0.9817930396968989	0.9865918752942291
GSE222067_wt_300mM_NaCl	GSE222067	biological	True	2550	1	3	0.9860908899318094	0.9895993516910573	0.990241648006697
GSE225426_wt_control	GSE225426	unknown	False	2550	1	1	0.9638440615616148	0.9638440615616148	0.9638440615616148
GSE225426_wt_nacl_day1	GSE225426	unknown	False	2550	1	1	0.9768485553416903	0.9768485553416903	0.9768485553416903
GSE225426_wt_nacl_day3	GSE225426	unknown	False	2550	1	1	0.9781978103785632	0.9781978103785632	0.9781978103785632
GSE225426_wt_streptomycin_day1	GSE225426	unknown	False	2550	1	1	0.9632047582126035	0.9632047582126035	0.9632047582126035
GSE225426_wt_streptomycin_day3	GSE225426	unknown	False	2550	1	1	0.9587838812313525	0.9587838812313525	0.9587838812313525
GSE237858_wt_ll12	GSE237858	biological	True	2634	1	3	0.9951553570129494	0.9960775421629418	0.9981586883298083
GSE252562_wt_short_1cycle	GSE252562	biological	True	2634	1	3	0.9515614112163554	0.9572910458663233	0.9803694133989305
GSE252562_wt_short_4cycles	GSE252562	biological	True	2634	1	3	0.9618249672521859	0.9679751178581828	0.9837452144135677
GSE252562_wt_8cycles_disputed	GSE252562	biological	True	2634	1	3	0.9882991415386901	0.9892314863568102	0.9900865068991701
GSE252562_wt_long_1cycle	GSE252562	biological	True	2634	1	3	0.9032863354022604	0.9063592794966594	0.9814362530889379
GSE252562_wt_long_4cycles	GSE252562	biological	True	2634	1	3	0.9808968920540835	0.9826186083077606	0.987369913142787
GSE252562_wt_long_8cycles	GSE252562	biological	True	2634	1	3	0.9854379963927693	0.9871679919459438	0.9874484401621318
GSE254350_wt_day1	GSE254350	biological	True	2505	1	6	0.9197988589469314	0.9616573363941262	0.9853143837954936
GSE254350_wt_day4	GSE254350	biological	True	2505	1	6	0.9419083818702563	0.9759583718597525	0.9861157940523538
GSE288532_subjective_day	GSE288532	biological	True	2615	6	18	0.9776627982949012	0.9925424895739461	0.9970123775561369
GSE288532_subjective_night	GSE288532	biological	True	2615	4	12	0.9662436871353827	0.9908544424687149	0.9976135525741627
GSE311172_wt_medium_light_0_o2	GSE311172	unknown	False	2615	1	1	0.9976429608646256	0.9976429608646256	0.9976429608646256
GSE311172_wt_high_light_0_o2	GSE311172	unknown	False	2615	1	1	0.9968543369943805	0.9968543369943805	0.9968543369943805
GSE311172_wt_high_light_max_o2	GSE311172	unknown	False	2615	1	1	0.9976585589883714	0.9976585589883714	0.9976585589883714
GSE311172_ad1_0_o2	GSE311172	unknown	False	2615	1	1	0.9872335535112398	0.9872335535112398	0.9872335535112398
GSE311172_ad1_max_o2	GSE311172	unknown	False	2615	1	1	0.9961745116139136	0.9961745116139136	0.9961745116139136
GSE311172_ad2_0_o2	GSE311172	unknown	False	2615	1	1	0.9965820382499568	0.9965820382499568	0.9965820382499568
GSE311172_ad3_0_o2	GSE311172	unknown	False	2615	1	1	0.9898765554205607	0.9898765554205607	0.9898765554205607
GSE327989_wt_day4	GSE327989	biological	True	2505	1	3	0.9406071441582088	0.9616526720341642	0.9821847214253038
GSE335065_axenic	GSE335065	biological	True	2615	3	9	0.9790155196036784	0.995536522258614	0.9980206572326105
GSE335065_axenic_mbr	GSE335065	biological	True	2615	3	9	0.9978443545818295	0.9984917386400043	0.9990513353969488
GSE335065_coculture_mbr	GSE335065	biological	True	2615	3	9	0.9837976478583051	0.9971677298914714	0.9982514544311789
GSE51112_wt_ll	GSE51112	none	False	2551	6	0			
GSE51112_oxd53e_iptg	GSE51112	none	False	2551	6	0			
GSE51112_oxd53e_no_iptg	GSE51112	none	False	2551	3	0			
GSE51112_oxempty_iptg	GSE51112	none	False	2551	3	0			
GSE79726_control_24h	GSE79726	biological	True	2551	1	1	0.7607230231027716	0.7607230231027716	0.7607230231027716
GSE79726_n_minus_48h	GSE79726	biological	True	2551	1	1	0.9168358421856729	0.9168358421856729	0.9168358421856729
GSE79726_n_plus_48h	GSE79726	biological	True	2551	1	1	0.9499635909508313	0.9499635909508313	0.9499635909508313
GSE89999_control_dusk	GSE89999	none	False	2551	1	0			
GSE89999_control_darkness	GSE89999	none	False	2551	8	0			
GSE89999_control_dawn	GSE89999	none	False	2551	3	0			
