strain	assay	conditions	replicates	build	licence	artifact	checksum	per_gene_table	mapping_route	status	source
PCC 7942	transcriptomics (array)	incubation medium=EPA Very Soft Water (pH 6.4± 0.3)/EPA Very Soft Water (pH 6.4± 0.3) + 5 mg/L Z-COTE/EPA Very Soft Water (pH 6.4± 0.3) + 5 mg/L ZnCl2/EPA Very Soft Water (pH 6.4± 0.3) + 5 mg/l Z-COTE HP1; incubation condition=5 h, 20°C,  100 rpm agitation,  continuous light	16 samples total; per-condition replicate count not stated in repository metadata	not stated in GEO metadata	NCBI GEO public-repository terms; no per-file notice located. Recommendation only.	GEO GSE102914; PMID 31161548		none found (raw only: GSE102914_RAW.tar)	PCC 7942 RefSeq locus tags -> existing exact shared-protein crosswalk	candidate	https://www.ncbi.nlm.nih.gov/geo/query/acc.cgi?acc=GSE102914
PCC 7942	transcriptomics (RNA-seq)	genotype=rel-/wild type; time point=subjective dawn (CT=0)/subjective dusk (CT=12h)	8 samples total; per-condition replicate count not stated in repository metadata	not stated in GEO metadata	NCBI GEO public-repository terms; no per-file notice located. Recommendation only.	GEO GSE103462; PMID 29241543		GSE103462_Expression.xls.gz	PCC 7942 RefSeq locus tags -> existing exact shared-protein crosswalk	candidate	https://www.ncbi.nlm.nih.gov/geo/query/acc.cgi?acc=GSE103462
PCC 7942	transcriptomics (RNA-seq)	genotype=rel- + relA+/rel- + relAE335Q; time point=subjective dawn (CT=0)/subjective dusk (CT=12h)	8 samples total; per-condition replicate count not stated in repository metadata	not stated in GEO metadata	NCBI GEO public-repository terms; no per-file notice located. Recommendation only.	GEO GSE103463; PMID 29241543		GSE103463_Expression.xls.gz	PCC 7942 RefSeq locus tags -> existing exact shared-protein crosswalk	candidate	https://www.ncbi.nlm.nih.gov/geo/query/acc.cgi?acc=GSE103463
PCC 7942	transcriptomics (RNA-seq)	genotype=rel-/rel- + relA+/rel- + relAE335Q/rel- relA+; time point=0 (pre-induction)/1 h/30 min/combined; strain=PCC 7942; chip antibody=Mouse IgG whole molecule (Jackson ImmunoResearch, cat. 015-000-003 , Lot 111338)/anti-E. coli RNA polymerase β monoclonal antibody (BioLegend, cat. 663905, Lot B194049)	106 samples total; per-condition replicate count not stated in repository metadata	not stated in GEO metadata	NCBI GEO public-repository terms; no per-file notice located. Recommendation only.	GEO GSE103606; PMID 29241543		none found	PCC 7942 RefSeq locus tags -> existing exact shared-protein crosswalk	candidate	https://www.ncbi.nlm.nih.gov/geo/query/acc.cgi?acc=GSE103606
PCC 7942	transcriptomics (RNA-seq)	strain=PCC 7942; genotype=wild type + relA+/wild type + relAE335Q; time point=0 (pre-induction)/1 h/30 min	6 samples total; per-condition replicate count not stated in repository metadata	not stated in GEO metadata	NCBI GEO public-repository terms; no per-file notice located. Recommendation only.	GEO GSE103644; PMID 29241543		GSE103644_Expression.xls.gz	PCC 7942 RefSeq locus tags -> existing exact shared-protein crosswalk	candidate	https://www.ncbi.nlm.nih.gov/geo/query/acc.cgi?acc=GSE103644
PCC 7942	transcriptomics (RNA-seq)	genotype=rel- replicate 1/rel- replicate 2/wild type replicate 1/wild type replicate 2; time point=darkness, 1 h/darkness, 12 h/darkness, 15 min/darkness, 2 h	36 samples total; per-condition replicate count not stated in repository metadata	not stated in GEO metadata	NCBI GEO public-repository terms; no per-file notice located. Recommendation only.	GEO GSE103704; PMID 29241543		GSE103704_Expression.xls.gz	PCC 7942 RefSeq locus tags -> existing exact shared-protein crosswalk	candidate	https://www.ncbi.nlm.nih.gov/geo/query/acc.cgi?acc=GSE103704
PCC 7942	ChIP-seq (not an admitted data type)	hours since light onset (dawn)=8/8.25/9/Equal mass pool of samples from 9-10 hours since dawn; perturbation=15 minutes in High Light pulse/15 minutes in Shade pulse/60 minutes in High Light pulse/60 minutes in Shade pulse; chip antibody=FLAG M2 mouse monoclonal antibody (Sigma-Aldrich, catalog number F1804, lot number SLBN5629V)/Rabbit Igg (Sigma Aldrich, catalog number I5006)/anti-RpaA (made in-house)/anti-RpaB (made in-house); replicate=1/2	37 samples total; per-condition replicate count not stated in repository metadata	not stated in GEO metadata	NCBI GEO public-repository terms; no per-file notice located. Recommendation only.	GEO GSE104202; PMID 29239721		none found (raw only: GSE104202_Natural_light_ChIPseq_processed.xlsx)	PCC 7942 RefSeq locus tags -> existing exact shared-protein crosswalk	rejected: ChIP-seq is not an admitted data type	https://www.ncbi.nlm.nih.gov/geo/query/acc.cgi?acc=GSE104202
PCC 7942	transcriptomics (RNA-seq)	hours since light onset (dawn)=0.5/10/12/2; perturbation=15 minutes in High Light pulse/15 minutes in Shade pulse/15 minutes since return to Clear Day/15 minutes since return to Low Light; light period=3rd/4th; replicate=1/2	60 samples total; per-condition replicate count not stated in repository metadata	not stated in GEO metadata	NCBI GEO public-repository terms; no per-file notice located. Recommendation only.	GEO GSE104203; PMID 29239721		none found (raw only: GSE104203_Natural_light_RNAseq_processed.xlsx)	PCC 7942 RefSeq locus tags -> existing exact shared-protein crosswalk	candidate	https://www.ncbi.nlm.nih.gov/geo/query/acc.cgi?acc=GSE104203
PCC 7942	transcriptomics (RNA-seq)	hours since light onset (dawn)=0.5/10/12/2; perturbation=15 minutes in High Light pulse/15 minutes in Shade pulse/15 minutes since return to Clear Day/15 minutes since return to Low Light; chip antibody=FLAG M2 mouse monoclonal antibody (Sigma-Aldrich, catalog number F1804, lot number SLBN5629V)/Rabbit Igg (Sigma Aldrich, catalog number I5006)/anti-RpaA (made in-house)/anti-RpaB (made in-house); replicate=1/2; light period=3rd/4th	97 samples total; per-condition replicate count not stated in repository metadata	not stated in GEO metadata	NCBI GEO public-repository terms; no per-file notice located. Recommendation only.	GEO GSE104204; PMID 29239721		none found	PCC 7942 RefSeq locus tags -> existing exact shared-protein crosswalk	candidate	https://www.ncbi.nlm.nih.gov/geo/query/acc.cgi?acc=GSE104204
PCC 7942	transcriptomics (RNA-seq)	genotype=rel- relA+/rel- relAE335Q; time point=darkness, 1 h/darkness, 12 h/darkness, 15 min/darkness, 2 h	36 samples total; per-condition replicate count not stated in repository metadata	not stated in GEO metadata	NCBI GEO public-repository terms; no per-file notice located. Recommendation only.	GEO GSE105774; PMID 29241543		GSE105774_Expression.xls.gz	PCC 7942 RefSeq locus tags -> existing exact shared-protein crosswalk	candidate	https://www.ncbi.nlm.nih.gov/geo/query/acc.cgi?acc=GSE105774
PCC 7942	transcriptomics (RNA-seq)	genotype=rel-/wild type; time point=combined/darkness, 12 h/darkness, 4 h/darkness, 8 h; chip antibody=Mouse IgG whole molecule (Jackson ImmunoResearch, cat. 015-000-003 , Lot 111338)/anti-E. coli RNA polymerase β monoclonal antibody (BioLegend, cat. 663905, Lot B194049)	12 samples total; per-condition replicate count not stated in repository metadata	not stated in GEO metadata	NCBI GEO public-repository terms; no per-file notice located. Recommendation only.	GEO GSE106824; PMID 29241543		none found (raw only: GSE106824_Stalling_index.xlsx)	PCC 7942 RefSeq locus tags -> existing exact shared-protein crosswalk	rejected: ChIP-seq is not an admitted data type	https://www.ncbi.nlm.nih.gov/geo/query/acc.cgi?acc=GSE106824
PCC 7942	ChIP-seq (not an admitted data type)	genotype/variation=OX-D53E/OX-D53E rpoD2{delta}/OX-D53E rpoD5{delta}/OX-D53E rpoD6{delta}; culture medium=BG-11M/BG-11M + 100µM IPTG after T=0 hours; time and light condition=0 hours in light/0.5 hours in light/12 hours in light/2 hours in light; biological replicate=biological replicate 1/biological replicate 2; date experiment was sequenced=Fall 2014/Fall 2016/Spring 2017	78 samples total; per-condition replicate count not stated in repository metadata	not stated in GEO metadata	NCBI GEO public-repository terms; no per-file notice located. Recommendation only.	GEO GSE114693		GSE114693_Table-S1.xlsx; GSE114693_Table_S0.xlsx	PCC 7942 RefSeq locus tags -> existing exact shared-protein crosswalk	rejected: ChIP-seq is not an admitted data type	https://www.ncbi.nlm.nih.gov/geo/query/acc.cgi?acc=GSE114693
PCC 7942	transcriptomics (RNA-seq)	strain=PCC 7942; sample type=Cyanobacterial cell; genotype/variation=OsTPX-expressing/wild type; growth condition=normal/stress; 2.5 mM H2O2 for 2 days	4 samples total; per-condition replicate count not stated in repository metadata	not stated in GEO metadata	NCBI GEO public-repository terms; no per-file notice located. Recommendation only.	GEO GSE122841; PMID 30619416		none found (raw only: GSE122841_RAW.tar)	PCC 7942 RefSeq locus tags -> existing exact shared-protein crosswalk	candidate	https://www.ncbi.nlm.nih.gov/geo/query/acc.cgi?acc=GSE122841
PCC 7942	transcriptomics (RNA-seq)	strain=PCC 7942; genotype/variation=transgenic microalgae (TA)/wild type; treatment=normal/stressed; 2.5 mM H2O2 at 7 days	4 samples total; per-condition replicate count not stated in repository metadata	not stated in GEO metadata	NCBI GEO public-repository terms; no per-file notice located. Recommendation only.	GEO GSE140121		none found (raw only: GSE140121_RAW.tar)	PCC 7942 RefSeq locus tags -> existing exact shared-protein crosswalk	candidate	https://www.ncbi.nlm.nih.gov/geo/query/acc.cgi?acc=GSE140121
PCC 7942	ChIP-seq (not an admitted data type)	genotype=IPTG-inducible kaiC overexpressor strain containing a Ptrc::kaiC construct with a kanamycin-resistance gene at the neutral site II (NSII)/kaiABC-null strain containing PkaiBC::luxAB construct with a chloramphenicol-resistance gene at the neutral site I (NSI)/wild type/wild type containing PkaiBC::luxAB construct with a chloramphenicol-resistance gene at the neutral site I (NSI)	104 samples total; per-condition replicate count not stated in repository metadata	not stated in GEO metadata	NCBI GEO public-repository terms; no per-file notice located. Recommendation only.	GEO GSE14225; PMID 19666549		none found (raw only: GSE14225_RAW.tar)	PCC 7942 RefSeq locus tags -> existing exact shared-protein crosswalk	rejected: ChIP-seq is not an admitted data type	https://www.ncbi.nlm.nih.gov/geo/query/acc.cgi?acc=GSE14225
PCC 7942	transcriptomics (array)	experiment=1/2; strain=AMC 408; reference=average of samples in experiment 1/average of samples in experiment 2	23 samples total; per-condition replicate count not stated in repository metadata	not stated in GEO metadata	NCBI GEO public-repository terms; no per-file notice located. Recommendation only.	GEO GSE18902; PMID 20018699		none found (raw only: GSE18902_RAW.tar)	PCC 7942 RefSeq locus tags -> existing exact shared-protein crosswalk	candidate	https://www.ncbi.nlm.nih.gov/geo/query/acc.cgi?acc=GSE18902
PCC 7942	transcriptomics (RNA-seq)	cell type=Cyanobacterial cell; strain=PCC 7942; genotype=RB-TnSeq Library 1.0/RB-TnSeq Library 2.0; growth vessel=bubbling tube/flask; treatment=Conditioned Media/Fresh BG-11; fraction=Biofilm/Settled Cells/Supernatant	25 samples total; per-condition replicate count not stated in repository metadata	not stated in GEO metadata	NCBI GEO public-repository terms; no per-file notice located. Recommendation only.	GEO GSE205443; PMID 35814646		GSE205443_Counts.txt.gz	PCC 7942 RefSeq locus tags -> existing exact shared-protein crosswalk	candidate	https://www.ncbi.nlm.nih.gov/geo/query/acc.cgi?acc=GSE205443
PCC 7942	transcriptomics (RNA-seq)	cell type=Cyanobacterial cell; strain=PCC 7942; genotype=Wild Type/pilB::Tn5; treatment=Conditioned Media (CM)/Fresh BG-11; time=Day 1/Day 4; fraction=Biofilm/Supernatant	21 samples total; per-condition replicate count not stated in repository metadata	not stated in GEO metadata	NCBI GEO public-repository terms; no per-file notice located. Recommendation only.	GEO GSE205444; PMID 35814646		GSE205444_DESeq2_Normalized_Counts.txt.gz; GSE205444_DESeq2_Raw_Counts.txt.gz; GSE205444_RockHopper2_Normalized_Counts.txt.gz; GSE205444_RockHopper2_Raw_Counts.txt.gz	PCC 7942 RefSeq locus tags -> existing exact shared-protein crosswalk	rejected: shipped: PCC 7942 abundance table - recognised, not new	https://www.ncbi.nlm.nih.gov/geo/query/acc.cgi?acc=GSE205444
PCC 7942	transcriptomics (RNA-seq)	cell type=Cyanobacterial cell; strain=PCC 7942; genotype=RB-TnSeq Library 1.0/RB-TnSeq Library 2.0/Wild Type/pilB::Tn5; growth vessel=bubbling tube/flask; treatment=Conditioned Media/Conditioned Media (CM)/Fresh BG-11; fraction=Biofilm/Settled Cells/Supernatant	46 samples total; per-condition replicate count not stated in repository metadata	not stated in GEO metadata	NCBI GEO public-repository terms; no per-file notice located. Recommendation only.	GEO GSE205445; PMID 35814646		none found (raw only: GSE205445_RAW.tar)	PCC 7942 RefSeq locus tags -> existing exact shared-protein crosswalk	candidate	https://www.ncbi.nlm.nih.gov/geo/query/acc.cgi?acc=GSE205445
PCC 7942	transcriptomics (RNA-seq)	cell type=bacterial cell; genotype=Synpcc7942_0808 locus knocked into ectABC/WT; treatment=0 mM NaCl/300 mM NaCl	12 samples total; per-condition replicate count not stated in repository metadata	not stated in GEO metadata	NCBI GEO public-repository terms; no per-file notice located. Recommendation only.	GEO GSE222067; PMID 36819058		GSE222067_counts.xlsx	PCC 7942 RefSeq locus tags -> existing exact shared-protein crosswalk	candidate	https://www.ncbi.nlm.nih.gov/geo/query/acc.cgi?acc=GSE222067
PCC 7942	ChIP-seq (not an admitted data type)	genotype=wild type; genotype/variation=kaiABC-null strain containing PkaiBC::luxAB construct with a chloramphenicol-resistance gene at the neutral site I (NSI)/wild type containing PkaiBC::luxAB construct with a chloramphenicol-resistance gene at the neutral site I (NSI)	29 samples total; per-condition replicate count not stated in repository metadata	not stated in GEO metadata	NCBI GEO public-repository terms; no per-file notice located. Recommendation only.	GEO GSE22468; PMID 21896749		none found (raw only: GSE22468_GCOSraw.txt.gz, GSE22468_RAW.tar)	PCC 7942 RefSeq locus tags -> existing exact shared-protein crosswalk	rejected: ChIP-seq is not an admitted data type	https://www.ncbi.nlm.nih.gov/geo/query/acc.cgi?acc=GSE22468
PCC 7942	transcriptomics (RNA-seq)	cell type=bacterial cell; genotype=WT; stress=0.4 M NaCl stress for 1 day/0.4 M NaCl stress for 3 day/50 mg/L streptomycin stress for 1 day/50 mg/L streptomycin stress for 3 day; time=Day 0/Day 1/Day 3	10 samples total; per-condition replicate count not stated in repository metadata	not stated in GEO metadata	NCBI GEO public-repository terms; no per-file notice located. Recommendation only.	GEO GSE225426		none found (raw only: GSE225426_Processed_data_A.xlsx, GSE225426_Processed_data_B.xlsx)	PCC 7942 RefSeq locus tags -> existing exact shared-protein crosswalk	candidate	https://www.ncbi.nlm.nih.gov/geo/query/acc.cgi?acc=GSE225426
Synechococcus elongatus	transcriptomics (RNA-seq)	strain=PCC 7942; genotype=WT/del(xpk); treatment=Dark 12hr/Dark 1hr/Light 12 hr/Light 1hr	24 samples total; per-condition replicate count not stated in repository metadata	not stated in GEO metadata	NCBI GEO public-repository terms; no per-file notice located. Recommendation only.	GEO GSE227397; PMID 37349485		none found (raw only: GSE227397_RAW.tar)	none	candidate	https://www.ncbi.nlm.nih.gov/geo/query/acc.cgi?acc=GSE227397
PCC 7942	transcriptomics (RNA-seq)	cell type=cyanobacteria; time=collected after 12h in LL (with one 12h dark pulse before); genotype=kaiA over-expression and labA knock-out/kaiA over-expression through Zinc induction/labA knock-out/wild-type	12 samples total; per-condition replicate count not stated in repository metadata	not stated in GEO metadata	NCBI GEO public-repository terms; no per-file notice located. Recommendation only.	GEO GSE237858; PMID 38739791		GSE237858_transcript_count_matrix.csv.gz	PCC 7942 RefSeq locus tags -> existing exact shared-protein crosswalk	candidate	https://www.ncbi.nlm.nih.gov/geo/query/acc.cgi?acc=GSE237858
PCC 7942	transcriptomics (RNA-seq)	cell type=bacterial cells; time=collected 1h before midday of their respective photoperiod; genotype=kaiABC knock-out/wild-type; treatment=1 cycle of LD16:8/1 cycle of LD8:16/4 cycles of LD16:8/4 cycles of LD8:16	36 samples total; per-condition replicate count not stated in repository metadata	not stated in GEO metadata	NCBI GEO public-repository terms; no per-file notice located. Recommendation only.	GEO GSE252562; PMID 39236161		GSE252562_transcript_count_matrix.csv.gz	PCC 7942 RefSeq locus tags -> existing exact shared-protein crosswalk	candidate	https://www.ncbi.nlm.nih.gov/geo/query/acc.cgi?acc=GSE252562
PCC 7942	transcriptomics (RNA-seq)	cell type=bacterial cell; genotype=pilB-mutant/sigF1-mutant/sigF2-mutant/wild-type	32 samples total; per-condition replicate count not stated in repository metadata	not stated in GEO metadata	NCBI GEO public-repository terms; no per-file notice located. Recommendation only.	GEO GSE254350; PMID 39188729		GSE254350_normalized_counts.xlsx	PCC 7942 RefSeq locus tags -> existing exact shared-protein crosswalk	candidate	https://www.ncbi.nlm.nih.gov/geo/query/acc.cgi?acc=GSE254350
PCC 7942	ChIP-seq (not an admitted data type)	genotype=rpaA-null mutant (replaced with a kanamycin-resistance gene) containing PkaiBC::luxAB construct with a chloramphenicol-resistance gene at the neutral site I (NSI)/rpoD6-null mutant (replaced with a kanamycin-resistance gene) containing PkaiBC::luxAB construct with a chloramphenicol-resistance gene at the neutral site I (NSI)/sasA-null mutant (replaced with a kanamycin-resistance gene) containing PkaiBC::luxAB construct with a chloramphenicol-resistance gene at the neutral site I (NSI)/wild type; strain=PCC 7942; time in continuous light=12 hrs/16 hrs/20 hrs/24 hrs	21 samples total; per-condition replicate count not stated in repository metadata	not stated in GEO metadata	NCBI GEO public-repository terms; no per-file notice located. Recommendation only.	GEO GSE28430		none found (raw only: GSE28430_GCOS_data.txt.gz, GSE28430_RAW.tar)	PCC 7942 RefSeq locus tags -> existing exact shared-protein crosswalk	rejected: ChIP-seq is not an admitted data type	https://www.ncbi.nlm.nih.gov/geo/query/acc.cgi?acc=GSE28430
Synechococcus elongatus	transcriptomics (RNA-seq)	cell line=strain PCC 7942 (FACHB-805); genotype=cscB-sps; treatment=day induced sucrose production 0h circadian time 4h/day induced sucrose production 12h circadian time 16h/day induced sucrose production 16h circadian time 20h/day induced sucrose production 2h circadian time 6h	30 samples total; per-condition replicate count not stated in repository metadata	not stated in GEO metadata	NCBI GEO public-repository terms; no per-file notice located. Recommendation only.	GEO GSE288532; PMID 40055679		GSE288532_rna_seq_counts.csv.gz	none	candidate	https://www.ncbi.nlm.nih.gov/geo/query/acc.cgi?acc=GSE288532
PCC 7942	ChIP-seq (not an admitted data type)	circadian time=circadian time 20 hours/circadian time 8 hours/equal mix of circadian times/equal proportion of each circadian time; strain=PCC 7942; chip antibody=WP023 (Neoclone)/mouse whole IgG (Jackson ImmunoResearch); continuous light time=60 hrs/68 hrs/72 hrs/80 hrs	13 samples total; per-condition replicate count not stated in repository metadata	not stated in GEO metadata	NCBI GEO public-repository terms; no per-file notice located. Recommendation only.	GEO GSE29264; PMID 21612627		none found (raw only: GSE29264_RAW.tar, GSE29264_RNA_Sequencing_Chr_Minus.wig.gz)	PCC 7942 RefSeq locus tags -> existing exact shared-protein crosswalk	rejected: ChIP-seq is not an admitted data type	https://www.ncbi.nlm.nih.gov/geo/query/acc.cgi?acc=GSE29264
PCC 7942	TTS (Term-seq/Rend-seq)	cell type=bacterial; genotype=WT/mfd_KO (Synpcc7942_1326::KanR); batch=19_02_2025	4 samples total; per-condition replicate count not stated in repository metadata	not stated in GEO metadata	NCBI GEO public-repository terms; no per-file notice located. Recommendation only.	GEO GSE309256; PMID 41292882,42148773		none found (raw only: GSE309256_250207Li_D25-1825-1826_combo_shadow_removed_3_f.wig.gz, GSE309256_250207Li_D25-1825-1826_combo_shadow_removed_3_r.wig.gz)	PCC 7942 RefSeq locus tags -> existing exact shared-protein crosswalk	rejected: already ranked in future-data-roadmap	https://www.ncbi.nlm.nih.gov/geo/query/acc.cgi?acc=GSE309256
PCC 7942	transcriptomics (RNA-seq)	cell type=axenic; genotype=cscB-sps; treatment=AD1 biofilm high light 445% O2 air saturation/AD1 high light 0% O2 air saturation/AD1 high light 234% O2 air saturation/AD1 high light 281% O2 air saturation	23 samples total; per-condition replicate count not stated in repository metadata	not stated in GEO metadata	NCBI GEO public-repository terms; no per-file notice located. Recommendation only.	GEO GSE311172		GSE311172_rna_seq_counts.csv.gz	PCC 7942 RefSeq locus tags -> existing exact shared-protein crosswalk	candidate	https://www.ncbi.nlm.nih.gov/geo/query/acc.cgi?acc=GSE311172
PCC 7942	transcriptomics (RNA-seq)	cell type=PcyX over expression/PebA-PebB over expression/PebS over expression/WT (control)	12 samples total; per-condition replicate count not stated in repository metadata	not stated in GEO metadata	NCBI GEO public-repository terms; no per-file notice located. Recommendation only.	GEO GSE327989		GSE327989_TPM_values_260414.csv.gz	PCC 7942 RefSeq locus tags -> existing exact shared-protein crosswalk	candidate	https://www.ncbi.nlm.nih.gov/geo/query/acc.cgi?acc=GSE327989
PCC 7942	transcriptomics (RNA-seq)	cell type=axenic/co-culture; genotype=cscB+ delta-sps/cscB+ delta-sps, WT; treatment=S.e + R.t co-culture day 4/S.e + R.t co-culture day 6/S.e + R.t co-culture day 8/S.e MBR axenic day 4	36 samples total; per-condition replicate count not stated in repository metadata	not stated in GEO metadata	NCBI GEO public-repository terms; no per-file notice located. Recommendation only.	GEO GSE335065; PMID 39455633		GSE335065_rna_seq_counts_092726.csv.gz	PCC 7942 RefSeq locus tags -> existing exact shared-protein crosswalk	candidate	https://www.ncbi.nlm.nih.gov/geo/query/acc.cgi?acc=GSE335065
PCC 7942	ChIP-seq (not an admitted data type)	cell type=cyanobacterial cells; genotype=NsrC-mNG-FLAG strain (D1339); treatment=none; cells harvested during logarithmic growth	4 samples total; per-condition replicate count not stated in repository metadata	not stated in GEO metadata	NCBI GEO public-repository terms; no per-file notice located. Recommendation only.	GEO GSE343576		none found (raw only: GSE343576_RAW.tar)	PCC 7942 RefSeq locus tags -> existing exact shared-protein crosswalk	rejected: ChIP-seq is not an admitted data type	https://www.ncbi.nlm.nih.gov/geo/query/acc.cgi?acc=GSE343576
PCC 7942	ChIP-seq (not an admitted data type)	treatment=IPTG/untreated; genotype=IPTG-inducible clpX overexpressor strain containing a Ptrc::clpX construct with a kanamycin-resistance gene at the neutral site II (NSII)/wild type containing PkaiBC::luxAB construct with a chloramphenicol-resistance gene at the neutral site I (NSI)	4 samples total; per-condition replicate count not stated in repository metadata	not stated in GEO metadata	NCBI GEO public-repository terms; no per-file notice located. Recommendation only.	GEO GSE42542; PMID 23913328		none found (raw only: GSE42542_RAW.tar)	PCC 7942 RefSeq locus tags -> existing exact shared-protein crosswalk	rejected: ChIP-seq is not an admitted data type	https://www.ncbi.nlm.nih.gov/geo/query/acc.cgi?acc=GSE42542
PCC 7942	transcriptomics (RNA-seq)	strain=7942/SE01/SE02; genotype=delta-aas/delta-aas, 'tesA/wild type; ffa production=No/Yes	17 samples total; per-condition replicate count not stated in repository metadata	not stated in GEO metadata	NCBI GEO public-repository terms; no per-file notice located. Recommendation only.	GEO GSE45762; PMID 23919451		GSE45762_Processed_Counts.xlsx.gz	PCC 7942 RefSeq locus tags -> existing exact shared-protein crosswalk	candidate	https://www.ncbi.nlm.nih.gov/geo/query/acc.cgi?acc=GSE45762
PCC 7942	ChIP-seq (not an admitted data type)	genotype=IPTG-inducible kaiA overexpressor strain containing PpsbAI::luxAB construct with a spectinomycin-resistance gene at the neutral site I (NSI) and Ptrc::kaiA construct with a kanamycin-resistance gene at the neutral site II (NSII); agent=IPTG/without IPTG (control); time=LL24 (hour 0)/LL30 (hour 6)/LL36 (hour 12)/LL42 (hour 18)	9 samples total; per-condition replicate count not stated in repository metadata	not stated in GEO metadata	NCBI GEO public-repository terms; no per-file notice located. Recommendation only.	GEO GSE47015		none found (raw only: GSE47015_RAW.tar)	PCC 7942 RefSeq locus tags -> existing exact shared-protein crosswalk	rejected: ChIP-seq is not an admitted data type	https://www.ncbi.nlm.nih.gov/geo/query/acc.cgi?acc=GSE47015
PCC 7942	ChIP-seq (not an admitted data type)	genotype/variation=kaiCEE strain containing PkaiBC::luxAB construct with a chloramphenicol-resistance gene at the neutral site I (NSI); collection time point=16h under continuous light (LL) under two 12-h:12-h light/dark cycles from a continuous culture/24h under continuous light (LL) under two 12-h:12-h light/dark cycles from a continuous culture/32h under continuous light (LL) under two 12-h:12-h light/dark cycles from a continuous culture/40h under continuous light (LL) under two 12-h:12-h light/dark cycles from a continuous culture	12 samples total; per-condition replicate count not stated in repository metadata	not stated in GEO metadata	NCBI GEO public-repository terms; no per-file notice located. Recommendation only.	GEO GSE48901; PMID 24244001		none found (raw only: GSE48901_RAW.tar)	PCC 7942 RefSeq locus tags -> existing exact shared-protein crosswalk	rejected: ChIP-seq is not an admitted data type	https://www.ncbi.nlm.nih.gov/geo/query/acc.cgi?acc=GSE48901
PCC 7942	transcriptomics (array)	strain=rpaA::KmR (EOC 66); time in ll=24 h/28 h/32 h/36 h; reference pool composition=pool of samples 24 h through 72 h; reference pool construction=Equal mass quantities of each time point were mixed to prepare this background pool	13 samples total; per-condition replicate count not stated in repository metadata	not stated in GEO metadata	NCBI GEO public-repository terms; no per-file notice located. Recommendation only.	GEO GSE50908; PMID 24315105		none found (raw only: GSE50908_RAW.tar)	PCC 7942 RefSeq locus tags -> existing exact shared-protein crosswalk	candidate	https://www.ncbi.nlm.nih.gov/geo/query/acc.cgi?acc=GSE50908
PCC 7942	transcriptomics (array)	strain=AMC408/rpaA::KmR (EOC 66); time=20-h pool (T = 24, 28, 32, 36, 40, 44 h)	2 samples total; per-condition replicate count not stated in repository metadata	not stated in GEO metadata	NCBI GEO public-repository terms; no per-file notice located. Recommendation only.	GEO GSE50919; PMID 24315105		none found (raw only: GSE50919_RAW.tar, GSE50919_log2_rpaA-_vs_wild-type_by_microarray_for_GEO_deposit.txt.gz)	PCC 7942 RefSeq locus tags -> existing exact shared-protein crosswalk	candidate	https://www.ncbi.nlm.nih.gov/geo/query/acc.cgi?acc=GSE50919
PCC 7942	transcriptomics (array)	strain=kaiBC::CmR Ptrc::kaiBC (EOC72)/rpaA::CmR kaiBC::GmR Ptrc::kaiBC (EOC101); time=24 h/28 h/32 h/36 h	49 samples total; per-condition replicate count not stated in repository metadata	not stated in GEO metadata	NCBI GEO public-repository terms; no per-file notice located. Recommendation only.	GEO GSE50920; PMID 24315105		none found (raw only: GSE50920_RAW.tar)	PCC 7942 RefSeq locus tags -> existing exact shared-protein crosswalk	candidate	https://www.ncbi.nlm.nih.gov/geo/query/acc.cgi?acc=GSE50920
PCC 7942	transcriptomics (RNA-seq)	strain=AMC408/EOC113/EOC339/EOC346; time in ll=24 h/28 h/32 h/36 h; reference pool composition=pool of samples 24 h through 72 h; reference pool construction=Equal mass quantities of each time point were mixed to prepare this background pool; time=20-h pool (T = 24, 28, 32, 36, 40, 44 h)/24 h/28 h/32 h; time in ll (zt)=24 h/24 hours/28 h/28 hours	108 samples total; per-condition replicate count not stated in repository metadata	not stated in GEO metadata	NCBI GEO public-repository terms; no per-file notice located. Recommendation only.	GEO GSE50922; PMID 24315105		none found (raw only: GSE50922_RAW.tar)	PCC 7942 RefSeq locus tags -> existing exact shared-protein crosswalk	candidate	https://www.ncbi.nlm.nih.gov/geo/query/acc.cgi?acc=GSE50922
PCC 7942	ChIP-seq (not an admitted data type)	strain=AMC408/EOC66/EOC67; time in ll (zt)=24 h/28 h/32 h/36 h; chip antibody=affinity-purified anti-RpaA/anti-HA agarose beads (Pierce #26181)/no antibody (input DNA)	19 samples total; per-condition replicate count not stated in repository metadata	not stated in GEO metadata	NCBI GEO public-repository terms; no per-file notice located. Recommendation only.	GEO GSE51093; PMID 24315105		none found (raw only: GSE51093_RAW.tar)	PCC 7942 RefSeq locus tags -> existing exact shared-protein crosswalk	rejected: ChIP-seq is not an admitted data type	https://www.ncbi.nlm.nih.gov/geo/query/acc.cgi?acc=GSE51093
PCC 7942	transcriptomics (RNA-seq)	strain=EOC113/EOC339/EOC346; time in ll (zt)=24 hours/28 hours/32 hours/36 hours; time since iptg addition=0 hours/0.5 hours/12 hours/2 hours	18 samples total; per-condition replicate count not stated in repository metadata	not stated in GEO metadata	NCBI GEO public-repository terms; no per-file notice located. Recommendation only.	GEO GSE51112; PMID 24315105		none found (raw only: GSE51112_RNAseq_ProcessedData.txt.gz)	PCC 7942 RefSeq locus tags -> existing exact shared-protein crosswalk	candidate	https://www.ncbi.nlm.nih.gov/geo/query/acc.cgi?acc=GSE51112
PCC 7942	transcriptomics (array)	strain=wild-type (AMC 408); time in ll=36 h/40 h/44 h/48 h; time=pool of samples 36 h through 64 h; pool construction=Equal mass quantities of each time point were mixed to prepare this background pool.	7 samples total; per-condition replicate count not stated in repository metadata	not stated in GEO metadata	NCBI GEO public-repository terms; no per-file notice located. Recommendation only.	GEO GSE52486; PMID 24315105		none found (raw only: GSE52486_RAW.tar)	PCC 7942 RefSeq locus tags -> existing exact shared-protein crosswalk	candidate	https://www.ncbi.nlm.nih.gov/geo/query/acc.cgi?acc=GSE52486
PCC 7942	ChIP-seq (not an admitted data type)	protocol=Dark+DBMIB+Rif_30min/Dark+DBMIB+Rif_60min/Dark+DBMIB_30min/Dark+DBMIB_60min	28 samples total; per-condition replicate count not stated in repository metadata	not stated in GEO metadata	NCBI GEO public-repository terms; no per-file notice located. Recommendation only.	GEO GSE55637; PMID 26058805		none found (raw only: GSE55637_RAW.tar)	PCC 7942 RefSeq locus tags -> existing exact shared-protein crosswalk	rejected: ChIP-seq is not an admitted data type	https://www.ncbi.nlm.nih.gov/geo/query/acc.cgi?acc=GSE55637
PCC 7942	transcriptomics (array)	genotype/variation=WT/cikA null; time point=12h Light/16h Light/20h Light/24h Light	12 samples total; per-condition replicate count not stated in repository metadata	not stated in GEO metadata	NCBI GEO public-repository terms; no per-file notice located. Recommendation only.	GEO GSE59112; PMID 25127221		none found (raw only: GSE59112_RAW.tar)	PCC 7942 RefSeq locus tags -> existing exact shared-protein crosswalk	candidate	https://www.ncbi.nlm.nih.gov/geo/query/acc.cgi?acc=GSE59112
PCC 7942	transcriptomics (RNA-seq)	strain=PCC 7942; treatment=Control/N-minus/N-plus; time=24h/48h	6 samples total; per-condition replicate count not stated in repository metadata	not stated in GEO metadata	NCBI GEO public-repository terms; no per-file notice located. Recommendation only.	GEO GSE79726; PMID 27488818		none found (raw only: GSE79726_Se7942-N-starv2016.txt.gz)	PCC 7942 RefSeq locus tags -> existing exact shared-protein crosswalk	candidate	https://www.ncbi.nlm.nih.gov/geo/query/acc.cgi?acc=GSE79726
PCC 7942	transcriptomics (RNA-seq)	"genotype=""clock rescue""/rpaA- ""clock rescue""; time point=darknes 11 h 50 min/darkness 1 h/darkness 15 min/darkness 2h"	24 samples total; per-condition replicate count not stated in repository metadata	not stated in GEO metadata	NCBI GEO public-repository terms; no per-file notice located. Recommendation only.	GEO GSE89999; PMID 28430105		GSE89999_Expression_timecourse.xls.gz	PCC 7942 RefSeq locus tags -> existing exact shared-protein crosswalk	candidate	https://www.ncbi.nlm.nih.gov/geo/query/acc.cgi?acc=GSE89999
UTEX 2973	TSS (dRNA-seq) + RNA-seq, primary transcriptome	control, high light, high temperature, dark (per Tan 2018); exact values require paper-level extraction (package B)	17 runs; 2 biological replicates per condition as reported in the shipped provenance	not stated in ENA metadata	INSDC/ENA public-repository terms; article CC BY 4.0 (PMC6091082). Recommendation only.	ENA PRJNA420395 / SRP125902; DOI 10.1186/s13068-018-1215-8; PMID 30127850		not in ENA (raw reads); per-gene TSS table already derived and shipped	native UTEX 2973 locus tags - no transfer needed	rejected: already shipped as TAN2018_TSS - recognised, not new	https://www.ebi.ac.uk/ena/browser/view/PRJNA420395
UTEX 2973	annotation (RefSeq PGAP)	not applicable	not applicable	GCF_000817325.1 (ASM81732v1), annotation release GCF_000817325.1-RS_2026_05_13	NCBI RefSeq public-domain terms. Recommendation only.	RefSeq GCF_000817325.1		yes - RefSeq feature table / GFF per assembly	own RefSeq locus tags; crosswalk target	rejected: genome of record, already pinned	https://www.ncbi.nlm.nih.gov/datasets/genome/GCF_000817325.1/
PCC 6301	annotation (RefSeq PGAP)	not applicable	not applicable	GCF_022984195.1 (ASM2298419v1), annotation release GCF_022984195.1-RS_2026_04_14	NCBI RefSeq public-domain terms. Recommendation only.	RefSeq GCF_022984195.1		yes - RefSeq feature table / GFF per assembly	own RefSeq locus tags; crosswalk target	candidate	https://www.ncbi.nlm.nih.gov/datasets/genome/GCF_022984195.1/
PCC 6301	annotation (RefSeq PGAP)	not applicable	not applicable	GCF_000010065.1 (ASM1006v1), annotation release GCF_000010065.1-RS_2025_03_15	NCBI RefSeq public-domain terms. Recommendation only.	RefSeq GCF_000010065.1		yes - RefSeq feature table / GFF per assembly	own RefSeq locus tags; crosswalk target	candidate	https://www.ncbi.nlm.nih.gov/datasets/genome/GCF_000010065.1/
PCC 6301	annotation (RefSeq PGAP)	not applicable	not applicable	GCF_000817325.1 (ASM81732v1), annotation release GCF_000817325.1-RS_2026_05_13	NCBI RefSeq public-domain terms. Recommendation only.	RefSeq GCF_000817325.1		yes - RefSeq feature table / GFF per assembly	own RefSeq locus tags; crosswalk target	candidate	https://www.ncbi.nlm.nih.gov/datasets/genome/GCF_000817325.1/
PCC 6311	annotation (RefSeq PGAP)	not applicable	not applicable	GCF_022984265.1 (ASM2298426v1), annotation release GCF_022984265.1-RS_2025_12_23	NCBI RefSeq public-domain terms. Recommendation only.	RefSeq GCF_022984265.1		yes - RefSeq feature table / GFF per assembly	own RefSeq locus tags; crosswalk target	candidate	https://www.ncbi.nlm.nih.gov/datasets/genome/GCF_022984265.1/
PCC 7942	annotation (RefSeq PGAP)	not applicable	not applicable	GCF_030544905.1 (ASM3054490v1), annotation release GCF_030544905.1-RS_2026_07_25	NCBI RefSeq public-domain terms. Recommendation only.	RefSeq GCF_030544905.1		yes - RefSeq feature table / GFF per assembly	own RefSeq locus tags; crosswalk target	candidate	https://www.ncbi.nlm.nih.gov/datasets/genome/GCF_030544905.1/
PCC 7942	annotation (RefSeq PGAP)	not applicable	not applicable	GCF_000012525.1 (ASM1252v1), annotation release GCF_000012525.1-RS_2025_04_10	NCBI RefSeq public-domain terms. Recommendation only.	RefSeq GCF_000012525.1		yes - RefSeq feature table / GFF per assembly	own RefSeq locus tags; crosswalk target	candidate	https://www.ncbi.nlm.nih.gov/datasets/genome/GCF_000012525.1/
PCC 7942	annotation (RefSeq PGAP)	not applicable	not applicable	GCF_014698905.1 (ASM1469890v1), annotation release GCF_014698905.1-RS_2026_04_06	NCBI RefSeq public-domain terms. Recommendation only.	RefSeq GCF_014698905.1		yes - RefSeq feature table / GFF per assembly	own RefSeq locus tags; crosswalk target	candidate	https://www.ncbi.nlm.nih.gov/datasets/genome/GCF_014698905.1/
PCC 7943	annotation (RefSeq PGAP)	not applicable	not applicable	GCF_022984345.1 (ASM2298434v1), annotation release GCF_022984345.1-RS_2025_12_23	NCBI RefSeq public-domain terms. Recommendation only.	RefSeq GCF_022984345.1		yes - RefSeq feature table / GFF per assembly	own RefSeq locus tags; crosswalk target	candidate	https://www.ncbi.nlm.nih.gov/datasets/genome/GCF_022984345.1/
UTEX 3055	annotation (RefSeq PGAP)	not applicable	not applicable	GCF_003957805.1 (ASM395780v1), annotation release GCF_003957805.1-RS_2026_04_14	NCBI RefSeq public-domain terms. Recommendation only.	RefSeq GCF_003957805.1		yes - RefSeq feature table / GFF per assembly	own RefSeq locus tags; crosswalk target	candidate	https://www.ncbi.nlm.nih.gov/datasets/genome/GCF_003957805.1/
PCC 7942	proteomics (LC-MS/MS); 	not reported in PRIDE project metadata; requires paper-level extraction (package B)	not stated in PRIDE project metadata	not stated	PRIDE/ProteomeXchange public-repository terms; per-file notice not located. Recommendation only.	PRIDE PXD000510		not determined - PRIDE per-project protein listing is not served for classic PXD submissions	UniProt accession -> exact shared-protein crosswalk	candidate	https://www.ebi.ac.uk/pride/archive/projects/PXD000510
PCC 7942	proteomics (LC-MS/MS); 	not reported in PRIDE project metadata; requires paper-level extraction (package B)	not stated in PRIDE project metadata	not stated	PRIDE/ProteomeXchange public-repository terms; per-file notice not located. Recommendation only.	PRIDE PXD005105		not determined - PRIDE per-project protein listing is not served for classic PXD submissions	UniProt accession -> exact shared-protein crosswalk	candidate	https://www.ebi.ac.uk/pride/archive/projects/PXD005105
PCC 7942	proteomics (LC-MS/MS); 	not reported in PRIDE project metadata; requires paper-level extraction (package B)	not stated in PRIDE project metadata	not stated	PRIDE/ProteomeXchange public-repository terms; per-file notice not located. Recommendation only.	PRIDE PXD005851		not determined - PRIDE per-project protein listing is not served for classic PXD submissions	UniProt accession -> exact shared-protein crosswalk	candidate	https://www.ebi.ac.uk/pride/archive/projects/PXD005851
PCC 7942	proteomics (LC-MS/MS); 	not reported in PRIDE project metadata; requires paper-level extraction (package B)	not stated in PRIDE project metadata	not stated	PRIDE/ProteomeXchange public-repository terms; per-file notice not located. Recommendation only.	PRIDE PXD010000		not determined - PRIDE per-project protein listing is not served for classic PXD submissions	UniProt accession -> exact shared-protein crosswalk	candidate	https://www.ebi.ac.uk/pride/archive/projects/PXD010000
Synechococcus elongatus	proteomics (LC-MS/MS); 	not reported in PRIDE project metadata; requires paper-level extraction (package B)	not stated in PRIDE project metadata	not stated	PRIDE/ProteomeXchange public-repository terms; per-file notice not located. Recommendation only.	PRIDE PXD011485		not determined - PRIDE per-project protein listing is not served for classic PXD submissions	UniProt accession -> exact shared-protein crosswalk	candidate: S. elongatus but strain not resolved from PRIDE metadata; confirm against the paper	https://www.ebi.ac.uk/pride/archive/projects/PXD011485
Synechococcus elongatus	proteomics (LC-MS/MS); 	not reported in PRIDE project metadata; requires paper-level extraction (package B)	not stated in PRIDE project metadata	not stated	PRIDE/ProteomeXchange public-repository terms; per-file notice not located. Recommendation only.	PRIDE PXD014590		not determined - PRIDE per-project protein listing is not served for classic PXD submissions	UniProt accession -> exact shared-protein crosswalk	candidate: S. elongatus but strain not resolved from PRIDE metadata; confirm against the paper	https://www.ebi.ac.uk/pride/archive/projects/PXD014590
PCC 7942	proteomics (LC-MS/MS); 	not reported in PRIDE project metadata; requires paper-level extraction (package B)	not stated in PRIDE project metadata	not stated	PRIDE/ProteomeXchange public-repository terms; per-file notice not located. Recommendation only.	PRIDE PXD019731		not determined - PRIDE per-project protein listing is not served for classic PXD submissions	UniProt accession -> exact shared-protein crosswalk	candidate	https://www.ebi.ac.uk/pride/archive/projects/PXD019731
PCC 7942	proteomics (LC-MS/MS); 	not reported in PRIDE project metadata; requires paper-level extraction (package B)	not stated in PRIDE project metadata	not stated	PRIDE/ProteomeXchange public-repository terms; per-file notice not located. Recommendation only.	PRIDE PXD023591		not determined - PRIDE per-project protein listing is not served for classic PXD submissions	UniProt accession -> exact shared-protein crosswalk	candidate	https://www.ebi.ac.uk/pride/archive/projects/PXD023591
PCC 7942	proteomics (LC-MS/MS); 	not reported in PRIDE project metadata; requires paper-level extraction (package B)	not stated in PRIDE project metadata	not stated	PRIDE/ProteomeXchange public-repository terms; per-file notice not located. Recommendation only.	PRIDE PXD027430		not determined - PRIDE per-project protein listing is not served for classic PXD submissions	UniProt accession -> exact shared-protein crosswalk	candidate	https://www.ebi.ac.uk/pride/archive/projects/PXD027430
PCC 7942	proteomics (LC-MS/MS); 	not reported in PRIDE project metadata; requires paper-level extraction (package B)	not stated in PRIDE project metadata	not stated	PRIDE/ProteomeXchange public-repository terms; per-file notice not located. Recommendation only.	PRIDE PXD030282		not determined - PRIDE per-project protein listing is not served for classic PXD submissions	UniProt accession -> exact shared-protein crosswalk	candidate	https://www.ebi.ac.uk/pride/archive/projects/PXD030282
PCC 7942	proteomics (LC-MS/MS); 	not reported in PRIDE project metadata; requires paper-level extraction (package B)	not stated in PRIDE project metadata	not stated	PRIDE/ProteomeXchange public-repository terms; per-file notice not located. Recommendation only.	PRIDE PXD036717		not determined - PRIDE per-project protein listing is not served for classic PXD submissions	UniProt accession -> exact shared-protein crosswalk	candidate	https://www.ebi.ac.uk/pride/archive/projects/PXD036717
PCC 7942	proteomics (LC-MS/MS); 	not reported in PRIDE project metadata; requires paper-level extraction (package B)	not stated in PRIDE project metadata	not stated	PRIDE/ProteomeXchange public-repository terms; per-file notice not located. Recommendation only.	PRIDE PXD044412		not determined - PRIDE per-project protein listing is not served for classic PXD submissions	UniProt accession -> exact shared-protein crosswalk	candidate	https://www.ebi.ac.uk/pride/archive/projects/PXD044412
PCC 7942	proteomics (LC-MS/MS); 	not reported in PRIDE project metadata; requires paper-level extraction (package B)	not stated in PRIDE project metadata	not stated	PRIDE/ProteomeXchange public-repository terms; per-file notice not located. Recommendation only.	PRIDE PXD062851		not determined - PRIDE per-project protein listing is not served for classic PXD submissions	UniProt accession -> exact shared-protein crosswalk	candidate	https://www.ebi.ac.uk/pride/archive/projects/PXD062851
PCC 7942	proteomics (LC-MS/MS); 	not reported in PRIDE project metadata; requires paper-level extraction (package B)	not stated in PRIDE project metadata	not stated	PRIDE/ProteomeXchange public-repository terms; per-file notice not located. Recommendation only.	PRIDE PXD074299		not determined - PRIDE per-project protein listing is not served for classic PXD submissions	UniProt accession -> exact shared-protein crosswalk	candidate	https://www.ebi.ac.uk/pride/archive/projects/PXD074299
