positive	negative	statistic	published_auroc	recomputed_auroc	ci_low	ci_high	ci_width	n_pairs_positive	n_pairs_negative	n_samples_positive	n_samples_negative	resamples_used
i_replicate	ii_all	spearman	0.9321	0.9321	0.8827	0.9638	0.0812	87	2541	120	144	2000
i_replicate	ii_all	ks_d	0.8119	0.8119	0.7445	0.8727	0.1282	87	2541	120	144	2000
i_replicate	ii_all	wasserstein	0.7759	0.7760	0.6778	0.8595	0.1817	87	2541	120	144	2000
i_replicate	ii_time_only	spearman	0.8994	0.8994	0.8402	0.9470	0.1067	87	647	120	116	2000
i_replicate	ii_time_only	ks_d	0.7972	0.7972	0.7138	0.8673	0.1535	87	647	120	116	2000
i_replicate	ii_time_only	wasserstein	0.7352	0.7352	0.6397	0.8227	0.1830	87	647	120	116	2000
i_replicate	ii_genotype_or_treatment	spearman	0.9433	0.9433	0.8921	0.9729	0.0808	87	1894	120	144	2000
i_replicate	ii_genotype_or_treatment	ks_d	0.8169	0.8169	0.7488	0.8773	0.1286	87	1894	120	144	2000
i_replicate	ii_genotype_or_treatment	wasserstein	0.7898	0.7899	0.6907	0.8678	0.1771	87	1894	120	144	2000
iii_similar_controls	iii_other	spearman	0.4616	0.4616	0.2473	0.6808	0.4334	275	7537	40	145	2000
iii_similar_controls	iii_other	ks_d	0.6954	0.6954	0.5203	0.8601	0.3398	275	7537	40	145	1998
iii_similar_controls	iii_other	wasserstein	0.4465	0.4465	0.2707	0.6433	0.3725	275	7537	40	145	2000
i_replicate	iii_all	spearman	0.9956	0.9956	0.9722	1.0000	0.0278	87	7812	120	145	2000
i_replicate	iii_all	ks_d	0.956	0.9560	0.9245	0.9782	0.0536	87	7812	120	145	2000
i_replicate	iii_all	wasserstein	0.9465	0.9465	0.8818	0.9824	0.1006	87	7812	120	145	2000
