condition_row	artifact	condition_set	field	status	value	source_provenance	uncertainty	all_pairs	undecidable_pairs	last_blocker_pairs	pair_rows
48	GSE50920 (PCC 7942; transcriptomics (array))	BG-11M, 100 µE cool fluorescent light, 1% CO2, 24-68h timecourse (both strains + pool)	temperature	not reported	not retrieved	cyano_archive_condition_intake_20261007.tsv CR-154	Sampling temperature has no reviewed numeric interval.	39	7	1	540,568,594,620,668,691,927
17	GSE122841 (PCC 7942; transcriptomics (RNA-seq))	Normal growth condition (no H2O2)	co2	not reported	not reported	cyano_archive_condition_intake_20261007.tsv CR-006	Sampling gas CO2 percentage is unknown.	38	23	0	226,263,299,334,365,396,427,458,488,518,519,523,529,532,533,534,535,536,537,540,541,543,544
17	GSE122841 (PCC 7942; transcriptomics (RNA-seq))	Normal growth condition (no H2O2)	light_intensity	not reported	not reported	cyano_archive_condition_intake_20261007.tsv CR-003	Sampling photon flux has no reviewed complete numeric profile.	38	23	0	226,263,299,334,365,396,427,458,488,518,519,523,529,532,533,534,535,536,537,540,541,543,544
17	GSE122841 (PCC 7942; transcriptomics (RNA-seq))	Normal growth condition (no H2O2)	light_regime	not reported	schedule=None; photoperiod=None; spectrum=None	cyano_archive_condition_intake_20261007.tsv CR-005	Sampling light schedule is unknown.	38	23	0	226,263,299,334,365,396,427,458,488,518,519,523,529,532,533,534,535,536,537,540,541,543,544
17	GSE122841 (PCC 7942; transcriptomics (RNA-seq))	Normal growth condition (no H2O2)	medium	not reported	not reported	cyano_dataset_condition_records_20261007.json row 17; reviewed status from cyano_condition_gap_inventory_20261007.json	Sampling medium is unknown.	38	23	0	226,263,299,334,365,396,427,458,488,518,519,523,529,532,533,534,535,536,537,540,541,543,544
70	PXD023591 (PCC 7942; proteomics (LC-MS/MS))	All samples (growth conditions not described in available metadata)	co2	not reported	not retrieved	cyano_pride_condition_check_20261007.json read_fields	Sampling gas CO2 percentage is unknown.	19	19	0	11,29,46,59,72,85,98,110,119,128,137,146,147,148,149,150,151,152,153
70	PXD023591 (PCC 7942; proteomics (LC-MS/MS))	All samples (growth conditions not described in available metadata)	culture_format	not reported		cyano_pride_condition_check_20261007.json read_fields	Sampling culture format is unknown.	19	19	0	11,29,46,59,72,85,98,110,119,128,137,146,147,148,149,150,151,152,153
70	PXD023591 (PCC 7942; proteomics (LC-MS/MS))	All samples (growth conditions not described in available metadata)	growth_phase	not reported	unknown	cyano_pride_condition_check_20261007.json read_fields	Sampling phase is unknown.	19	19	0	11,29,46,59,72,85,98,110,119,128,137,146,147,148,149,150,151,152,153
70	PXD023591 (PCC 7942; proteomics (LC-MS/MS))	All samples (growth conditions not described in available metadata)	light_intensity	not reported	not retrieved	cyano_pride_condition_check_20261007.json read_fields	Sampling photon flux has no reviewed complete numeric profile.	19	19	0	11,29,46,59,72,85,98,110,119,128,137,146,147,148,149,150,151,152,153
70	PXD023591 (PCC 7942; proteomics (LC-MS/MS))	All samples (growth conditions not described in available metadata)	light_regime	not reported	schedule=None; photoperiod=None; spectrum=None	cyano_pride_condition_check_20261007.json read_fields	Sampling light schedule is unknown.	19	19	0	11,29,46,59,72,85,98,110,119,128,137,146,147,148,149,150,151,152,153
70	PXD023591 (PCC 7942; proteomics (LC-MS/MS))	All samples (growth conditions not described in available metadata)	medium	not reported	not retrieved	cyano_pride_condition_check_20261007.json read_fields	Sampling medium is unknown.	19	19	0	11,29,46,59,72,85,98,110,119,128,137,146,147,148,149,150,151,152,153
70	PXD023591 (PCC 7942; proteomics (LC-MS/MS))	All samples (growth conditions not described in available metadata)	temperature	not reported	not retrieved	cyano_pride_condition_check_20261007.json read_fields	Sampling temperature has no reviewed numeric interval.	19	19	0	11,29,46,59,72,85,98,110,119,128,137,146,147,148,149,150,151,152,153
71	PXD027430 (PCC 7942; proteomics (LC-MS/MS))	not reported	co2	not retrieved	not retrieved	cyano_dataset_condition_records_20261007.json row 71; reviewed status from cyano_condition_gap_inventory_20261007.json	Sampling gas CO2 percentage is unknown.	19	19	0	12,30,47,60,73,86,99,111,120,129,138,146,154,155,156,157,158,159,160
71	PXD027430 (PCC 7942; proteomics (LC-MS/MS))	not reported	culture_format	not retrieved		cyano_dataset_condition_records_20261007.json row 71; reviewed status from cyano_condition_gap_inventory_20261007.json	Sampling culture format is unknown.	19	19	0	12,30,47,60,73,86,99,111,120,129,138,146,154,155,156,157,158,159,160
71	PXD027430 (PCC 7942; proteomics (LC-MS/MS))	not reported	growth_phase	not retrieved	unknown	cyano_dataset_condition_records_20261007.json row 71; reviewed status from cyano_condition_gap_inventory_20261007.json	Sampling phase is unknown.	19	19	0	12,30,47,60,73,86,99,111,120,129,138,146,154,155,156,157,158,159,160
71	PXD027430 (PCC 7942; proteomics (LC-MS/MS))	not reported	light_intensity	not retrieved	not retrieved	cyano_dataset_condition_records_20261007.json row 71; reviewed status from cyano_condition_gap_inventory_20261007.json	Sampling photon flux has no reviewed complete numeric profile.	19	19	0	12,30,47,60,73,86,99,111,120,129,138,146,154,155,156,157,158,159,160
71	PXD027430 (PCC 7942; proteomics (LC-MS/MS))	not reported	light_regime	not retrieved	schedule=None; photoperiod=None; spectrum=None	cyano_dataset_condition_records_20261007.json row 71; reviewed status from cyano_condition_gap_inventory_20261007.json	Sampling light schedule is unknown.	19	19	0	12,30,47,60,73,86,99,111,120,129,138,146,154,155,156,157,158,159,160
71	PXD027430 (PCC 7942; proteomics (LC-MS/MS))	not reported	medium	not retrieved	not retrieved	cyano_dataset_condition_records_20261007.json row 71; reviewed status from cyano_condition_gap_inventory_20261007.json	Sampling medium is unknown.	19	19	0	12,30,47,60,73,86,99,111,120,129,138,146,154,155,156,157,158,159,160
71	PXD027430 (PCC 7942; proteomics (LC-MS/MS))	not reported	temperature	not retrieved	not retrieved	cyano_dataset_condition_records_20261007.json row 71; reviewed status from cyano_condition_gap_inventory_20261007.json	Sampling temperature has no reviewed numeric interval.	19	19	0	12,30,47,60,73,86,99,111,120,129,138,146,154,155,156,157,158,159,160
18	GSE122841 (PCC 7942; transcriptomics (RNA-seq))	H2O2 oxidative stress (2.5 mM, 2 days)	co2	not reported	not reported	cyano_archive_condition_intake_20261007.tsv CR-006	Sampling gas CO2 percentage is unknown.	38	18	0	227,264,300,335,366,397,428,459,489,546,547,551,557,560,565,568,569,571
18	GSE122841 (PCC 7942; transcriptomics (RNA-seq))	H2O2 oxidative stress (2.5 mM, 2 days)	light_intensity	not reported	not reported	cyano_archive_condition_intake_20261007.tsv CR-003	Sampling photon flux has no reviewed complete numeric profile.	38	18	0	227,264,300,335,366,397,428,459,489,546,547,551,557,560,565,568,569,571
18	GSE122841 (PCC 7942; transcriptomics (RNA-seq))	H2O2 oxidative stress (2.5 mM, 2 days)	light_regime	not reported	schedule=None; photoperiod=None; spectrum=None	cyano_archive_condition_intake_20261007.tsv CR-005	Sampling light schedule is unknown.	38	18	0	227,264,300,335,366,397,428,459,489,546,547,551,557,560,565,568,569,571
73	PXD030282 (PCC 7942; proteomics (LC-MS/MS))	High vs low limonene production phase comparison in L1118 (log vs stationary phase)	co2	not reported	not reported for this specific comparison	cyano_dataset_condition_records_20261007.json row 73; reviewed status from cyano_condition_gap_inventory_20261007.json	Sampling gas CO2 percentage is unknown.	17	17	0	14,32,49,62,75,88,101,113,122,131,140,148,155,165,166,167,168
73	PXD030282 (PCC 7942; proteomics (LC-MS/MS))	High vs low limonene production phase comparison in L1118 (log vs stationary phase)	culture_format	not reported		cyano_dataset_condition_records_20261007.json row 73; reviewed status from cyano_condition_gap_inventory_20261007.json	Sampling culture format is unknown.	17	17	0	14,32,49,62,75,88,101,113,122,131,140,148,155,165,166,167,168
73	PXD030282 (PCC 7942; proteomics (LC-MS/MS))	High vs low limonene production phase comparison in L1118 (log vs stationary phase)	growth_phase	partial	two phases in one set	cyano_dataset_condition_records_20261007.json row 73; reviewed status from cyano_condition_gap_inventory_20261007.json	One condition set aggregates two phases.	17	17	0	14,32,49,62,75,88,101,113,122,131,140,148,155,165,166,167,168
73	PXD030282 (PCC 7942; proteomics (LC-MS/MS))	High vs low limonene production phase comparison in L1118 (log vs stationary phase)	light_intensity	not reported	not reported for this specific comparison	cyano_dataset_condition_records_20261007.json row 73; reviewed status from cyano_condition_gap_inventory_20261007.json	Sampling photon flux has no reviewed complete numeric profile.	17	17	0	14,32,49,62,75,88,101,113,122,131,140,148,155,165,166,167,168
73	PXD030282 (PCC 7942; proteomics (LC-MS/MS))	High vs low limonene production phase comparison in L1118 (log vs stationary phase)	light_regime	not reported	schedule=None; photoperiod=None; spectrum=None	cyano_dataset_condition_records_20261007.json row 73; reviewed status from cyano_condition_gap_inventory_20261007.json	Sampling light schedule is unknown.	17	17	0	14,32,49,62,75,88,101,113,122,131,140,148,155,165,166,167,168
73	PXD030282 (PCC 7942; proteomics (LC-MS/MS))	High vs low limonene production phase comparison in L1118 (log vs stationary phase)	medium	not reported	not reported for this specific comparison	cyano_dataset_condition_records_20261007.json row 73; reviewed status from cyano_condition_gap_inventory_20261007.json	Sampling medium is unknown.	17	17	0	14,32,49,62,75,88,101,113,122,131,140,148,155,165,166,167,168
73	PXD030282 (PCC 7942; proteomics (LC-MS/MS))	High vs low limonene production phase comparison in L1118 (log vs stationary phase)	temperature	not reported	not reported for this specific comparison (general cultivation at 30°C, see other set)	cyano_dataset_condition_records_20261007.json row 73; reviewed status from cyano_condition_gap_inventory_20261007.json	Sampling temperature has no reviewed numeric interval.	17	17	0	14,32,49,62,75,88,101,113,122,131,140,148,155,165,166,167,168
58	PXD000510 (PCC 7942; proteomics (LC-MS/MS))	PXD000510 - S. elongatus PCC7942 circadian proteomics time course	co2	not retrieved	not retrieved	cyano_dataset_condition_records_20261007.json row 58; reviewed status from cyano_condition_gap_inventory_20261007.json	Sampling gas CO2 percentage is unknown.	19	14	0	2,3,4,5,6,7,9,10,11,12,13,14,15,17
58	PXD000510 (PCC 7942; proteomics (LC-MS/MS))	PXD000510 - S. elongatus PCC7942 circadian proteomics time course	culture_format	not retrieved		cyano_dataset_condition_records_20261007.json row 58; reviewed status from cyano_condition_gap_inventory_20261007.json	Sampling culture format is unknown.	19	14	0	2,3,4,5,6,7,9,10,11,12,13,14,15,17
58	PXD000510 (PCC 7942; proteomics (LC-MS/MS))	PXD000510 - S. elongatus PCC7942 circadian proteomics time course	growth_phase	not retrieved	unknown	cyano_dataset_condition_records_20261007.json row 58; reviewed status from cyano_condition_gap_inventory_20261007.json	Sampling phase is unknown.	19	14	0	2,3,4,5,6,7,9,10,11,12,13,14,15,17
58	PXD000510 (PCC 7942; proteomics (LC-MS/MS))	PXD000510 - S. elongatus PCC7942 circadian proteomics time course	light_intensity	not retrieved	not retrieved	cyano_dataset_condition_records_20261007.json row 58; reviewed status from cyano_condition_gap_inventory_20261007.json	Sampling photon flux has no reviewed complete numeric profile.	19	14	0	2,3,4,5,6,7,9,10,11,12,13,14,15,17
58	PXD000510 (PCC 7942; proteomics (LC-MS/MS))	PXD000510 - S. elongatus PCC7942 circadian proteomics time course	light_regime	partial	schedule=diel; photoperiod=None; spectrum=None	cyano_dataset_condition_records_20261007.json row 58; reviewed status from cyano_condition_gap_inventory_20261007.json	Diel photoperiod is unknown or conflicting.	19	14	0	2,3,4,5,6,7,9,10,11,12,13,14,15,17
58	PXD000510 (PCC 7942; proteomics (LC-MS/MS))	PXD000510 - S. elongatus PCC7942 circadian proteomics time course	medium	not retrieved	not retrieved	cyano_dataset_condition_records_20261007.json row 58; reviewed status from cyano_condition_gap_inventory_20261007.json	Sampling medium is unknown.	19	14	0	2,3,4,5,6,7,9,10,11,12,13,14,15,17
58	PXD000510 (PCC 7942; proteomics (LC-MS/MS))	PXD000510 - S. elongatus PCC7942 circadian proteomics time course	temperature	not retrieved	not retrieved	cyano_dataset_condition_records_20261007.json row 58; reviewed status from cyano_condition_gap_inventory_20261007.json	Sampling temperature has no reviewed numeric interval.	19	14	0	2,3,4,5,6,7,9,10,11,12,13,14,15,17
45	GSE45762 (PCC 7942; transcriptomics (RNA-seq))	Standard BG-11 large-scale FFA production cultivation (all strains, all time points)	growth_phase	partial	unknown	cyano_dataset_condition_records_20261007.json row 45; reviewed status from cyano_condition_gap_inventory_20261007.json	Sampling phase is unknown.	39	10	0	386,417,448,479,537,565,710,731,861,911
45	GSE45762 (PCC 7942; transcriptomics (RNA-seq))	Standard BG-11 large-scale FFA production cultivation (all strains, all time points)	light_regime	not reported	schedule=None; photoperiod=None; spectrum=mixed fluorescent	cyano_archive_condition_intake_20261007.tsv CR-018	Sampling light schedule is unknown.	39	10	0	386,417,448,479,537,565,710,731,861,911
8	GSE103704 (PCC 7942; transcriptomics (RNA-seq))	BG11, 30°C, 12h light/12h dark, cool fluorescent 40 µE, flask culture - WT and rel- strain	co2	not reported	not retrieved	cyano_archive_condition_manual_supplement_20261007.json GSE103704.co2	Sampling gas CO2 percentage is unknown.	39	9	0	329,330,331,332,333,334,335,342,363
8	GSE103704 (PCC 7942; transcriptomics (RNA-seq))	BG11, 30°C, 12h light/12h dark, cool fluorescent 40 µE, flask culture - WT and rel- strain	growth_phase	not reported	unknown	cyano_archive_condition_manual_supplement_20261007.json GSE103704.growth_phase	Sampling phase is unknown.	39	9	0	329,330,331,332,333,334,335,342,363
16	GSE105774 (PCC 7942; transcriptomics (RNA-seq))	BG11, 30°C, 12h/12h light-dark cycle with cool fluorescent light	co2	not reported	not retrieved	cyano_archive_condition_manual_supplement_20261007.json GSE105774.co2	Sampling gas CO2 percentage is unknown.	39	9	0	333,364,395,426,457,488,489,496,517
16	GSE105774 (PCC 7942; transcriptomics (RNA-seq))	BG11, 30°C, 12h/12h light-dark cycle with cool fluorescent light	growth_phase	not reported	unknown	cyano_archive_condition_manual_supplement_20261007.json GSE105774.growth_phase	Sampling phase is unknown.	39	9	0	333,364,395,426,457,488,489,496,517
31	GSE225426 (PCC 7942; transcriptomics (RNA-seq))	Standard BG11 photoautotrophic growth prior to/at time of salt or streptomycin stress sampling	co2	not reported	not retrieved	cyano_archive_condition_intake_20261007.tsv CR-027	Sampling gas CO2 percentage is unknown.	39	6	0	523,551,698,699,705,710
31	GSE225426 (PCC 7942; transcriptomics (RNA-seq))	Standard BG11 photoautotrophic growth prior to/at time of salt or streptomycin stress sampling	culture_format	not reported		cyano_archive_condition_intake_20261007.tsv CR-028	Sampling culture format is unknown.	39	6	0	523,551,698,699,705,710
31	GSE225426 (PCC 7942; transcriptomics (RNA-seq))	Standard BG11 photoautotrophic growth prior to/at time of salt or streptomycin stress sampling	growth_phase	not reported	unknown	cyano_archive_condition_intake_20261007.tsv CR-029	Sampling phase is unknown.	39	6	0	523,551,698,699,705,710
10	GSE104203 (PCC 7942; transcriptomics (RNA-seq))	Clear Day (continuous 12L:12D, parabolic natural-light profile)	light_intensity	partial	parabolic natural-light profile with reported peak 600 µmol photons m-2 s-1; full sampling profile is not a constant flux	cyano_dataset_condition_records_20261007.json row 10	A parabolic profile with a reported peak is not treated as constant 600 flux.	36	5	0	330,395,396,397,417
11	GSE104203 (PCC 7942; transcriptomics (RNA-seq))	High Light pulse (10-fold increase applied to Low Light-acclimated culture)	light_intensity	partial	Low Light culture intensity increased 10-fold for 1 hour, equal to the Clear Day intensity between 8 and 9 hr after dawn	cyano_dataset_condition_records_20261007.json row 11; reviewed status from cyano_condition_gap_inventory_20261007.json	Sampling photon flux has no reviewed complete numeric profile.	36	5	0	331,426,427,428,448
12	GSE104203 (PCC 7942; transcriptomics (RNA-seq))	Shade pulse (10-fold decrease applied to Clear Day-acclimated culture)	light_intensity	partial	Clear Day culture intensity decreased 10-fold for 1 hour, defined by dividing the Clear Day profile by 10 between 8 and 9 hr after dawn	cyano_dataset_condition_records_20261007.json row 12; reviewed status from cyano_condition_gap_inventory_20261007.json	Sampling photon flux has no reviewed complete numeric profile.	36	5	0	332,457,458,459,479
40	GSE327989 (PCC 7942; transcriptomics (RNA-seq))	Standard RNA-seq growth condition (WT and FDBR-expressing strains, Day4 harvest)	growth_phase	partial	exponential	cyano_dataset_condition_records_20261007.json row 40; reviewed status from cyano_condition_gap_inventory_20261007.json	Non-stationary phase lacks a reviewed sampling OD.	39	5	0	532,560,705,861,867
40	GSE327989 (PCC 7942; transcriptomics (RNA-seq))	Standard RNA-seq growth condition (WT and FDBR-expressing strains, Day4 harvest)	light_regime	partial	schedule=continuous; photoperiod=None; spectrum=white (class not stated)	cyano_dataset_condition_records_20261007.json row 40; reviewed status from cyano_condition_gap_inventory_20261007.json	Spectrum class is unknown.	39	5	0	532,560,705,861,867
61	PXD005851 (PCC 7942; proteomics (LC-MS/MS))	S. elongatus PCC 7942 arm of the 48-organism acetylation survey	co2	not reported	not reported as a CO2 regime; atmosphere given only as 'Aerobic'	cyano_dataset_condition_records_20261007.json row 61; reviewed status from cyano_condition_gap_inventory_20261007.json	Sampling gas CO2 percentage is unknown.	19	5	0	2,45,46,47,49
61	PXD005851 (PCC 7942; proteomics (LC-MS/MS))	S. elongatus PCC 7942 arm of the 48-organism acetylation survey	light_intensity	not reported	not reported	cyano_dataset_condition_records_20261007.json row 61; reviewed status from cyano_condition_gap_inventory_20261007.json	Sampling photon flux has no reviewed complete numeric profile.	19	5	0	2,45,46,47,49
61	PXD005851 (PCC 7942; proteomics (LC-MS/MS))	S. elongatus PCC 7942 arm of the 48-organism acetylation survey	light_regime	not reported	schedule=None; photoperiod=None; spectrum=None	cyano_dataset_condition_records_20261007.json row 61; reviewed status from cyano_condition_gap_inventory_20261007.json	Sampling light schedule is unknown.	19	5	0	2,45,46,47,49
69	PXD019731 (PCC 7942; proteomics (LC-MS/MS))	Low light (LL) recovery condition, days 1-5 post HL-to-LL transfer	co2	not reported	not reported	cyano_dataset_condition_records_20261007.json row 69; reviewed status from cyano_condition_gap_inventory_20261007.json	Sampling gas CO2 percentage is unknown.	17	5	0	10,45,137,138,140
69	PXD019731 (PCC 7942; proteomics (LC-MS/MS))	Low light (LL) recovery condition, days 1-5 post HL-to-LL transfer	growth_phase	partial	unknown	cyano_dataset_condition_records_20261007.json row 69; reviewed status from cyano_condition_gap_inventory_20261007.json	Sampling phase is unknown.	17	5	0	10,45,137,138,140
69	PXD019731 (PCC 7942; proteomics (LC-MS/MS))	Low light (LL) recovery condition, days 1-5 post HL-to-LL transfer	light_regime	not reported	schedule=None; photoperiod=None; spectrum=None	cyano_dataset_condition_records_20261007.json row 69; reviewed status from cyano_condition_gap_inventory_20261007.json	Sampling light schedule is unknown.	17	5	0	10,45,137,138,140
69	PXD019731 (PCC 7942; proteomics (LC-MS/MS))	Low light (LL) recovery condition, days 1-5 post HL-to-LL transfer	temperature	not reported	not reported (30°C is stated only for the preceding 14-day GL/HL culturing phase; not explicitly restated for the LL transfer phase)	cyano_dataset_condition_records_20261007.json row 69; reviewed status from cyano_condition_gap_inventory_20261007.json	Sampling temperature has no reviewed numeric interval.	17	5	0	10,45,137,138,140
76	PXD044412 (PCC 7942; proteomics (LC-MS/MS))	Cyanobacterial photoautotrophic growth (BG-11, 1% CO2, ~70 µmol light)	light_regime	not reported	schedule=None; photoperiod=None; spectrum=None	cyano_dataset_condition_records_20261007.json row 76; reviewed status from cyano_condition_gap_inventory_20261007.json	Sampling light schedule is unknown.	19	5	0	17,151,158,166,177
76	PXD044412 (PCC 7942; proteomics (LC-MS/MS))	Cyanobacterial photoautotrophic growth (BG-11, 1% CO2, ~70 µmol light)	temperature	not reported	not reported	cyano_dataset_condition_records_20261007.json row 76; reviewed status from cyano_condition_gap_inventory_20261007.json	Sampling temperature has no reviewed numeric interval.	19	5	0	17,151,158,166,177
3	GSE103462 (PCC 7942; transcriptomics (RNA-seq))	BG11, 30°C, cool fluorescent light 40 µE, entrained then constant light	co2	not reported	not retrieved	cyano_archive_condition_manual_supplement_20261007.json GSE103462.co2	Sampling gas CO2 percentage is unknown.	39	4	0	218,219,226,227
3	GSE103462 (PCC 7942; transcriptomics (RNA-seq))	BG11, 30°C, cool fluorescent light 40 µE, entrained then constant light	growth_phase	not reported	unknown	cyano_archive_condition_manual_supplement_20261007.json GSE103462.growth_phase	Sampling phase is unknown.	39	4	0	218,219,226,227
4	GSE103463 (PCC 7942; transcriptomics (RNA-seq))	Synchronized constant-light growth conditions (all samples, group 1)	co2	not reported	not retrieved	cyano_archive_condition_manual_supplement_20261007.json GSE103463.co2	Sampling gas CO2 percentage is unknown.	39	4	0	218,256,263,264
4	GSE103463 (PCC 7942; transcriptomics (RNA-seq))	Synchronized constant-light growth conditions (all samples, group 1)	growth_phase	not reported	unknown	cyano_archive_condition_manual_supplement_20261007.json GSE103463.growth_phase	Sampling phase is unknown.	39	4	0	218,256,263,264
7	GSE103644 (PCC 7942; transcriptomics (RNA-seq))	BG11, 30°C, 40 μE cool fluorescent light, entrainment then constant light with theophylline induction	co2	not reported	not retrieved	cyano_archive_condition_manual_supplement_20261007.json GSE103644.co2	Sampling gas CO2 percentage is unknown.	39	4	0	219,256,299,300
7	GSE103644 (PCC 7942; transcriptomics (RNA-seq))	BG11, 30°C, 40 μE cool fluorescent light, entrainment then constant light with theophylline induction	growth_phase	not reported	unknown	cyano_archive_condition_manual_supplement_20261007.json GSE103644.growth_phase	Sampling phase is unknown.	39	4	0	219,256,299,300
19	GSE140121 (PCC 7942; transcriptomics (RNA-seq))	Normal condition RNA-seq samples (WT Normal, TA Normal)	co2	not reported	not reported	cyano_archive_condition_intake_20261007.tsv CR-040	Sampling gas CO2 percentage is unknown.	38	4	0	518,546,594,595
19	GSE140121 (PCC 7942; transcriptomics (RNA-seq))	Normal condition RNA-seq samples (WT Normal, TA Normal)	light_regime	not reported	schedule=continuous; photoperiod=None; spectrum=None	cyano_archive_condition_intake_20261007.tsv CR-039	Spectrum class is unknown.	38	4	0	518,546,594,595
20	GSE140121 (PCC 7942; transcriptomics (RNA-seq))	H2O2-stressed RNA-seq samples (WT Stressed, TA Stressed)	co2	not reported	not reported	cyano_archive_condition_intake_20261007.tsv CR-040	Sampling gas CO2 percentage is unknown.	38	4	0	519,547,620,621
20	GSE140121 (PCC 7942; transcriptomics (RNA-seq))	H2O2-stressed RNA-seq samples (WT Stressed, TA Stressed)	light_regime	not reported	schedule=continuous; photoperiod=None; spectrum=None	cyano_archive_condition_intake_20261007.tsv CR-039	Spectrum class is unknown.	38	4	0	519,547,620,621
55	GSE59112 (PCC 7942; transcriptomics (array))	Standard LL growth / 12h:12h entrainment prior to microarray sampling	co2	not reported	not reported	cyano_archive_condition_manual_supplement_20261007.json GSE59112.co2	Sampling gas CO2 percentage is unknown.	39	4	0	543,571,867,911
55	GSE59112 (PCC 7942; transcriptomics (array))	Standard LL growth / 12h:12h entrainment prior to microarray sampling	growth_phase	not reported	unknown	cyano_archive_condition_manual_supplement_20261007.json GSE59112.growth_phase	Sampling phase is unknown.	39	4	0	543,571,867,911
62	PXD011485 (PCC 11801; proteomics (LC-MS/MS))	0.04% CO2 (ambient, iTRAQ 114)	light_regime	not reported	schedule=None; photoperiod=None; spectrum=None	cyano_dataset_condition_records_20261007.json row 62; reviewed status from cyano_condition_gap_inventory_20261007.json	Sampling light schedule is unknown.	16	4	0	3,59,60,62
63	PXD011485 (PCC 11801; proteomics (LC-MS/MS))	0.5% CO2 (iTRAQ 115)	light_regime	not reported	schedule=None; photoperiod=None; spectrum=None	cyano_dataset_condition_records_20261007.json row 63; reviewed status from cyano_condition_gap_inventory_20261007.json	Sampling light schedule is unknown.	16	4	0	4,72,73,75
64	PXD011485 (PCC 11801; proteomics (LC-MS/MS))	1% CO2 (iTRAQ 116)	light_regime	not reported	schedule=None; photoperiod=None; spectrum=None	cyano_dataset_condition_records_20261007.json row 64; reviewed status from cyano_condition_gap_inventory_20261007.json	Sampling light schedule is unknown.	16	4	0	5,85,86,88
65	PXD011485 (PCC 11801; proteomics (LC-MS/MS))	10% CO2 (iTRAQ 117)	light_regime	not reported	schedule=None; photoperiod=None; spectrum=None	cyano_dataset_condition_records_20261007.json row 65; reviewed status from cyano_condition_gap_inventory_20261007.json	Sampling light schedule is unknown.	16	4	0	6,98,99,101
66	PXD014590 (UTEX 2973; proteomics (LC-MS/MS))	N-starvation degradation and re-synthesis time course (UTEX 2973), growth/culture conditions	growth_phase	partial	exponential	cyano_dataset_condition_records_20261007.json row 66; reviewed status from cyano_condition_gap_inventory_20261007.json	Non-stationary phase lacks a reviewed sampling OD.	19	4	0	7,110,111,113
66	PXD014590 (UTEX 2973; proteomics (LC-MS/MS))	N-starvation degradation and re-synthesis time course (UTEX 2973), growth/culture conditions	light_regime	uncertain	schedule=None; photoperiod=None; spectrum=None	cyano_dataset_condition_records_20261007.json row 66; reviewed status from cyano_condition_gap_inventory_20261007.json	Sampling light schedule is unknown.	19	4	0	7,110,111,113
67	PXD019731 (PCC 7942; proteomics (LC-MS/MS))	Growth light (GL) condition	co2	not reported	not reported	cyano_dataset_condition_records_20261007.json row 67; reviewed status from cyano_condition_gap_inventory_20261007.json	Sampling gas CO2 percentage is unknown.	17	4	0	119,120,122,126
67	PXD019731 (PCC 7942; proteomics (LC-MS/MS))	Growth light (GL) condition	growth_phase	partial	unknown	cyano_dataset_condition_records_20261007.json row 67; reviewed status from cyano_condition_gap_inventory_20261007.json	Sampling phase is unknown.	17	4	0	119,120,122,126
67	PXD019731 (PCC 7942; proteomics (LC-MS/MS))	Growth light (GL) condition	light_regime	partial	schedule=continuous; photoperiod=None; spectrum=white (class not stated)	cyano_dataset_condition_records_20261007.json row 67; reviewed status from cyano_condition_gap_inventory_20261007.json	Spectrum class is unknown.	17	4	0	119,120,122,126
68	PXD019731 (PCC 7942; proteomics (LC-MS/MS))	High light (HL) condition	co2	not reported	not reported	cyano_dataset_condition_records_20261007.json row 68; reviewed status from cyano_condition_gap_inventory_20261007.json	Sampling gas CO2 percentage is unknown.	17	4	0	9,128,129,131
68	PXD019731 (PCC 7942; proteomics (LC-MS/MS))	High light (HL) condition	light_regime	not reported	schedule=None; photoperiod=None; spectrum=None	cyano_dataset_condition_records_20261007.json row 68; reviewed status from cyano_condition_gap_inventory_20261007.json	Sampling light schedule is unknown.	17	4	0	9,128,129,131
77	PXD062851 (PCC 7942; proteomics (LC-MS/MS))	Liquid BG-11H culture, 30°C, 50 µmol photons m-2 s-1, 3% CO2 (both BB-SP3 and TFA-is endoproteome samples)	light_regime	partial	schedule=continuous; photoperiod=None; spectrum=None	cyano_dataset_condition_records_20261007.json row 77; reviewed status from cyano_condition_gap_inventory_20261007.json	Spectrum class is unknown.	19	4	0	126,152,159,167
78	PXD074299 (PCC 7942; proteomics (LC-MS/MS))	Circadian free-run culture for MS protein-condensation fractionation (subjective dawn/dusk, supernatant+pellet, TMT, both replicates)	co2	not reported	not reported	cyano_dataset_condition_records_20261007.json row 78; reviewed status from cyano_condition_gap_inventory_20261007.json	Sampling gas CO2 percentage is unknown.	19	4	0	153,160,168,177
78	PXD074299 (PCC 7942; proteomics (LC-MS/MS))	Circadian free-run culture for MS protein-condensation fractionation (subjective dawn/dusk, supernatant+pellet, TMT, both replicates)	growth_phase	not reported	unknown	cyano_dataset_condition_records_20261007.json row 78; reviewed status from cyano_condition_gap_inventory_20261007.json	Sampling phase is unknown.	19	4	0	153,160,168,177
21	GSE18902 (PCC 7942; transcriptomics (array))	Continuous culture growth conditions (shared by circadian time-course and novobiocin treatment experiments)	light_regime	partial	schedule=continuous; photoperiod=None; spectrum=white (class not stated)	cyano_dataset_condition_records_20261007.json row 21; reviewed status from cyano_condition_gap_inventory_20261007.json	Spectrum class is unknown.	39	3	0	643,644,647
32	GSE227397 (Synechococcus elongatus; transcriptomics (RNA-seq))	RNA-seq WT and del(xpk), 4 timepoints, 12-h L/D cycle (GSE227397 RNA-seq samples)	co2	not reported	not reported in GEO growth protocol; paper RNA-seq section does not specify NaHCO3 supplementation	cyano_condition_paper_addendum_20261007.json limits	50 mM NaHCO3 is not a gas CO2 percentage.	39	3	0	342,496,731
32	GSE227397 (Synechococcus elongatus; transcriptomics (RNA-seq))	RNA-seq WT and del(xpk), 4 timepoints, 12-h L/D cycle (GSE227397 RNA-seq samples)	light_regime	partial	schedule=diel; photoperiod=12:12; spectrum=None	cyano_condition_paper_addendum_20261007.json reported_values.photoperiod	12:12 is reported; spectrum class remains unreported.	39	3	0	342,496,731
46	GSE50908 (PCC 7942; transcriptomics (array))	ΔrpaA turbidostat continuous-light timecourse (LL 24-72h)	light_regime	partial	schedule=continuous; photoperiod=None; spectrum=white (class not stated)	cyano_dataset_condition_records_20261007.json row 46; reviewed status from cyano_condition_gap_inventory_20261007.json	Spectrum class is unknown.	39	3	0	643,914,917
47	GSE50919 (PCC 7942; transcriptomics (array))	Turbidostat continuous-light culture, WT and ΔrpaA pooled timepoints	light_regime	partial	schedule=continuous; photoperiod=None; spectrum=white (class not stated)	cyano_dataset_condition_records_20261007.json row 47; reviewed status from cyano_condition_gap_inventory_20261007.json	Spectrum class is unknown.	39	3	0	644,914,923
54	GSE52486 (PCC 7942; transcriptomics (array))	WT LL circadian timecourse (turbidostat, continuous light after entrainment)	light_regime	partial	schedule=continuous; photoperiod=None; spectrum=white (class not stated)	cyano_dataset_condition_records_20261007.json row 54; reviewed status from cyano_condition_gap_inventory_20261007.json	Spectrum class is unknown.	39	3	0	647,917,923
59	PXD005105 (PCC 7942; proteomics (LC-MS/MS))	WT vs L1118 proteomics growth condition (1-L Roux bottle, production culture)	growth_phase	partial	exponential	cyano_dataset_condition_records_20261007.json row 59; reviewed status from cyano_condition_gap_inventory_20261007.json	Non-stationary phase lacks a reviewed sampling OD.	19	3	0	29,30,32
72	PXD030282 (PCC 7942; proteomics (LC-MS/MS))	Standard growth/cultivation condition (L1118 and engineered strains, flask/Roux bottle stage)	growth_phase	not reported	unknown	cyano_dataset_condition_records_20261007.json row 72; reviewed status from cyano_condition_gap_inventory_20261007.json	Sampling phase is unknown.	17	3	0	13,147,154
72	PXD030282 (PCC 7942; proteomics (LC-MS/MS))	Standard growth/cultivation condition (L1118 and engineered strains, flask/Roux bottle stage)	light_regime	not reported	schedule=None; photoperiod=None; spectrum=None	cyano_dataset_condition_records_20261007.json row 72; reviewed status from cyano_condition_gap_inventory_20261007.json	Sampling light schedule is unknown.	17	3	0	13,147,154
74	PXD030282 (PCC 7942; proteomics (LC-MS/MS))	L1118 vs sucrose mutant Lsps comparative proteomics	growth_phase	not reported	unknown	cyano_dataset_condition_records_20261007.json row 74; reviewed status from cyano_condition_gap_inventory_20261007.json	Sampling phase is unknown.	17	3	0	15,149,156
74	PXD030282 (PCC 7942; proteomics (LC-MS/MS))	L1118 vs sucrose mutant Lsps comparative proteomics	light_regime	not reported	schedule=None; photoperiod=None; spectrum=None	cyano_dataset_condition_records_20261007.json row 74; reviewed status from cyano_condition_gap_inventory_20261007.json	Sampling light schedule is unknown.	17	3	0	15,149,156
75	PXD036717 (PCC 7942; proteomics (LC-MS/MS))	APEX2 proximity-labeling cultures (CscB-SPS and Protein-APEX2 samples)	growth_phase	partial	exponential	cyano_package_BC_addendum_20261006.tsv PXD036717 growth_phase	Daily dilution to OD750 0.3 is reported; OD at labeling is not.	19	3	0	150,157,165
75	PXD036717 (PCC 7942; proteomics (LC-MS/MS))	APEX2 proximity-labeling cultures (CscB-SPS and Protein-APEX2 samples)	light_regime	partial	schedule=continuous; photoperiod=None; spectrum=Gro-Lux fluorescent (class not stated)	cyano_package_BC_addendum_20261006.tsv PXD036717 light_regime	Continuous schedule and Gro-Lux lamp are reported; spectrum class is not pinned.	19	3	0	150,157,165
37	GSE254350 (PCC 7942; transcriptomics (RNA-seq))	Liquid bubbled culture conditions (RNA-Seq samples: WT, pilB::Tn5, sigF1::Mu, sigF2-mutant at D1 and D4)	growth_phase	not reported	unknown	cyano_archive_condition_manual_supplement_20261007.json GSE254350.growth_phase	Sampling phase is unknown.	39	2	0	529,557
37	GSE254350 (PCC 7942; transcriptomics (RNA-seq))	Liquid bubbled culture conditions (RNA-Seq samples: WT, pilB::Tn5, sigF1::Mu, sigF2-mutant at D1 and D4)	light_regime	partial	schedule=None; photoperiod=None; spectrum=incandescent	cyano_dataset_condition_records_20261007.json row 37; reviewed status from cyano_condition_gap_inventory_20261007.json	Sampling light schedule is unknown.	39	2	0	529,557
57	GSE89999 (PCC 7942; transcriptomics (RNA-seq))	RNA-seq samples: clock rescue and rpaA- clock rescue strains, light/dark entrainment time course	co2	not reported	not reported	cyano_archive_condition_manual_supplement_20261007.json GSE89999.co2	Sampling gas CO2 percentage is unknown.	39	2	0	363,517
29	GSE222067 (PCC 7942; transcriptomics (RNA-seq))	0 mM NaCl control (WT and Syn7942/Δsps-ect)	co2	not reported	not reported	cyano_archive_condition_manual_supplement_20261007.json GSE222067.co2	Sampling gas CO2 percentage is unknown.	38	1	0	668
29	GSE222067 (PCC 7942; transcriptomics (RNA-seq))	0 mM NaCl control (WT and Syn7942/Δsps-ect)	growth_phase	not reported	unknown	cyano_archive_condition_manual_supplement_20261007.json GSE222067.growth_phase	Sampling phase is unknown.	38	1	0	668
29	GSE222067 (PCC 7942; transcriptomics (RNA-seq))	0 mM NaCl control (WT and Syn7942/Δsps-ect)	light_regime	not reported	schedule=continuous; photoperiod=None; spectrum=None	cyano_archive_condition_manual_supplement_20261007.json GSE222067.light_spectrum	Spectrum class is unknown.	38	1	0	668
30	GSE222067 (PCC 7942; transcriptomics (RNA-seq))	300 mM NaCl salt-stress treatment (WT and Syn7942/Δsps-ect)	co2	not reported	not reported	cyano_archive_condition_manual_supplement_20261007.json GSE222067.co2	Sampling gas CO2 percentage is unknown.	38	1	0	691
30	GSE222067 (PCC 7942; transcriptomics (RNA-seq))	300 mM NaCl salt-stress treatment (WT and Syn7942/Δsps-ect)	growth_phase	not reported	unknown	cyano_archive_condition_manual_supplement_20261007.json GSE222067.growth_phase	Sampling phase is unknown.	38	1	0	691
30	GSE222067 (PCC 7942; transcriptomics (RNA-seq))	300 mM NaCl salt-stress treatment (WT and Syn7942/Δsps-ect)	light_regime	not reported	schedule=continuous; photoperiod=None; spectrum=None	cyano_archive_condition_manual_supplement_20261007.json GSE222067.light_spectrum	Spectrum class is unknown.	38	1	0	691
33	GSE237858 (PCC 7942; transcriptomics (RNA-seq))	No ZnCl2 induction (WT and labA-KO), 12h dark pulse then 12h LL	co2	not reported	not reported	cyano_archive_condition_intake_20261007.tsv CR-021	Sampling gas CO2 percentage is unknown.	38	1	0	698
33	GSE237858 (PCC 7942; transcriptomics (RNA-seq))	No ZnCl2 induction (WT and labA-KO), 12h dark pulse then 12h LL	growth_phase	not reported	unknown	cyano_archive_condition_intake_20261007.tsv CR-022	Sampling phase is unknown.	38	1	0	698
33	GSE237858 (PCC 7942; transcriptomics (RNA-seq))	No ZnCl2 induction (WT and labA-KO), 12h dark pulse then 12h LL	light_intensity	conflicting	conflicting: archive reports ~40 µE for plate growth; accepted Package B records a different paper value	cyano_archive_condition_intake_20261007.tsv CR-019	Archive ~40 µE conflicts with the accepted paper branch; no sample-specific value chosen.	38	1	0	698
33	GSE237858 (PCC 7942; transcriptomics (RNA-seq))	No ZnCl2 induction (WT and labA-KO), 12h dark pulse then 12h LL	light_regime	partial	schedule=continuous; photoperiod=None; spectrum=fluorescent (class not stated)	cyano_archive_condition_intake_20261007.tsv CR-020	Fluorescent lamp is reported; spectrum class is not.	38	1	0	698
34	GSE237858 (PCC 7942; transcriptomics (RNA-seq))	ZnCl2 induction of kaiA (kaiA-Ex and kaiA-Ex/labA-KO), 12h dark pulse then 12h LL	co2	not reported	not reported	cyano_archive_condition_intake_20261007.tsv CR-021	Sampling gas CO2 percentage is unknown.	38	1	0	699
34	GSE237858 (PCC 7942; transcriptomics (RNA-seq))	ZnCl2 induction of kaiA (kaiA-Ex and kaiA-Ex/labA-KO), 12h dark pulse then 12h LL	growth_phase	not reported	unknown	cyano_archive_condition_intake_20261007.tsv CR-022	Sampling phase is unknown.	38	1	0	699
34	GSE237858 (PCC 7942; transcriptomics (RNA-seq))	ZnCl2 induction of kaiA (kaiA-Ex and kaiA-Ex/labA-KO), 12h dark pulse then 12h LL	light_intensity	conflicting	conflicting: archive reports ~40 µE for plate growth; accepted Package B records a different paper value	cyano_archive_condition_intake_20261007.tsv CR-019	Archive ~40 µE conflicts with the accepted paper branch; no sample-specific value chosen.	38	1	0	699
34	GSE237858 (PCC 7942; transcriptomics (RNA-seq))	ZnCl2 induction of kaiA (kaiA-Ex and kaiA-Ex/labA-KO), 12h dark pulse then 12h LL	light_regime	partial	schedule=continuous; photoperiod=None; spectrum=fluorescent (class not stated)	cyano_archive_condition_intake_20261007.tsv CR-020	Fluorescent lamp is reported; spectrum class is not.	38	1	0	699
41	GSE335065 (PCC 7942; transcriptomics (RNA-seq))	Axenic S. elongatus, non-mBR-tagged control (Se_ax_*)	culture_format	not reported		cyano_dataset_condition_records_20261007.json row 41; reviewed status from cyano_condition_gap_inventory_20261007.json	Sampling culture format is unknown.	36	1	0	533
41	GSE335065 (PCC 7942; transcriptomics (RNA-seq))	Axenic S. elongatus, non-mBR-tagged control (Se_ax_*)	growth_phase	not reported	unknown	cyano_archive_condition_manual_supplement_20261007.json GSE335065.growth_phase	Sampling phase is unknown.	36	1	0	533
41	GSE335065 (PCC 7942; transcriptomics (RNA-seq))	Axenic S. elongatus, non-mBR-tagged control (Se_ax_*)	light_regime	partial	schedule=None; photoperiod=None; spectrum=LED (class not stated)	cyano_dataset_condition_records_20261007.json row 41; reviewed status from cyano_condition_gap_inventory_20261007.json	Sampling light schedule is unknown.	36	1	0	533
42	GSE335065 (PCC 7942; transcriptomics (RNA-seq))	Axenic S. elongatus within membrane bioreactor (Se_ax_mBR_*)	growth_phase	not reported	unknown	cyano_archive_condition_manual_supplement_20261007.json GSE335065.growth_phase	Sampling phase is unknown.	36	1	0	534
42	GSE335065 (PCC 7942; transcriptomics (RNA-seq))	Axenic S. elongatus within membrane bioreactor (Se_ax_mBR_*)	light_regime	partial	schedule=None; photoperiod=None; spectrum=LED (class not stated)	cyano_dataset_condition_records_20261007.json row 42; reviewed status from cyano_condition_gap_inventory_20261007.json	Sampling light schedule is unknown.	36	1	0	534
43	GSE335065 (PCC 7942; transcriptomics (RNA-seq))	S. elongatus unit of membrane-separated co-culture bioreactor (Se_CC_mBR_*)	growth_phase	not reported	unknown	cyano_archive_condition_manual_supplement_20261007.json GSE335065.growth_phase	Sampling phase is unknown.	36	1	0	535
43	GSE335065 (PCC 7942; transcriptomics (RNA-seq))	S. elongatus unit of membrane-separated co-culture bioreactor (Se_CC_mBR_*)	light_regime	partial	schedule=None; photoperiod=None; spectrum=LED (class not stated)	cyano_dataset_condition_records_20261007.json row 43; reviewed status from cyano_condition_gap_inventory_20261007.json	Sampling light schedule is unknown.	36	1	0	535
44	GSE335065 (PCC 7942; transcriptomics (RNA-seq))	Mixed co-culture of S. elongatus + R. toruloides (Se_Rt_CC_*)	growth_phase	not reported	unknown	cyano_archive_condition_manual_supplement_20261007.json GSE335065.growth_phase	Sampling phase is unknown.	36	1	0	536
44	GSE335065 (PCC 7942; transcriptomics (RNA-seq))	Mixed co-culture of S. elongatus + R. toruloides (Se_Rt_CC_*)	light_regime	partial	schedule=None; photoperiod=None; spectrum=LED (class not stated)	cyano_dataset_condition_records_20261007.json row 44; reviewed status from cyano_condition_gap_inventory_20261007.json	Sampling light schedule is unknown.	36	1	0	536
56	GSE79726 (PCC 7942; transcriptomics (RNA-seq))	Control N+ 24h (initial growth before split) / N+ and N- 48h RNA-seq samples	co2	not reported	not reported for RNA-seq growth; separate photobioreactor experiment used 5% CO2 (v/v) and 95% air (v/v)	cyano_archive_condition_manual_supplement_20261007.json GSE79726.co2	Sampling gas CO2 percentage is unknown.	39	1	0	544
56	GSE79726 (PCC 7942; transcriptomics (RNA-seq))	Control N+ 24h (initial growth before split) / N+ and N- 48h RNA-seq samples	growth_phase	not reported	unknown	cyano_archive_condition_manual_supplement_20261007.json GSE79726.growth_phase	Sampling phase is unknown.	39	1	0	544
56	GSE79726 (PCC 7942; transcriptomics (RNA-seq))	Control N+ 24h (initial growth before split) / N+ and N- 48h RNA-seq samples	light_regime	not reported	schedule=continuous; photoperiod=None; spectrum=None	cyano_archive_condition_manual_supplement_20261007.json GSE79726.light_spectrum	Spectrum class is unknown.	39	1	0	544
2	GSE102914 (PCC 7942; transcriptomics (array))	Zn/ZnO-ENM exposure incubation (5 h, condition at sampling for array)	co2	not reported	not retrieved	cyano_archive_condition_manual_supplement_20261007.json GSE102914.co2	Sampling gas CO2 percentage is unknown.	39	0	0	
2	GSE102914 (PCC 7942; transcriptomics (array))	Zn/ZnO-ENM exposure incubation (5 h, condition at sampling for array)	light_intensity	not reported	not retrieved	cyano_archive_condition_manual_supplement_20261007.json GSE102914.light_intensity	Sampling photon flux has no reviewed complete numeric profile.	39	0	0	
2	GSE102914 (PCC 7942; transcriptomics (array))	Zn/ZnO-ENM exposure incubation (5 h, condition at sampling for array)	light_regime	not reported	schedule=continuous; photoperiod=None; spectrum=None	cyano_archive_condition_manual_supplement_20261007.json GSE102914.light_spectrum	Spectrum class is unknown.	39	0	0	
22	GSE205443	Experiment 1 RB-TnSeq library v1.0 - bubbling tube biofilm formation (fresh BG-11)	light_regime	not retrieved	schedule=continuous; photoperiod=None; spectrum=fluorescent (class not stated)	cyano_dataset_condition_records_20261007.json row 22; reviewed status from cyano_condition_gap_inventory_20261007.json	Spectrum class is unknown.	0	0	0	
23	GSE205443	Experiment 2 RB-TnSeq library v2.0 - bubbling tube biofilm formation (fresh BG-11 or Conditioned Media)	light_regime	not retrieved	schedule=continuous; photoperiod=None; spectrum=fluorescent (class not stated)	cyano_dataset_condition_records_20261007.json row 23; reviewed status from cyano_condition_gap_inventory_20261007.json	Spectrum class is unknown.	0	0	0	
24	GSE205443	Experiment 2 RB-TnSeq library v2.0 - flask biofilm formation (fresh BG-11 or Conditioned Media)	co2	not reported	not reported	cyano_archive_condition_intake_20261007.tsv CR-153	Sampling gas CO2 percentage is unknown.	0	0	0	
24	GSE205443	Experiment 2 RB-TnSeq library v2.0 - flask biofilm formation (fresh BG-11 or Conditioned Media)	light_regime	not retrieved	schedule=continuous; photoperiod=None; spectrum=fluorescent (class not stated)	cyano_dataset_condition_records_20261007.json row 24; reviewed status from cyano_condition_gap_inventory_20261007.json	Spectrum class is unknown.	0	0	0	
24	GSE205443	Experiment 2 RB-TnSeq library v2.0 - flask biofilm formation (fresh BG-11 or Conditioned Media)	temperature	not retrieved	room temperature	cyano_dataset_condition_records_20261007.json row 24; reviewed status from cyano_condition_gap_inventory_20261007.json	Sampling temperature has no reviewed numeric interval.	0	0	0	
35	GSE252562 (PCC 7942; transcriptomics (RNA-seq))	Short-day photoperiod (LD8:16), WT and ΔkaiABC, RNA-seq (1/4/8 cycles)	co2	not reported	not reported	cyano_archive_condition_intake_20261007.tsv CR-013	Sampling gas CO2 percentage is unknown.	38	0	0	
35	GSE252562 (PCC 7942; transcriptomics (RNA-seq))	Short-day photoperiod (LD8:16), WT and ΔkaiABC, RNA-seq (1/4/8 cycles)	growth_phase	not reported	unknown	cyano_archive_condition_intake_20261007.tsv CR-014	Sampling phase is unknown.	38	0	0	
35	GSE252562 (PCC 7942; transcriptomics (RNA-seq))	Short-day photoperiod (LD8:16), WT and ΔkaiABC, RNA-seq (1/4/8 cycles)	light_regime	conflicting	schedule=diel; photoperiod=None; spectrum=fluorescent (class not stated)	cyano_package_B_archive_addendum_20261007.json corrections row 35	The aggregate includes six disputed eight-cycle samples; no unconditional photoperiod.	38	0	0	
36	GSE252562 (PCC 7942; transcriptomics (RNA-seq))	Long-day photoperiod (LD16:8), WT and ΔkaiABC, RNA-seq (1/4/8 cycles)	co2	not reported	not reported	cyano_archive_condition_intake_20261007.tsv CR-013	Sampling gas CO2 percentage is unknown.	38	0	0	
36	GSE252562 (PCC 7942; transcriptomics (RNA-seq))	Long-day photoperiod (LD16:8), WT and ΔkaiABC, RNA-seq (1/4/8 cycles)	growth_phase	not reported	unknown	cyano_archive_condition_intake_20261007.tsv CR-014	Sampling phase is unknown.	38	0	0	
36	GSE252562 (PCC 7942; transcriptomics (RNA-seq))	Long-day photoperiod (LD16:8), WT and ΔkaiABC, RNA-seq (1/4/8 cycles)	light_regime	partial	schedule=diel; photoperiod=16:8; spectrum=fluorescent (class not stated)	cyano_dataset_condition_records_20261007.json row 36; reviewed status from cyano_condition_gap_inventory_20261007.json	Spectrum class is unknown.	38	0	0	
39	GSE311172 (PCC 7942; transcriptomics (RNA-seq))	Steady-state turbidostat culture, all RNA-seq samples	light_regime	partial	schedule=None; photoperiod=None; spectrum=narrow-band LED 630/680 nm	cyano_package_B_archive_addendum_20261007.json corrections row 39	Continuous cultivation is not evidence of continuous illumination.	39	0	0	
