data_type	artifact_a	artifact_b	condition_set_a	condition_set_b	temperature	light_intensity	light_regime	co2	medium	culture_format_and_phase	verdict	failing_or_marginal_axis	axes_passed	source_a	source_b	package_d_row	package_d_verdict
proteomics	PXD000510 (PCC 7942; proteomics (LC-MS/MS))	PXD036717 (PCC 7942; proteomics (LC-MS/MS))	row 58 [PXD000510 - S. elongatus PCC7942 circadian proteomics time course] temperature=not retrieved ;; light_intensity=not retrieved ;; light_regime=spectrum: not reported; cycle: diel (light and dark cycles); photoperiod: 12:12-hours ;; co2=not retrieved ;; medium=not retrieved ;; culture_format=not retrieved ;; growth_phase=not retrieved	row 75 [APEX2 proximity-labeling cultures (CscB-SPS and Protein-APEX2 samples)] temperature=32 °C ;; light_intensity=~150 µmol photons m-2 s-1 ;; light_regime=continuous light; Sylvania 15 W Gro-Lux fluorescent bulbs ;; co2=2% CO2 ;; medium=BG11 with 1 g/L HEPES, pH 8.3 ;; culture_format=shaken flasks (150 rpm), Multitron incubator; labeling 30 min in six-well plates under the growing conditions ;; growth_phase=exponential, kept at OD750 0.3 by daily dilution; OD at labeling not stated	undecidable — not reported on one side (PXD036717 now 32 °C)	undecidable — not reported on one side (PXD036717 now ~150 µmol photons m-2 s-1)	fail — diel against continuous	undecidable — not reported on one side (PXD036717 now 2% CO2)	undecidable — not reported on one or both sides	undecidable — culture format not reported on one side	not comparable	light_regime	0 of 6	"package B data row 58, artifact PXD000510 — temperature: [full text not retrievable in this session: PMC4125736 sits outside the Europe PMC open-access subset (fullTextXML HTTP 500), NCBI efetch returns front matter only, and the PMC PDF endpoint answers with a proof-of-work challenge which was not solved; source-side restriction, not a sandbox block; absence in the archive record is NOT evidence the study does not report it] ;; light_intensity: [full text not retrievable in this session: PMC4125736 sits outside the Europe PMC open-access subset (fullTextXML HTTP 500), NCBI efetch returns front matter only, and the PMC PDF endpoint answers with a proof-of-work challenge which was not solved; source-side restriction, not a sandbox block; absence in the archive record is NOT evidence the study does not report it] ;; light_regime: [PRIDE PXD000510 projectDescription; quote: ""we used quantitative proteomics, with TMT 6-plex isobaric labeling. We queried the S. elongatus proteome at ten different time points spanning a single 24 hour period, leading to 20 time points over the full 48 hour period.""] ;; co2: [full text not retrievable in this session: PMC4125736 sits outside the Europe PMC open-access subset (fullTextXML HTTP 500), NCBI efetch returns front matter only, and the PMC PDF endpoint answers with a proof-of-work challenge which was not solved; source-side restriction, not a sandbox block; absence in the archive record is NOT evidence the study does not report it] ;; medium: [full text not retrievable in this session: PMC4125736 sits outside the Europe PMC open-access subset (fullTextXML HTTP 500), NCBI efetch returns front matter only, and the PMC PDF endpoint answers with a proof-of-work challenge which was not solved; source-side restriction, not a sandbox block; absence in the archive record is NOT evidence the study does not report it] ;; culture_format: [full text not retrievable in this session: PMC4125736 sits outside the Europe PMC open-access subset (fullTextXML HTTP 500), NCBI efetch returns front matter only, and the PMC PDF endpoint answers with a proof-of-work challenge which was not solved; source-side restriction, not a sandbox block; absence in the archive record is NOT evidence the study does not report it] ;; growth_phase: [full text not retrievable in this session: PMC4125736 sits outside the Europe PMC open-access subset (fullTextXML HTTP 500), NCBI efetch returns front matter only, and the PMC PDF endpoint answers with a proof-of-work challenge which was not solved; source-side restriction, not a sandbox block; absence in the archive record is NOT evidence the study does not report it]"	"package B addendum row 15 (cyano_package_BC_addendum_20261006.tsv), artifact PXD036717 — every axis: [paper PMID 37925065 (santosmerino2024_main), Materials and methods 2.1; quote: ""grown in BG11 medium supplemented with 1 g L− 1 HEPES to a final pH of 8.3 with NaOH. Flasks were cultured in a Multitron incubator (Infors HT) at 32 ◦ C supplemented with 2% CO2 with ~150 μmol photons m− 2 s− 1 of continuous light provided by Sylvania 15 W Gro-Lux fluorescent bulbs and shaken at 150 rpm. Cultures were back-diluted daily to an OD750 of 0.3""]"	16	undecidable
proteomics	PXD005105 (PCC 7942; proteomics (LC-MS/MS))	PXD036717 (PCC 7942; proteomics (LC-MS/MS))	row 59 [WT vs L1118 proteomics growth condition (1-L Roux bottle, production culture)] temperature=30 °C ;; light_intensity=100-μmol photons m−2 s−1 ;; light_regime=cool white fluorescent lamps; continuous illumination (photoperiod not reported) ;; co2=5% (vol/vol) CO2 ;; medium=BG11 medium (Sigma) supplemented with 10 mM TES, pH 8.2 ;; culture_format=1-L Roux bottle, 500 mL culture, coupled to photobioreactor with hydrocarbon absorbent trap ;; growth_phase=log-phase (2-day limonene production during log-phase growth); OD not specified numerically	row 75 [APEX2 proximity-labeling cultures (CscB-SPS and Protein-APEX2 samples)] temperature=32 °C ;; light_intensity=~150 µmol photons m-2 s-1 ;; light_regime=continuous light; Sylvania 15 W Gro-Lux fluorescent bulbs ;; co2=2% CO2 ;; medium=BG11 with 1 g/L HEPES, pH 8.3 ;; culture_format=shaken flasks (150 rpm), Multitron incubator; labeling 30 min in six-well plates under the growing conditions ;; growth_phase=exponential, kept at OD750 0.3 by daily dilution; OD at labeling not stated	pass — 30 °C against 32 °C, gap 2 °C, both standard regime	fail — 100 against 150 µmol photons m-2 s-1, ratio 1.50, beyond ±25%	pass — both continuous; both fluorescent lamps (cool white against Gro-Lux)	fail — 5% against 2%, factor 2.5, beyond a factor of two	pass — BG-11 both sides, standard nitrogen, no organic carbon named	undecidable — planktonic liquid both sides; PXD036717 kept exponential at OD750 0.3 by daily dilution with no OD at labeling, so OD overlap cannot be read; other side: log phase, OD not given	not comparable	light_intensity; co2	3 of 6	"package B data row 59, artifact PXD005105 — temperature: [paper PMC5167140, Methods - Growth Conditions; quote: ""BG11 medium (Sigma) supplemented with 10 mM N-[Tris(hydroxymethyl)methyl]-2-aminoethanesulfonic acid (TES, pH 8.2) at 30 °C.""] ;; light_intensity: [paper PMC5167140, Methods - Growth Conditions; quote: ""cells grown in the 1-L Roux bottle were aerated with 5% (vol/vol) CO2 under 100-μmol photons m−2""] ;; light_regime: [paper PMC5167140, Methods - Growth Conditions; quote: ""illumination from cool white fluorescent lamps.""] ;; co2: [paper PMC5167140, Methods - Growth Conditions; quote: ""cells grown in the 1-L Roux bottle were aerated with 5% (vol/vol) CO2 under 100-μmol photons m−2""] ;; medium: [paper PMC5167140, Methods - Growth Conditions; quote: ""BG11 medium (Sigma) supplemented with 10 mM N-[Tris(hydroxymethyl)methyl]-2-aminoethanesulfonic acid (TES, pH 8.2) at 30 °C.""] ;; culture_format: [paper PMC5167140, Methods; quote: ""Cyanobacterial cells (500 mL) were grown in triplicates in 1-L Roux bottle coupled with a""] ;; growth_phase: [paper PMC5167140, Methods; quote: ""a 2-day limonene production during the log-phase cell growth.""]"	"package B addendum row 15 (cyano_package_BC_addendum_20261006.tsv), artifact PXD036717 — every axis: [paper PMID 37925065 (santosmerino2024_main), Materials and methods 2.1; quote: ""grown in BG11 medium supplemented with 1 g L− 1 HEPES to a final pH of 8.3 with NaOH. Flasks were cultured in a Multitron incubator (Infors HT) at 32 ◦ C supplemented with 2% CO2 with ~150 μmol photons m− 2 s− 1 of continuous light provided by Sylvania 15 W Gro-Lux fluorescent bulbs and shaken at 150 rpm. Cultures were back-diluted daily to an OD750 of 0.3""]"	34	undecidable
proteomics	PXD005851 (PCC 7942; proteomics (LC-MS/MS))	PXD036717 (PCC 7942; proteomics (LC-MS/MS))	row 61 [S. elongatus PCC 7942 arm of the 48-organism acetylation survey] temperature=22 °C ;; light_intensity=not reported ;; light_regime=not reported ;; co2=not reported as a CO2 regime; atmosphere given only as 'Aerobic' ;; medium=ATCC 616 Medium BG-11 for Blue-Green Algae (strain source ATCC 33912); nitrogen source and organic carbon not itemised ;; culture_format=5 ml liquid culture, no shaking, aerobic atmosphere ;; growth_phase=early stationary phase (OD not reported)	row 75 [APEX2 proximity-labeling cultures (CscB-SPS and Protein-APEX2 samples)] temperature=32 °C ;; light_intensity=~150 µmol photons m-2 s-1 ;; light_regime=continuous light; Sylvania 15 W Gro-Lux fluorescent bulbs ;; co2=2% CO2 ;; medium=BG11 with 1 g/L HEPES, pH 8.3 ;; culture_format=shaken flasks (150 rpm), Multitron incubator; labeling 30 min in six-well plates under the growing conditions ;; growth_phase=exponential, kept at OD750 0.3 by daily dilution; OD at labeling not stated	fail — 22 °C against 32 °C, gap 10 °C, regimes differ	undecidable — not reported on one side (PXD036717 now ~150 µmol photons m-2 s-1)	undecidable — continuous-versus-diel not reported on one side (PXD036717 now continuous, fluorescent)	undecidable — not reported on one side (PXD036717 now 2% CO2)	pass — BG-11 both sides, standard nitrogen, no organic carbon named	undecidable — planktonic liquid both sides; PXD036717 kept exponential at OD750 0.3 by daily dilution with no OD at labeling, so OD overlap cannot be read; other side: growth phase not reported	not comparable	temperature	1 of 6	"package B data row 61, artifact PXD005851 — temperature: [Table S1 of PMC5705920 (Europe PMC supplementaryFiles, file mbo006173609st1.xls, 49152 bytes, SHA-256 c0bea2222143063edb39ed79b993d7afa9fdc1506cc3c1f7b1ac3f1cdf8ef258), row 'Synechococcus elongatus PCC 7942', column 'Temperature'; quote: ""22°C""] ;; light_intensity: [checked: PRIDE PXD005851; PMID 29184018; PMC5705920; doi:10.1128/mbio.01894-17] ;; light_regime: [checked: PRIDE PXD005851; PMID 29184018; PMC5705920; doi:10.1128/mbio.01894-17] ;; co2: [Table S1 of PMC5705920 (Europe PMC supplementaryFiles, file mbo006173609st1.xls, 49152 bytes, SHA-256 c0bea2222143063edb39ed79b993d7afa9fdc1506cc3c1f7b1ac3f1cdf8ef258), row 'Synechococcus elongatus PCC 7942', column 'Atmosphere Requirements'; quote: ""Aerobic""] ;; medium: [Table S1 of PMC5705920 (Europe PMC supplementaryFiles, file mbo006173609st1.xls, 49152 bytes, SHA-256 c0bea2222143063edb39ed79b993d7afa9fdc1506cc3c1f7b1ac3f1cdf8ef258), row 'Synechococcus elongatus PCC 7942', column 'Media'; quote: ""ATCC 616 Medium BG-11 for Blue-Green Algae""] ;; culture_format: [Table S1 of PMC5705920 (Europe PMC supplementaryFiles, file mbo006173609st1.xls, 49152 bytes, SHA-256 c0bea2222143063edb39ed79b993d7afa9fdc1506cc3c1f7b1ac3f1cdf8ef258), row 'Synechococcus elongatus PCC 7942', column 'RPM shaking'; aerobic from column 'Atmosphere Requirements'; quote: ""No shaking""] ;; growth_phase: [paper PMC5705920, Bacterial growth and sample preparation; quote: ""Bacteria were grown in 5 ml of medium to early stationary phase.""]"	"package B addendum row 15 (cyano_package_BC_addendum_20261006.tsv), artifact PXD036717 — every axis: [paper PMID 37925065 (santosmerino2024_main), Materials and methods 2.1; quote: ""grown in BG11 medium supplemented with 1 g L− 1 HEPES to a final pH of 8.3 with NaOH. Flasks were cultured in a Multitron incubator (Infors HT) at 32 ◦ C supplemented with 2% CO2 with ~150 μmol photons m− 2 s− 1 of continuous light provided by Sylvania 15 W Gro-Lux fluorescent bulbs and shaken at 150 rpm. Cultures were back-diluted daily to an OD750 of 0.3""]"	51	undecidable
proteomics	PXD011485 (PCC 11801; proteomics (LC-MS/MS))	PXD036717 (PCC 7942; proteomics (LC-MS/MS))	row 62 [0.04% CO2 (ambient, iTRAQ 114)] temperature=38 °C ;; light_intensity=400 µmole photon.m-2.s-1 ;; light_regime=spectrum not reported; continuous vs diel not reported; photoperiod not reported ;; co2=0.04% CO2 ;; medium=non-buffered BG-11 medium (initial pH = 7.5) ;; culture_format=shake flasks, 120 rpm ;; growth_phase=OD730 = 0.8	row 75 [APEX2 proximity-labeling cultures (CscB-SPS and Protein-APEX2 samples)] temperature=32 °C ;; light_intensity=~150 µmol photons m-2 s-1 ;; light_regime=continuous light; Sylvania 15 W Gro-Lux fluorescent bulbs ;; co2=2% CO2 ;; medium=BG11 with 1 g/L HEPES, pH 8.3 ;; culture_format=shaken flasks (150 rpm), Multitron incubator; labeling 30 min in six-well plates under the growing conditions ;; growth_phase=exponential, kept at OD750 0.3 by daily dilution; OD at labeling not stated	fail — 38 °C against 32 °C, gap 6 °C, regimes differ	fail — 400 against 150 µmol photons m-2 s-1, ratio 2.67, beyond ±25%	undecidable — continuous-versus-diel not reported on one side (PXD036717 now continuous, fluorescent)	fail — ambient 0.04% against elevated 2%	pass — BG-11 both sides, standard nitrogen, no organic carbon named	undecidable — planktonic liquid both sides; PXD036717 kept exponential at OD750 0.3 by daily dilution with no OD at labeling, so OD overlap cannot be read; other side: OD730 0.8	not comparable	temperature; light_intensity; co2	1 of 6	"package B data row 62, artifact PXD011485 — temperature: [paper PMC6472392, Methods - Cultivation conditions; quote: ""The culture was grown at 38 °C, 120 rpm and light intensity of 400 µmole photon.m −2 .s −1 in a CO 2 incubator shaker""] ;; light_intensity: [paper PMC6472392, Methods - Cultivation conditions; quote: ""light intensity of 400 µmole photon.m −2 .s −1 in a CO 2 incubator shaker""] ;; light_regime: (no citation; value is spectrum not reported; continuous vs die) ;; co2: [paper PMC6472392, Results - iTRAQ proteomics; quote: ""The iTRAQ reagents 114, 115, 116 and 117 were used to label protein digests from samples grown at 0.04%, 0.5%, 1% and 10% CO 2 , respectively.""] ;; medium: [paper PMC6472392, Methods - Cultivation conditions; quote: ""The strain Synechococcus 11801 was cultured in non-buffered BG-11 medium (initial pH = 7.5) and shake flasks.""] ;; culture_format: [paper PMC6472392, Methods - Cultivation conditions; quote: ""The strain Synechococcus 11801 was cultured in non-buffered BG-11 medium (initial pH = 7.5) and shake flasks.""] ;; growth_phase: [paper PMC6472392, Methods - Cultivation conditions; quote: ""Three biological replicates of the cells (OD 730 = 0.8) grown under 0.04%, 0.5%, 1% and 10% CO 2 were harvested by centrifugation""]"	"package B addendum row 15 (cyano_package_BC_addendum_20261006.tsv), artifact PXD036717 — every axis: [paper PMID 37925065 (santosmerino2024_main), Materials and methods 2.1; quote: ""grown in BG11 medium supplemented with 1 g L− 1 HEPES to a final pH of 8.3 with NaOH. Flasks were cultured in a Multitron incubator (Infors HT) at 32 ◦ C supplemented with 2% CO2 with ~150 μmol photons m− 2 s− 1 of continuous light provided by Sylvania 15 W Gro-Lux fluorescent bulbs and shaken at 150 rpm. Cultures were back-diluted daily to an OD750 of 0.3""]"	64	undecidable
proteomics	PXD011485 (PCC 11801; proteomics (LC-MS/MS))	PXD036717 (PCC 7942; proteomics (LC-MS/MS))	row 63 [0.5% CO2 (iTRAQ 115)] temperature=38 °C ;; light_intensity=400 µmole photon.m-2.s-1 ;; light_regime=spectrum not reported; continuous vs diel not reported; photoperiod not reported ;; co2=0.5% CO2 ;; medium=non-buffered BG-11 medium (initial pH = 7.5) ;; culture_format=shake flasks, 120 rpm ;; growth_phase=OD730 = 0.8	row 75 [APEX2 proximity-labeling cultures (CscB-SPS and Protein-APEX2 samples)] temperature=32 °C ;; light_intensity=~150 µmol photons m-2 s-1 ;; light_regime=continuous light; Sylvania 15 W Gro-Lux fluorescent bulbs ;; co2=2% CO2 ;; medium=BG11 with 1 g/L HEPES, pH 8.3 ;; culture_format=shaken flasks (150 rpm), Multitron incubator; labeling 30 min in six-well plates under the growing conditions ;; growth_phase=exponential, kept at OD750 0.3 by daily dilution; OD at labeling not stated	fail — 38 °C against 32 °C, gap 6 °C, regimes differ	fail — 400 against 150 µmol photons m-2 s-1, ratio 2.67, beyond ±25%	undecidable — continuous-versus-diel not reported on one side (PXD036717 now continuous, fluorescent)	fail — 0.5% is below the elevated regime of 1% or more; PXD036717 at 2%	pass — BG-11 both sides, standard nitrogen, no organic carbon named	undecidable — planktonic liquid both sides; PXD036717 kept exponential at OD750 0.3 by daily dilution with no OD at labeling, so OD overlap cannot be read; other side: OD730 0.8	not comparable	temperature; light_intensity; co2	1 of 6	"package B data row 63, artifact PXD011485 — temperature: [paper PMC6472392, Methods - Cultivation conditions; quote: ""The culture was grown at 38 °C, 120 rpm and light intensity of 400 µmole photon.m −2 .s −1 in a CO 2 incubator shaker""] ;; light_intensity: [paper PMC6472392, Methods - Cultivation conditions; quote: ""light intensity of 400 µmole photon.m −2 .s −1 in a CO 2 incubator shaker""] ;; light_regime: (no citation; value is spectrum not reported; continuous vs die) ;; co2: [paper PMC6472392, Results - iTRAQ proteomics; quote: ""The iTRAQ reagents 114, 115, 116 and 117 were used to label protein digests from samples grown at 0.04%, 0.5%, 1% and 10% CO 2 , respectively.""] ;; medium: [paper PMC6472392, Methods - Cultivation conditions; quote: ""The strain Synechococcus 11801 was cultured in non-buffered BG-11 medium (initial pH = 7.5) and shake flasks.""] ;; culture_format: [paper PMC6472392, Methods - Cultivation conditions; quote: ""The strain Synechococcus 11801 was cultured in non-buffered BG-11 medium (initial pH = 7.5) and shake flasks.""] ;; growth_phase: [paper PMC6472392, Methods - Cultivation conditions; quote: ""Three biological replicates of the cells (OD 730 = 0.8) grown under 0.04%, 0.5%, 1% and 10% CO 2 were harvested by centrifugation""]"	"package B addendum row 15 (cyano_package_BC_addendum_20261006.tsv), artifact PXD036717 — every axis: [paper PMID 37925065 (santosmerino2024_main), Materials and methods 2.1; quote: ""grown in BG11 medium supplemented with 1 g L− 1 HEPES to a final pH of 8.3 with NaOH. Flasks were cultured in a Multitron incubator (Infors HT) at 32 ◦ C supplemented with 2% CO2 with ~150 μmol photons m− 2 s− 1 of continuous light provided by Sylvania 15 W Gro-Lux fluorescent bulbs and shaken at 150 rpm. Cultures were back-diluted daily to an OD750 of 0.3""]"	77	undecidable
proteomics	PXD011485 (PCC 11801; proteomics (LC-MS/MS))	PXD036717 (PCC 7942; proteomics (LC-MS/MS))	row 64 [1% CO2 (iTRAQ 116)] temperature=38 °C ;; light_intensity=400 µmole photon.m-2.s-1 ;; light_regime=spectrum not reported; continuous vs diel not reported; photoperiod not reported ;; co2=1% CO2 ;; medium=non-buffered BG-11 medium (initial pH = 7.5) ;; culture_format=shake flasks, 120 rpm ;; growth_phase=OD730 = 0.8	row 75 [APEX2 proximity-labeling cultures (CscB-SPS and Protein-APEX2 samples)] temperature=32 °C ;; light_intensity=~150 µmol photons m-2 s-1 ;; light_regime=continuous light; Sylvania 15 W Gro-Lux fluorescent bulbs ;; co2=2% CO2 ;; medium=BG11 with 1 g/L HEPES, pH 8.3 ;; culture_format=shaken flasks (150 rpm), Multitron incubator; labeling 30 min in six-well plates under the growing conditions ;; growth_phase=exponential, kept at OD750 0.3 by daily dilution; OD at labeling not stated	fail — 38 °C against 32 °C, gap 6 °C, regimes differ	fail — 400 against 150 µmol photons m-2 s-1, ratio 2.67, beyond ±25%	undecidable — continuous-versus-diel not reported on one side (PXD036717 now continuous, fluorescent)	pass — 1% against 2%, both elevated, factor 2	pass — BG-11 both sides, standard nitrogen, no organic carbon named	undecidable — planktonic liquid both sides; PXD036717 kept exponential at OD750 0.3 by daily dilution with no OD at labeling, so OD overlap cannot be read; other side: OD730 0.8	not comparable	temperature; light_intensity	2 of 6	"package B data row 64, artifact PXD011485 — temperature: [paper PMC6472392, Methods - Cultivation conditions; quote: ""The culture was grown at 38 °C, 120 rpm and light intensity of 400 µmole photon.m −2 .s −1 in a CO 2 incubator shaker""] ;; light_intensity: [paper PMC6472392, Methods - Cultivation conditions; quote: ""light intensity of 400 µmole photon.m −2 .s −1 in a CO 2 incubator shaker""] ;; light_regime: (no citation; value is spectrum not reported; continuous vs die) ;; co2: [paper PMC6472392, Results - iTRAQ proteomics; quote: ""The iTRAQ reagents 114, 115, 116 and 117 were used to label protein digests from samples grown at 0.04%, 0.5%, 1% and 10% CO 2 , respectively.""] ;; medium: [paper PMC6472392, Methods - Cultivation conditions; quote: ""The strain Synechococcus 11801 was cultured in non-buffered BG-11 medium (initial pH = 7.5) and shake flasks.""] ;; culture_format: [paper PMC6472392, Methods - Cultivation conditions; quote: ""The strain Synechococcus 11801 was cultured in non-buffered BG-11 medium (initial pH = 7.5) and shake flasks.""] ;; growth_phase: [paper PMC6472392, Methods - Cultivation conditions; quote: ""Three biological replicates of the cells (OD 730 = 0.8) grown under 0.04%, 0.5%, 1% and 10% CO 2 were harvested by centrifugation""]"	"package B addendum row 15 (cyano_package_BC_addendum_20261006.tsv), artifact PXD036717 — every axis: [paper PMID 37925065 (santosmerino2024_main), Materials and methods 2.1; quote: ""grown in BG11 medium supplemented with 1 g L− 1 HEPES to a final pH of 8.3 with NaOH. Flasks were cultured in a Multitron incubator (Infors HT) at 32 ◦ C supplemented with 2% CO2 with ~150 μmol photons m− 2 s− 1 of continuous light provided by Sylvania 15 W Gro-Lux fluorescent bulbs and shaken at 150 rpm. Cultures were back-diluted daily to an OD750 of 0.3""]"	90	undecidable
proteomics	PXD011485 (PCC 11801; proteomics (LC-MS/MS))	PXD036717 (PCC 7942; proteomics (LC-MS/MS))	row 65 [10% CO2 (iTRAQ 117)] temperature=38 °C ;; light_intensity=400 µmole photon.m-2.s-1 ;; light_regime=spectrum not reported; continuous vs diel not reported; photoperiod not reported ;; co2=10% CO2 ;; medium=non-buffered BG-11 medium (initial pH = 7.5) ;; culture_format=shake flasks, 120 rpm ;; growth_phase=OD730 = 0.8	row 75 [APEX2 proximity-labeling cultures (CscB-SPS and Protein-APEX2 samples)] temperature=32 °C ;; light_intensity=~150 µmol photons m-2 s-1 ;; light_regime=continuous light; Sylvania 15 W Gro-Lux fluorescent bulbs ;; co2=2% CO2 ;; medium=BG11 with 1 g/L HEPES, pH 8.3 ;; culture_format=shaken flasks (150 rpm), Multitron incubator; labeling 30 min in six-well plates under the growing conditions ;; growth_phase=exponential, kept at OD750 0.3 by daily dilution; OD at labeling not stated	fail — 38 °C against 32 °C, gap 6 °C, regimes differ	fail — 400 against 150 µmol photons m-2 s-1, ratio 2.67, beyond ±25%	undecidable — continuous-versus-diel not reported on one side (PXD036717 now continuous, fluorescent)	fail — 10% against 2%, factor 5, beyond a factor of two	pass — BG-11 both sides, standard nitrogen, no organic carbon named	undecidable — planktonic liquid both sides; PXD036717 kept exponential at OD750 0.3 by daily dilution with no OD at labeling, so OD overlap cannot be read; other side: OD730 0.8	not comparable	temperature; light_intensity; co2	1 of 6	"package B data row 65, artifact PXD011485 — temperature: [paper PMC6472392, Methods - Cultivation conditions; quote: ""The culture was grown at 38 °C, 120 rpm and light intensity of 400 µmole photon.m −2 .s −1 in a CO 2 incubator shaker""] ;; light_intensity: [paper PMC6472392, Methods - Cultivation conditions; quote: ""light intensity of 400 µmole photon.m −2 .s −1 in a CO 2 incubator shaker""] ;; light_regime: (no citation; value is spectrum not reported; continuous vs die) ;; co2: [paper PMC6472392, Results - iTRAQ proteomics; quote: ""The iTRAQ reagents 114, 115, 116 and 117 were used to label protein digests from samples grown at 0.04%, 0.5%, 1% and 10% CO 2 , respectively.""] ;; medium: [paper PMC6472392, Methods - Cultivation conditions; quote: ""The strain Synechococcus 11801 was cultured in non-buffered BG-11 medium (initial pH = 7.5) and shake flasks.""] ;; culture_format: [paper PMC6472392, Methods - Cultivation conditions; quote: ""The strain Synechococcus 11801 was cultured in non-buffered BG-11 medium (initial pH = 7.5) and shake flasks.""] ;; growth_phase: [paper PMC6472392, Methods - Cultivation conditions; quote: ""Three biological replicates of the cells (OD 730 = 0.8) grown under 0.04%, 0.5%, 1% and 10% CO 2 were harvested by centrifugation""]"	"package B addendum row 15 (cyano_package_BC_addendum_20261006.tsv), artifact PXD036717 — every axis: [paper PMID 37925065 (santosmerino2024_main), Materials and methods 2.1; quote: ""grown in BG11 medium supplemented with 1 g L− 1 HEPES to a final pH of 8.3 with NaOH. Flasks were cultured in a Multitron incubator (Infors HT) at 32 ◦ C supplemented with 2% CO2 with ~150 μmol photons m− 2 s− 1 of continuous light provided by Sylvania 15 W Gro-Lux fluorescent bulbs and shaken at 150 rpm. Cultures were back-diluted daily to an OD750 of 0.3""]"	103	undecidable
proteomics	PXD014590 (UTEX 2973; proteomics (LC-MS/MS))	PXD036717 (PCC 7942; proteomics (LC-MS/MS))	row 66 [N-starvation degradation and re-synthesis time course (UTEX 2973), growth/culture conditions] temperature=37 °C ;; light_intensity=500 μmol photons m-2 s-1 ;; light_regime=spectrum: not reported; continuous (implied by photoautotrophic multicultivator growth, not explicitly stated); photoperiod: not reported ;; co2=5% CO2 ;; medium=BG11 growth medium containing 1.76 M NaNO3 (BG11+N); for N starvation, BG-11 0 (NaNO3 replaced with equimolar NaCl); 10 mM NaNO3 added at 4h to initiate re-synthesis ;; culture_format=multicultivator photobioreactor ;; growth_phase=exponential phase cultures at OD730nm = 0.9, diluted to OD730nm = 0.2 at onset of N starvation experiment	row 75 [APEX2 proximity-labeling cultures (CscB-SPS and Protein-APEX2 samples)] temperature=32 °C ;; light_intensity=~150 µmol photons m-2 s-1 ;; light_regime=continuous light; Sylvania 15 W Gro-Lux fluorescent bulbs ;; co2=2% CO2 ;; medium=BG11 with 1 g/L HEPES, pH 8.3 ;; culture_format=shaken flasks (150 rpm), Multitron incubator; labeling 30 min in six-well plates under the growing conditions ;; growth_phase=exponential, kept at OD750 0.3 by daily dilution; OD at labeling not stated	fail — 37 °C against 32 °C, gap 5 °C, regimes differ	fail — 500 against 150 µmol photons m-2 s-1, ratio 3.33, beyond ±25%	undecidable — continuous-versus-diel not reported on one side (PXD036717 now continuous, fluorescent)	fail — 5% against 2%, factor 2.5, beyond a factor of two	fail — nitrogen source differs from standard BG-11 nitrate on at least one side	undecidable — planktonic liquid both sides; PXD036717 kept exponential at OD750 0.3 by daily dilution with no OD at labeling, so OD overlap cannot be read; other side: growth phase not reported	not comparable	temperature; light_intensity; co2; medium	0 of 6	"package B data row 66, artifact PXD014590 — temperature: [paper PMC6722726, Section 2.2 Nitrogen Starvation Conditions; quote: ""cultures were placed back in the multicultivators at 37 °C with 500 μmol photons m −2 s −1 of light and 5% CO 2""] ;; light_intensity: [paper PMC6722726, Section 2.1 Bacterial Strain and Growth Conditions; quote: ""with 500 μmol photons m −2 s −1 of light and 5% CO 2""] ;; light_regime: [paper PMC6722726, Section 2.1 Bacterial Strain and Growth Conditions; quote: ""grown photoautotrophically in a multicultivator photobioreactor (Photon Systems Instuments, Czech Republic) at 37 °C with 500 μmol photons m −2 s −1 of light and 5% CO 2""] ;; co2: [paper PMC6722726, Section 2.1 Bacterial Strain and Growth Conditions; quote: ""5% CO 2 in BG11 growth medium""] ;; medium: [paper PMC6722726, Section 2.1 Bacterial Strain and Growth Conditions; quote: ""BG11 growth medium [ 36 ] containing 1.76 M NaNO 3 (BG11+N)""] ;; culture_format: [paper PMC6722726, Section 2.1 Bacterial Strain and Growth Conditions; quote: ""grown photoautotrophically in a multicultivator photobioreactor (Photon Systems Instuments, Czech Republic)""] ;; growth_phase: [paper PMC6722726, Section 2.2 Nitrogen Starvation Conditions; quote: ""exponential cultures (OD 730 nm = 0.9) grown in multicultivators were harvested, washed twice, and resuspended with BG-11 0 media""]"	"package B addendum row 15 (cyano_package_BC_addendum_20261006.tsv), artifact PXD036717 — every axis: [paper PMID 37925065 (santosmerino2024_main), Materials and methods 2.1; quote: ""grown in BG11 medium supplemented with 1 g L− 1 HEPES to a final pH of 8.3 with NaOH. Flasks were cultured in a Multitron incubator (Infors HT) at 32 ◦ C supplemented with 2% CO2 with ~150 μmol photons m− 2 s− 1 of continuous light provided by Sylvania 15 W Gro-Lux fluorescent bulbs and shaken at 150 rpm. Cultures were back-diluted daily to an OD750 of 0.3""]"	115	not comparable
proteomics	PXD019731 (PCC 7942; proteomics (LC-MS/MS))	PXD036717 (PCC 7942; proteomics (LC-MS/MS))	row 67 [Growth light (GL) condition] temperature=30°C ;; light_intensity=40 µmol photons m-2 s-1 ;; light_regime=white light (spectrum); continuous (no dark period stated) — explicitly stated for the pre-experimental/40 µmol culture phase ;; co2=not reported ;; medium=BG11 medium ;; culture_format=Photobioreactor Multi-Cultivator MC1000, parallel 80-ml cultures ;; growth_phase=Starting OD750 = 0.2 at inoculation; harvested after 14 days of growth under GL (no harvest OD750 given)	row 75 [APEX2 proximity-labeling cultures (CscB-SPS and Protein-APEX2 samples)] temperature=32 °C ;; light_intensity=~150 µmol photons m-2 s-1 ;; light_regime=continuous light; Sylvania 15 W Gro-Lux fluorescent bulbs ;; co2=2% CO2 ;; medium=BG11 with 1 g/L HEPES, pH 8.3 ;; culture_format=shaken flasks (150 rpm), Multitron incubator; labeling 30 min in six-well plates under the growing conditions ;; growth_phase=exponential, kept at OD750 0.3 by daily dilution; OD at labeling not stated	pass — 30 °C against 32 °C, gap 2 °C, both standard regime	fail — 40 against 150 µmol photons m-2 s-1, ratio 3.75, beyond ±25%	undecidable — both continuous; the other side names no lamp class (PXD036717: Gro-Lux fluorescent)	undecidable — not reported on one side (PXD036717 now 2% CO2)	pass — BG-11 both sides, standard nitrogen, no organic carbon named	undecidable — planktonic liquid both sides; PXD036717 kept exponential at OD750 0.3 by daily dilution with no OD at labeling, so OD overlap cannot be read; other side: growth phase not reported	not comparable	light_intensity	2 of 6	"package B data row 67, artifact PXD019731 — temperature: [PRIDE PXD019731 sampleProcessingProtocol; quote: ""Cells were first cultured at 30°C for 14 days either under 40 µmol photons m-2 s-1 (growth light, GL) or under 300 µmol photons m-2 s-1 (high light, HL).""] ;; light_intensity: [PRIDE PXD019731 sampleProcessingProtocol; quote: ""either under 40 µmol photons m-2 s-1 (growth light, GL)""] ;; light_regime: [PRIDE PXD019731 sampleProcessingProtocol; quote: ""grown in BG11 medium under continuous white light of 40 µmol photons m-2 s-1 at 30°C in culture flasks with constant shaking.""] ;; co2: [checked: PRIDE PXD019731; PMID 34108457; PMC8190092; doi:10.1038/s41467-021-23680-1 (the paper cites PXD019731)] ;; medium: [PRIDE PXD019731 sampleProcessingProtocol; quote: ""inoculating cells to the starting OD750 = 0.2 in fresh BG11 medium.""] ;; culture_format: [PRIDE PXD019731 sampleProcessingProtocol; quote: ""Experimental cultures were grown in a photobioreactor Multi‐Cultivator MC 1000 (Photon Systems Instruments, Brno, Czech Republic). Parallel 80-ml cultures were started from pre-experimental cultures""] ;; growth_phase: [PRIDE PXD019731 sampleProcessingProtocol; quote: ""inoculating cells to the starting OD750 = 0.2 in fresh BG11 medium""]"	"package B addendum row 15 (cyano_package_BC_addendum_20261006.tsv), artifact PXD036717 — every axis: [paper PMID 37925065 (santosmerino2024_main), Materials and methods 2.1; quote: ""grown in BG11 medium supplemented with 1 g L− 1 HEPES to a final pH of 8.3 with NaOH. Flasks were cultured in a Multitron incubator (Infors HT) at 32 ◦ C supplemented with 2% CO2 with ~150 μmol photons m− 2 s− 1 of continuous light provided by Sylvania 15 W Gro-Lux fluorescent bulbs and shaken at 150 rpm. Cultures were back-diluted daily to an OD750 of 0.3""]"	124	undecidable
proteomics	PXD019731 (PCC 7942; proteomics (LC-MS/MS))	PXD036717 (PCC 7942; proteomics (LC-MS/MS))	row 68 [High light (HL) condition] temperature=30°C ;; light_intensity=300 µmol photons m-2 s-1 ;; light_regime=not reported (spectrum/continuity not explicitly restated for the HL intensity condition; continuous white light is only explicitly stated for the 40 µmol pre-experimental phase) ;; co2=not reported ;; medium=BG11 medium ;; culture_format=Photobioreactor Multi-Cultivator MC1000, parallel 80-ml cultures ;; growth_phase=Starting OD750 = 0.2 at inoculation; harvested after 14 days under HL; OD750 of HL culture = 0.6 just before LL transfer	row 75 [APEX2 proximity-labeling cultures (CscB-SPS and Protein-APEX2 samples)] temperature=32 °C ;; light_intensity=~150 µmol photons m-2 s-1 ;; light_regime=continuous light; Sylvania 15 W Gro-Lux fluorescent bulbs ;; co2=2% CO2 ;; medium=BG11 with 1 g/L HEPES, pH 8.3 ;; culture_format=shaken flasks (150 rpm), Multitron incubator; labeling 30 min in six-well plates under the growing conditions ;; growth_phase=exponential, kept at OD750 0.3 by daily dilution; OD at labeling not stated	pass — 30 °C against 32 °C, gap 2 °C, both standard regime	fail — 300 against 150 µmol photons m-2 s-1, ratio 2.00, beyond ±25%	undecidable — continuous-versus-diel not reported on one side (PXD036717 now continuous, fluorescent)	undecidable — not reported on one side (PXD036717 now 2% CO2)	pass — BG-11 both sides, standard nitrogen, no organic carbon named	undecidable — planktonic liquid both sides; PXD036717 kept exponential at OD750 0.3 by daily dilution with no OD at labeling, so OD overlap cannot be read; other side: growth phase not reported	not comparable	light_intensity	2 of 6	"package B data row 68, artifact PXD019731 — temperature: [PRIDE PXD019731 sampleProcessingProtocol; quote: ""Cells were first cultured at 30°C for 14 days either under 40 µmol photons m-2 s-1 (growth light, GL) or under 300 µmol photons m-2 s-1 (high light, HL).""] ;; light_intensity: [PRIDE PXD019731 sampleProcessingProtocol; quote: ""or under 300 µmol photons m-2 s-1 (high light, HL).""] ;; light_regime: (no citation; value is not reported (spectrum/continuity not ex) ;; co2: [checked: PRIDE PXD019731; PMID 34108457; PMC8190092; doi:10.1038/s41467-021-23680-1 (the paper cites PXD019731)] ;; medium: [PRIDE PXD019731 sampleProcessingProtocol; quote: ""inoculating cells to the starting OD750 = 0.2 in fresh BG11 medium.""] ;; culture_format: [PRIDE PXD019731 sampleProcessingProtocol; quote: ""Experimental cultures were grown in a photobioreactor Multi‐Cultivator MC 1000 (Photon Systems Instruments, Brno, Czech Republic). Parallel 80-ml cultures were started from pre-experimental cultures""] ;; growth_phase: [PRIDE PXD019731 sampleProcessingProtocol; quote: ""After this, OD750 of the HL culture was adjusted to 0.6 with fresh BG11 and transferred to under 20 µmol photons m-2 s-1 (LL, low light) for 5 days.""]"	"package B addendum row 15 (cyano_package_BC_addendum_20261006.tsv), artifact PXD036717 — every axis: [paper PMID 37925065 (santosmerino2024_main), Materials and methods 2.1; quote: ""grown in BG11 medium supplemented with 1 g L− 1 HEPES to a final pH of 8.3 with NaOH. Flasks were cultured in a Multitron incubator (Infors HT) at 32 ◦ C supplemented with 2% CO2 with ~150 μmol photons m− 2 s− 1 of continuous light provided by Sylvania 15 W Gro-Lux fluorescent bulbs and shaken at 150 rpm. Cultures were back-diluted daily to an OD750 of 0.3""]"	133	undecidable
proteomics	PXD019731 (PCC 7942; proteomics (LC-MS/MS))	PXD036717 (PCC 7942; proteomics (LC-MS/MS))	row 69 [Low light (LL) recovery condition, days 1-5 post HL-to-LL transfer] temperature=not reported (30°C is stated only for the preceding 14-day GL/HL culturing phase; not explicitly restated for the LL transfer phase) ;; light_intensity=20 µmol photons m-2 s-1 ;; light_regime=not reported (spectrum/continuity not explicitly restated for the LL intensity condition) ;; co2=not reported ;; medium=BG11 medium (fresh) ;; culture_format=Photobioreactor Multi-Cultivator MC1000, parallel 80-ml cultures (continuation of HL cultures) ;; growth_phase=OD750 adjusted to 0.6 at start of LL transfer; harvested at distinct time points over five consecutive days (LL day1-5), no further OD750 values given per day	row 75 [APEX2 proximity-labeling cultures (CscB-SPS and Protein-APEX2 samples)] temperature=32 °C ;; light_intensity=~150 µmol photons m-2 s-1 ;; light_regime=continuous light; Sylvania 15 W Gro-Lux fluorescent bulbs ;; co2=2% CO2 ;; medium=BG11 with 1 g/L HEPES, pH 8.3 ;; culture_format=shaken flasks (150 rpm), Multitron incubator; labeling 30 min in six-well plates under the growing conditions ;; growth_phase=exponential, kept at OD750 0.3 by daily dilution; OD at labeling not stated	undecidable — not reported on one side (PXD036717 now 32 °C)	fail — 20 against 150 µmol photons m-2 s-1, ratio 7.50, beyond ±25%	undecidable — continuous-versus-diel not reported on one side (PXD036717 now continuous, fluorescent)	undecidable — not reported on one side (PXD036717 now 2% CO2)	pass — BG-11 both sides, standard nitrogen, no organic carbon named	undecidable — planktonic liquid both sides; PXD036717 kept exponential at OD750 0.3 by daily dilution with no OD at labeling, so OD overlap cannot be read; other side: growth phase not reported	not comparable	light_intensity	1 of 6	"package B data row 69, artifact PXD019731 — temperature: (no citation; value is not reported (30°C is stated only for th) ;; light_intensity: [PRIDE PXD019731 sampleProcessingProtocol; quote: ""transferred to under 20 µmol photons m-2 s-1 (LL, low light) for 5 days.""] ;; light_regime: (no citation; value is not reported (spectrum/continuity not ex) ;; co2: [checked: PRIDE PXD019731; PMID 34108457; PMC8190092; doi:10.1038/s41467-021-23680-1 (the paper cites PXD019731)] ;; medium: [PRIDE PXD019731 sampleProcessingProtocol; quote: ""OD750 of the HL culture was adjusted to 0.6 with fresh BG11 and transferred to under 20 µmol photons m-2 s-1 (LL, low light) for 5 days.""] ;; culture_format: [PRIDE PXD019731 sampleProcessingProtocol; quote: ""Experimental cultures were grown in a photobioreactor Multi‐Cultivator MC 1000 (Photon Systems Instruments, Brno, Czech Republic). Parallel 80-ml cultures were started from pre-experimental cultures""] ;; growth_phase: [PRIDE PXD019731 sampleProcessingProtocol; quote: ""cells were harvested after 14 days of growth under both GL and HL conditions along with five consecutive days after transferring cells from HL to LL conditions.""]"	"package B addendum row 15 (cyano_package_BC_addendum_20261006.tsv), artifact PXD036717 — every axis: [paper PMID 37925065 (santosmerino2024_main), Materials and methods 2.1; quote: ""grown in BG11 medium supplemented with 1 g L− 1 HEPES to a final pH of 8.3 with NaOH. Flasks were cultured in a Multitron incubator (Infors HT) at 32 ◦ C supplemented with 2% CO2 with ~150 μmol photons m− 2 s− 1 of continuous light provided by Sylvania 15 W Gro-Lux fluorescent bulbs and shaken at 150 rpm. Cultures were back-diluted daily to an OD750 of 0.3""]"	142	undecidable
proteomics	PXD023591 (PCC 7942; proteomics (LC-MS/MS))	PXD036717 (PCC 7942; proteomics (LC-MS/MS))	row 70 [All samples (growth conditions not described in available metadata)] temperature=not retrieved ;; light_intensity=not retrieved ;; light_regime=not retrieved ;; co2=not retrieved ;; medium=not retrieved ;; culture_format=not retrieved ;; growth_phase=not retrieved	row 75 [APEX2 proximity-labeling cultures (CscB-SPS and Protein-APEX2 samples)] temperature=32 °C ;; light_intensity=~150 µmol photons m-2 s-1 ;; light_regime=continuous light; Sylvania 15 W Gro-Lux fluorescent bulbs ;; co2=2% CO2 ;; medium=BG11 with 1 g/L HEPES, pH 8.3 ;; culture_format=shaken flasks (150 rpm), Multitron incubator; labeling 30 min in six-well plates under the growing conditions ;; growth_phase=exponential, kept at OD750 0.3 by daily dilution; OD at labeling not stated	undecidable — not reported on one side (PXD036717 now 32 °C)	undecidable — not reported on one side (PXD036717 now ~150 µmol photons m-2 s-1)	undecidable — continuous-versus-diel not reported on one side (PXD036717 now continuous, fluorescent)	undecidable — not reported on one side (PXD036717 now 2% CO2)	undecidable — not reported on one or both sides	undecidable — culture format not reported on one side	undecidable	temperature; light_intensity; light_regime; co2; medium; culture_format_and_phase	0 of 6	package B data row 70, artifact PXD023591 — temperature: [no linked publication found in the archive record or by Europe PMC accession/title search, so the deposit record is the only source; absence in the archive record is NOT evidence the study does not report it] ;; light_intensity: [no linked publication found in the archive record or by Europe PMC accession/title search, so the deposit record is the only source; absence in the archive record is NOT evidence the study does not report it] ;; light_regime: [no linked publication found in the archive record or by Europe PMC accession/title search, so the deposit record is the only source; absence in the archive record is NOT evidence the study does not report it] ;; co2: [no linked publication found in the archive record or by Europe PMC accession/title search, so the deposit record is the only source; absence in the archive record is NOT evidence the study does not report it] ;; medium: [no linked publication found in the archive record or by Europe PMC accession/title search, so the deposit record is the only source; absence in the archive record is NOT evidence the study does not report it] ;; culture_format: [no linked publication found in the archive record or by Europe PMC accession/title search, so the deposit record is the only source; absence in the archive record is NOT evidence the study does not report it] ;; growth_phase: [no linked publication found in the archive record or by Europe PMC accession/title search, so the deposit record is the only source; absence in the archive record is NOT evidence the study does not report it]	"package B addendum row 15 (cyano_package_BC_addendum_20261006.tsv), artifact PXD036717 — every axis: [paper PMID 37925065 (santosmerino2024_main), Materials and methods 2.1; quote: ""grown in BG11 medium supplemented with 1 g L− 1 HEPES to a final pH of 8.3 with NaOH. Flasks were cultured in a Multitron incubator (Infors HT) at 32 ◦ C supplemented with 2% CO2 with ~150 μmol photons m− 2 s− 1 of continuous light provided by Sylvania 15 W Gro-Lux fluorescent bulbs and shaken at 150 rpm. Cultures were back-diluted daily to an OD750 of 0.3""]"	150	undecidable
proteomics	PXD027430 (PCC 7942; proteomics (LC-MS/MS))	PXD036717 (PCC 7942; proteomics (LC-MS/MS))	row 71 [not reported] temperature=not retrieved ;; light_intensity=not retrieved ;; light_regime=not retrieved ;; co2=not retrieved ;; medium=not retrieved ;; culture_format=not retrieved ;; growth_phase=not retrieved	row 75 [APEX2 proximity-labeling cultures (CscB-SPS and Protein-APEX2 samples)] temperature=32 °C ;; light_intensity=~150 µmol photons m-2 s-1 ;; light_regime=continuous light; Sylvania 15 W Gro-Lux fluorescent bulbs ;; co2=2% CO2 ;; medium=BG11 with 1 g/L HEPES, pH 8.3 ;; culture_format=shaken flasks (150 rpm), Multitron incubator; labeling 30 min in six-well plates under the growing conditions ;; growth_phase=exponential, kept at OD750 0.3 by daily dilution; OD at labeling not stated	undecidable — not reported on one side (PXD036717 now 32 °C)	undecidable — not reported on one side (PXD036717 now ~150 µmol photons m-2 s-1)	undecidable — continuous-versus-diel not reported on one side (PXD036717 now continuous, fluorescent)	undecidable — not reported on one side (PXD036717 now 2% CO2)	undecidable — not reported on one or both sides	undecidable — culture format not reported on one side	undecidable	temperature; light_intensity; light_regime; co2; medium; culture_format_and_phase	0 of 6	package B data row 71, artifact PXD027430 — temperature: [full text not retrievable in this session: PMC9157067 sits outside the Europe PMC open-access subset (fullTextXML HTTP 500), NCBI efetch returns front matter only, and the PMC PDF endpoint answers with a proof-of-work challenge which was not solved; source-side restriction, not a sandbox block; absence in the archive record is NOT evidence the study does not report it] ;; light_intensity: [full text not retrievable in this session: PMC9157067 sits outside the Europe PMC open-access subset (fullTextXML HTTP 500), NCBI efetch returns front matter only, and the PMC PDF endpoint answers with a proof-of-work challenge which was not solved; source-side restriction, not a sandbox block; absence in the archive record is NOT evidence the study does not report it] ;; light_regime: [full text not retrievable in this session: PMC9157067 sits outside the Europe PMC open-access subset (fullTextXML HTTP 500), NCBI efetch returns front matter only, and the PMC PDF endpoint answers with a proof-of-work challenge which was not solved; source-side restriction, not a sandbox block; absence in the archive record is NOT evidence the study does not report it] ;; co2: [full text not retrievable in this session: PMC9157067 sits outside the Europe PMC open-access subset (fullTextXML HTTP 500), NCBI efetch returns front matter only, and the PMC PDF endpoint answers with a proof-of-work challenge which was not solved; source-side restriction, not a sandbox block; absence in the archive record is NOT evidence the study does not report it] ;; medium: [full text not retrievable in this session: PMC9157067 sits outside the Europe PMC open-access subset (fullTextXML HTTP 500), NCBI efetch returns front matter only, and the PMC PDF endpoint answers with a proof-of-work challenge which was not solved; source-side restriction, not a sandbox block; absence in the archive record is NOT evidence the study does not report it] ;; culture_format: [full text not retrievable in this session: PMC9157067 sits outside the Europe PMC open-access subset (fullTextXML HTTP 500), NCBI efetch returns front matter only, and the PMC PDF endpoint answers with a proof-of-work challenge which was not solved; source-side restriction, not a sandbox block; absence in the archive record is NOT evidence the study does not report it] ;; growth_phase: [full text not retrievable in this session: PMC9157067 sits outside the Europe PMC open-access subset (fullTextXML HTTP 500), NCBI efetch returns front matter only, and the PMC PDF endpoint answers with a proof-of-work challenge which was not solved; source-side restriction, not a sandbox block; absence in the archive record is NOT evidence the study does not report it]	"package B addendum row 15 (cyano_package_BC_addendum_20261006.tsv), artifact PXD036717 — every axis: [paper PMID 37925065 (santosmerino2024_main), Materials and methods 2.1; quote: ""grown in BG11 medium supplemented with 1 g L− 1 HEPES to a final pH of 8.3 with NaOH. Flasks were cultured in a Multitron incubator (Infors HT) at 32 ◦ C supplemented with 2% CO2 with ~150 μmol photons m− 2 s− 1 of continuous light provided by Sylvania 15 W Gro-Lux fluorescent bulbs and shaken at 150 rpm. Cultures were back-diluted daily to an OD750 of 0.3""]"	157	undecidable
proteomics	PXD030282 (PCC 7942; proteomics (LC-MS/MS))	PXD036717 (PCC 7942; proteomics (LC-MS/MS))	row 72 [Standard growth/cultivation condition (L1118 and engineered strains, flask/Roux bottle stage)] temperature=30°C ;; light_intensity=75 μmol photons m-2 s-1 (flask stage), 100 μmol photons m-2 s-1 (Roux bottle stage) ;; light_regime=spectrum not reported; continuity/photoperiod not reported ;; co2=5% CO2 bubbling at 50 mL/min ;; medium=BG11 medium supplemented with 10 mM TES, pH 8.2 ;; culture_format=250 mL flasks, then 1-L Roux bottle ;; growth_phase=not reported (OD not specified for this condition set; see separate sets for log/stationary comparison)	row 75 [APEX2 proximity-labeling cultures (CscB-SPS and Protein-APEX2 samples)] temperature=32 °C ;; light_intensity=~150 µmol photons m-2 s-1 ;; light_regime=continuous light; Sylvania 15 W Gro-Lux fluorescent bulbs ;; co2=2% CO2 ;; medium=BG11 with 1 g/L HEPES, pH 8.3 ;; culture_format=shaken flasks (150 rpm), Multitron incubator; labeling 30 min in six-well plates under the growing conditions ;; growth_phase=exponential, kept at OD750 0.3 by daily dilution; OD at labeling not stated	pass — 30 °C against 32 °C, gap 2 °C, both standard regime	fail — 100 against 150 µmol photons m-2 s-1, ratio 1.50, beyond ±25% (Roux-bottle stage, 100; flask stage 75)	undecidable — continuous-versus-diel not reported on one side (PXD036717 now continuous, fluorescent)	fail — 5% against 2%, factor 2.5, beyond a factor of two	pass — BG-11 both sides, standard nitrogen, no organic carbon named	undecidable — planktonic liquid both sides; PXD036717 kept exponential at OD750 0.3 by daily dilution with no OD at labeling, so OD overlap cannot be read; other side: growth phase not reported	not comparable	light_intensity; co2	2 of 6	"package B data row 72, artifact PXD030282 — temperature: [paper PMC10521692, Methods 2.2; quote: ""The strains were first cultured in 250 mL flasks with illumination of 75 μ mol photons m -2 s -1 with the addition of appropriate antibiotics and then transferred into a 1-L Roux bottle with 5% CO 2 bubbling at a speed of 50 mL/min and 100 μ mol photons m -2 s -1 .""] ;; light_intensity: [paper PMC10521692, Methods 2.2; quote: ""The strains were first cultured in 250 mL flasks with illumination of 75 μ mol photons m -2 s -1 with the addition of appropriate antibiotics and then transferred into a 1-L Roux bottle with 5% CO 2 bubbling at a speed of 50 mL/min and 100 μ mol photons m -2 s -1 .""] ;; light_regime: [not reported] ;; co2: [paper PMC10521692, Methods 2.2; quote: ""transferred into a 1-L Roux bottle with 5% CO 2 bubbling at a speed of 50 mL/min and 100 μ mol photons m -2 s -1 .""] ;; medium: [paper PMC10521692, Methods 2.2; quote: ""were grown in BG11 medium (Sigma, Chicago, IL) supplied with 10 mM N-[Tris(hydroxymethyl)methyl]-2-aminoethanesulfonic acid (TES, pH = 8.2 ) at 30°C.""] ;; culture_format: [paper PMC10521692, Methods 2.2; quote: ""The strains were first cultured in 250 mL flasks with illumination of 75 μ mol photons m -2 s -1 with the addition of appropriate antibiotics and then transferred into a 1-L Roux bottle with 5% CO 2 bubbling at a speed of 50 mL/min and 100 μ mol photons m -2 s -1 .""] ;; growth_phase: [not reported]"	"package B addendum row 15 (cyano_package_BC_addendum_20261006.tsv), artifact PXD036717 — every axis: [paper PMID 37925065 (santosmerino2024_main), Materials and methods 2.1; quote: ""grown in BG11 medium supplemented with 1 g L− 1 HEPES to a final pH of 8.3 with NaOH. Flasks were cultured in a Multitron incubator (Infors HT) at 32 ◦ C supplemented with 2% CO2 with ~150 μmol photons m− 2 s− 1 of continuous light provided by Sylvania 15 W Gro-Lux fluorescent bulbs and shaken at 150 rpm. Cultures were back-diluted daily to an OD750 of 0.3""]"	161	undecidable
proteomics	PXD030282 (PCC 7942; proteomics (LC-MS/MS))	PXD036717 (PCC 7942; proteomics (LC-MS/MS))	row 73 [High vs low limonene production phase comparison in L1118 (log vs stationary phase)] temperature=not reported for this specific comparison (general cultivation at 30°C, see other set) ;; light_intensity=not reported for this specific comparison ;; light_regime=not reported for this specific comparison ;; co2=not reported for this specific comparison ;; medium=not reported for this specific comparison ;; culture_format=not reported for this specific comparison ;; growth_phase=log phase vs stationary phase; day 7 described as late growth stage; OD not given	row 75 [APEX2 proximity-labeling cultures (CscB-SPS and Protein-APEX2 samples)] temperature=32 °C ;; light_intensity=~150 µmol photons m-2 s-1 ;; light_regime=continuous light; Sylvania 15 W Gro-Lux fluorescent bulbs ;; co2=2% CO2 ;; medium=BG11 with 1 g/L HEPES, pH 8.3 ;; culture_format=shaken flasks (150 rpm), Multitron incubator; labeling 30 min in six-well plates under the growing conditions ;; growth_phase=exponential, kept at OD750 0.3 by daily dilution; OD at labeling not stated	undecidable — not reported on one side (PXD036717 now 32 °C)	undecidable — not reported on one side (PXD036717 now ~150 µmol photons m-2 s-1)	undecidable — continuous-versus-diel not reported on one side (PXD036717 now continuous, fluorescent)	undecidable — not reported on one side (PXD036717 now 2% CO2)	undecidable — not reported on one or both sides	undecidable — culture format not reported on one side	undecidable	temperature; light_intensity; light_regime; co2; medium; culture_format_and_phase	0 of 6	"package B data row 73, artifact PXD030282 — temperature: [not reported] ;; light_intensity: [not reported] ;; light_regime: [not reported] ;; co2: [not reported] ;; medium: [not reported] ;; culture_format: [not reported] ;; growth_phase: [paper PMC10521692, Discussion section; quote: ""primary metabolism, including biosynthesis of amino acids, fatty acids, and carbohydrates, was upregulated at the late growth stage (day 7) when limonene production was decreased.""]"	"package B addendum row 15 (cyano_package_BC_addendum_20261006.tsv), artifact PXD036717 — every axis: [paper PMID 37925065 (santosmerino2024_main), Materials and methods 2.1; quote: ""grown in BG11 medium supplemented with 1 g L− 1 HEPES to a final pH of 8.3 with NaOH. Flasks were cultured in a Multitron incubator (Infors HT) at 32 ◦ C supplemented with 2% CO2 with ~150 μmol photons m− 2 s− 1 of continuous light provided by Sylvania 15 W Gro-Lux fluorescent bulbs and shaken at 150 rpm. Cultures were back-diluted daily to an OD750 of 0.3""]"	165	undecidable
proteomics	PXD030282 (PCC 7942; proteomics (LC-MS/MS))	PXD036717 (PCC 7942; proteomics (LC-MS/MS))	row 74 [L1118 vs sucrose mutant Lsps comparative proteomics] temperature=30°C (standard cultivation, as described for strains including newly engineered strains) ;; light_intensity=75 μmol photons m-2 s-1 (flask stage), 100 μmol photons m-2 s-1 (Roux bottle stage) ;; light_regime=spectrum not reported; continuity/photoperiod not reported ;; co2=5% CO2 bubbling at 50 mL/min ;; medium=BG11 medium supplemented with 10 mM TES, pH 8.2 ;; culture_format=250 mL flasks, then 1-L Roux bottle ;; growth_phase=not reported (specific OD/day of harvest for proteomics not stated in excerpts)	row 75 [APEX2 proximity-labeling cultures (CscB-SPS and Protein-APEX2 samples)] temperature=32 °C ;; light_intensity=~150 µmol photons m-2 s-1 ;; light_regime=continuous light; Sylvania 15 W Gro-Lux fluorescent bulbs ;; co2=2% CO2 ;; medium=BG11 with 1 g/L HEPES, pH 8.3 ;; culture_format=shaken flasks (150 rpm), Multitron incubator; labeling 30 min in six-well plates under the growing conditions ;; growth_phase=exponential, kept at OD750 0.3 by daily dilution; OD at labeling not stated	pass — 30 °C against 32 °C, gap 2 °C, both standard regime	fail — 100 against 150 µmol photons m-2 s-1, ratio 1.50, beyond ±25% (Roux-bottle stage, 100; flask stage 75)	undecidable — continuous-versus-diel not reported on one side (PXD036717 now continuous, fluorescent)	fail — 5% against 2%, factor 2.5, beyond a factor of two	pass — BG-11 both sides, standard nitrogen, no organic carbon named	undecidable — planktonic liquid both sides; PXD036717 kept exponential at OD750 0.3 by daily dilution with no OD at labeling, so OD overlap cannot be read; other side: growth phase not reported	not comparable	light_intensity; co2	2 of 6	"package B data row 74, artifact PXD030282 — temperature: [paper PMC10521692, Methods 2.2; quote: ""were grown in BG11 medium (Sigma, Chicago, IL) supplied with 10 mM N-[Tris(hydroxymethyl)methyl]-2-aminoethanesulfonic acid (TES, pH = 8.2 ) at 30°C.""] ;; light_intensity: [paper PMC10521692, Methods 2.2; quote: ""The strains were first cultured in 250 mL flasks with illumination of 75 μ mol photons m -2 s -1 with the addition of appropriate antibiotics and then transferred into a 1-L Roux bottle with 5% CO 2 bubbling at a speed of 50 mL/min and 100 μ mol photons m -2 s -1 .""] ;; light_regime: [not reported] ;; co2: [paper PMC10521692, Methods 2.2; quote: ""transferred into a 1-L Roux bottle with 5% CO 2 bubbling at a speed of 50 mL/min and 100 μ mol photons m -2 s -1 .""] ;; medium: [paper PMC10521692, Methods 2.2; quote: ""were grown in BG11 medium (Sigma, Chicago, IL) supplied with 10 mM N-[Tris(hydroxymethyl)methyl]-2-aminoethanesulfonic acid (TES, pH = 8.2 ) at 30°C.""] ;; culture_format: [paper PMC10521692, Methods 2.2; quote: ""The strains were first cultured in 250 mL flasks with illumination of 75 μ mol photons m -2 s -1 with the addition of appropriate antibiotics and then transferred into a 1-L Roux bottle with 5% CO 2 bubbling at a speed of 50 mL/min and 100 μ mol photons m -2 s -1 .""] ;; growth_phase: [not reported]"	"package B addendum row 15 (cyano_package_BC_addendum_20261006.tsv), artifact PXD036717 — every axis: [paper PMID 37925065 (santosmerino2024_main), Materials and methods 2.1; quote: ""grown in BG11 medium supplemented with 1 g L− 1 HEPES to a final pH of 8.3 with NaOH. Flasks were cultured in a Multitron incubator (Infors HT) at 32 ◦ C supplemented with 2% CO2 with ~150 μmol photons m− 2 s− 1 of continuous light provided by Sylvania 15 W Gro-Lux fluorescent bulbs and shaken at 150 rpm. Cultures were back-diluted daily to an OD750 of 0.3""]"	169	undecidable
proteomics	PXD036717 (PCC 7942; proteomics (LC-MS/MS))	PXD044412 (PCC 7942; proteomics (LC-MS/MS))	row 75 [APEX2 proximity-labeling cultures (CscB-SPS and Protein-APEX2 samples)] temperature=32 °C ;; light_intensity=~150 µmol photons m-2 s-1 ;; light_regime=continuous light; Sylvania 15 W Gro-Lux fluorescent bulbs ;; co2=2% CO2 ;; medium=BG11 with 1 g/L HEPES, pH 8.3 ;; culture_format=shaken flasks (150 rpm), Multitron incubator; labeling 30 min in six-well plates under the growing conditions ;; growth_phase=exponential, kept at OD750 0.3 by daily dilution; OD at labeling not stated	row 76 [Cyanobacterial photoautotrophic growth (BG-11, 1% CO2, ~70 µmol light)] temperature=not reported ;; light_intensity=~70 µmol/s·m2 ;; light_regime=spectrum: not reported; continuous vs diel: not reported; photoperiod: not reported ;; co2=1% CO2 ;; medium=BG-11 media ;; culture_format=500 mL flasks containing 100 mL liquid ;; growth_phase=OD730 ~1.0	undecidable — not reported on one side (PXD036717 now 32 °C)	fail — 70 against 150 µmol photons m-2 s-1, ratio 2.14, beyond ±25%	undecidable — continuous-versus-diel not reported on one side (PXD036717 now continuous, fluorescent)	pass — 1% against 2%, both elevated, factor 2	pass — BG-11 both sides, standard nitrogen, no organic carbon named	undecidable — planktonic liquid both sides; PXD036717 kept exponential at OD750 0.3 by daily dilution with no OD at labeling, so OD overlap cannot be read; other side: OD730 ~1.0	not comparable	light_intensity	2 of 6	"package B addendum row 15 (cyano_package_BC_addendum_20261006.tsv), artifact PXD036717 — every axis: [paper PMID 37925065 (santosmerino2024_main), Materials and methods 2.1; quote: ""grown in BG11 medium supplemented with 1 g L− 1 HEPES to a final pH of 8.3 with NaOH. Flasks were cultured in a Multitron incubator (Infors HT) at 32 ◦ C supplemented with 2% CO2 with ~150 μmol photons m− 2 s− 1 of continuous light provided by Sylvania 15 W Gro-Lux fluorescent bulbs and shaken at 150 rpm. Cultures were back-diluted daily to an OD750 of 0.3""]"	"package B data row 76, artifact PXD044412 — temperature: [checked: PRIDE PXD044412; PMID 37723200; PMC10507043; doi:10.1038/s42003-023-05318-8] ;; light_intensity: [paper PMC10507043, Methods (Cultivations and harvest); quote: ""were grown in BG-11 media at 1% CO 2 and a light intensity of ~70 µmol/s·m 2 in 500 mL flasks containing 100 mL liquid until an OD 730 of ~1.0.""] ;; light_regime: (no citation; value is spectrum: not reported; continuous vs di) ;; co2: [paper PMC10507043, Methods (Cultivations and harvest); quote: ""were grown in BG-11 media at 1% CO 2 and a light intensity of ~70 µmol/s·m 2 in 500 mL flasks containing 100 mL liquid until an OD 730 of ~1.0.""] ;; medium: [paper PMC10507043, Methods (Cultivations and harvest); quote: ""were grown in BG-11 media at 1% CO 2 and a light intensity of ~70 µmol/s·m 2 in 500 mL flasks containing 100 mL liquid until an OD 730 of ~1.0.""] ;; culture_format: [paper PMC10507043, Methods (Cultivations and harvest); quote: ""were grown in BG-11 media at 1% CO 2 and a light intensity of ~70 µmol/s·m 2 in 500 mL flasks containing 100 mL liquid until an OD 730 of ~1.0.""] ;; growth_phase: [paper PMC10507043, Methods (Cultivations and harvest); quote: ""were grown in BG-11 media at 1% CO 2 and a light intensity of ~70 µmol/s·m 2 in 500 mL flasks containing 100 mL liquid until an OD 730 of ~1.0.""]"	173	undecidable
proteomics	PXD036717 (PCC 7942; proteomics (LC-MS/MS))	PXD062851 (PCC 7942; proteomics (LC-MS/MS))	row 75 [APEX2 proximity-labeling cultures (CscB-SPS and Protein-APEX2 samples)] temperature=32 °C ;; light_intensity=~150 µmol photons m-2 s-1 ;; light_regime=continuous light; Sylvania 15 W Gro-Lux fluorescent bulbs ;; co2=2% CO2 ;; medium=BG11 with 1 g/L HEPES, pH 8.3 ;; culture_format=shaken flasks (150 rpm), Multitron incubator; labeling 30 min in six-well plates under the growing conditions ;; growth_phase=exponential, kept at OD750 0.3 by daily dilution; OD at labeling not stated	row 77 [Liquid BG-11H culture, 30°C, 50 µmol photons m-2 s-1, 3% CO2 (both BB-SP3 and TFA-is endoproteome samples)] temperature=30 °C ;; light_intensity=50 μmol photons m-2 s-1 (continuous illumination, liquid culture) ;; light_regime=continuous illumination (not diel); spectrum/lamp type not reported; photoperiod: continuous, no dark period mentioned ;; co2=bubbled with 3% (v/v) CO2-supplemented air ;; medium=BG-11 medium supplemented with 5 mM HEPES pH 7.5 (BG-11H medium) ;; culture_format=liquid culture (vessel type not specified); main culture inoculated from washed preculture, harvested at OD750 equivalent of 2 (~300 µL cell culture) ;; growth_phase=main cultures inoculated at OD750 = 0.4, grown for 4 days, harvested at OD750 equivalent of 2	pass — 30 °C against 32 °C, gap 2 °C, both standard regime	fail — 50 against 150 µmol photons m-2 s-1, ratio 3.00, beyond ±25%	undecidable — both continuous; the other side names no lamp class (PXD036717: Gro-Lux fluorescent)	pass — 3% against 2%, both elevated, factor 1.5	pass — BG-11 both sides, standard nitrogen, no organic carbon named	undecidable — planktonic liquid both sides; PXD036717 kept exponential at OD750 0.3 by daily dilution with no OD at labeling, so OD overlap cannot be read; other side: harvested at OD750 equivalent of 2; phase not labelled	not comparable	light_intensity	3 of 6	"package B addendum row 15 (cyano_package_BC_addendum_20261006.tsv), artifact PXD036717 — every axis: [paper PMID 37925065 (santosmerino2024_main), Materials and methods 2.1; quote: ""grown in BG11 medium supplemented with 1 g L− 1 HEPES to a final pH of 8.3 with NaOH. Flasks were cultured in a Multitron incubator (Infors HT) at 32 ◦ C supplemented with 2% CO2 with ~150 μmol photons m− 2 s− 1 of continuous light provided by Sylvania 15 W Gro-Lux fluorescent bulbs and shaken at 150 rpm. Cultures were back-diluted daily to an OD750 of 0.3""]"	"package B data row 77, artifact PXD062851 — temperature: [paper PMC12415867, Methods; quote: ""Liquid cultures were grown in BG-11 H at 30 °C with continuous illumination of 50 μ mol photons m −2 s −1 and bubbled with 3% (v/v) CO 2 -supplemented air.""] ;; light_intensity: [paper PMC12415867, Methods; quote: ""Liquid cultures were grown in BG-11 H at 30 °C with continuous illumination of 50 μ mol photons m −2 s −1 and bubbled with 3% (v/v) CO 2 -supplemented air.""] ;; light_regime: [paper PMC12415867, Methods; quote: ""Liquid cultures were grown in BG-11 H at 30 °C with continuous illumination of 50 μ mol photons m −2 s −1 and bubbled with 3% (v/v) CO 2 -supplemented air.""] ;; co2: [paper PMC12415867, Methods; quote: ""Liquid cultures were grown in BG-11 H at 30 °C with continuous illumination of 50 μ mol photons m −2 s −1 and bubbled with 3% (v/v) CO 2 -supplemented air.""] ;; medium: [paper PMC12415867, Methods; quote: ""was maintained on BG-11 medium supplemented with 5 m m 4-(2-hydroxyethyl)-1-piperazineethanesulfonic acid (HEPES) pH 7.5 (BG-11 H medium)""] ;; culture_format: [paper PMC12415867, BB-SP3 workflow section; quote: ""Endoproteome fractions were collected by centrifuging an OD 750 equivalent of 2 (approximately 300 µ L cell culture) for 10 min at 10,000 × g .""] ;; growth_phase: [paper PMC12415867, Methods; quote: ""the main cultures were inoculated at an optical density at 750 nm (OD 750 ) = 0.4 and grown for 4 days.""]"	174	undecidable
proteomics	PXD036717 (PCC 7942; proteomics (LC-MS/MS))	PXD074299 (PCC 7942; proteomics (LC-MS/MS))	row 75 [APEX2 proximity-labeling cultures (CscB-SPS and Protein-APEX2 samples)] temperature=32 °C ;; light_intensity=~150 µmol photons m-2 s-1 ;; light_regime=continuous light; Sylvania 15 W Gro-Lux fluorescent bulbs ;; co2=2% CO2 ;; medium=BG11 with 1 g/L HEPES, pH 8.3 ;; culture_format=shaken flasks (150 rpm), Multitron incubator; labeling 30 min in six-well plates under the growing conditions ;; growth_phase=exponential, kept at OD750 0.3 by daily dilution; OD at labeling not stated	row 78 [Circadian free-run culture for MS protein-condensation fractionation (subjective dawn/dusk, supernatant+pellet, TMT, both replicates)] temperature=30°C ;; light_intensity=∼68 μmol photons m-2 s-1 ;; light_regime=Spectrum: cool white fluorescent (per general culture conditions, same Methods section). Regime for MS samples: one 12 hr:12 hr light-dark entrainment cycle followed by continuous light (LL, free-run), with samples harvested at 24 h (subjective dawn) and 36 h (subjective dusk) after transition to dark/entrainment. Photoperiod during entrainment: 12 h light : 12 h dark. ;; co2=not reported ;; medium=BG11 liquid medium with appropriate combinations of antibiotics ;; culture_format=250 mL Erlenmeyer flasks, shaking at 180 rpm, Percival incubator ;; growth_phase=not reported	pass — 30 °C against 32 °C, gap 2 °C, both standard regime	fail — 68 against 150 µmol photons m-2 s-1, ratio 2.21, beyond ±25%	pass — both continuous; both fluorescent lamps (cool white against Gro-Lux)	undecidable — not reported on one side (PXD036717 now 2% CO2)	pass — BG-11 both sides, standard nitrogen, no organic carbon named	undecidable — planktonic liquid both sides; PXD036717 kept exponential at OD750 0.3 by daily dilution with no OD at labeling, so OD overlap cannot be read; other side: growth phase not reported	not comparable	light_intensity	3 of 6	"package B addendum row 15 (cyano_package_BC_addendum_20261006.tsv), artifact PXD036717 — every axis: [paper PMID 37925065 (santosmerino2024_main), Materials and methods 2.1; quote: ""grown in BG11 medium supplemented with 1 g L− 1 HEPES to a final pH of 8.3 with NaOH. Flasks were cultured in a Multitron incubator (Infors HT) at 32 ◦ C supplemented with 2% CO2 with ~150 μmol photons m− 2 s− 1 of continuous light provided by Sylvania 15 W Gro-Lux fluorescent bulbs and shaken at 150 rpm. Cultures were back-diluted daily to an OD750 of 0.3""]"	"package B data row 78, artifact PXD074299 — temperature: [paper PMC13125920, Methods, Culture conditions; quote: ""at 30°C under continuous illumination (LL)""] ;; light_intensity: [paper PMC13125920, Methods, Culture conditions; quote: ""at ∼68 μmol photons m -2 s -1 ; cool white fluorescent light (Phillips, USA)""] ;; light_regime: [paper PMC13125920, Methods, Cell fractionation and sample preparation for mass spectrometry; quote: ""Cultures were exposed to one cycle of 12hr:12hr alternating light-dark, followed by continuous light.""] ;; co2: [checked: PRIDE PXD074299; PMID 42063545; PMC13125920; doi:10.1016/j.isci.2026.115605] ;; medium: [paper PMC13125920, Methods, Culture conditions; quote: ""grown in BG11 liquid medium with appropriate combinations of antibiotics""] ;; culture_format: [paper PMC13125920, Methods, Culture conditions; quote: ""with shaking at 180 rpm in 250 mL Erlenmeyer flasks""] ;; growth_phase: [checked: PRIDE PXD074299; PMID 42063545; PMC13125920; doi:10.1016/j.isci.2026.115605]"	175	undecidable
