file_id	dataset_id	url	filename_member	version	type	size_bytes	retrieval_date	sha256	retrieval_status	terms_quote	terms_location	access	processing_needed
F01	D14	https://raw.githubusercontent.com/SBRG/precise1k/4829b83ace51ee7980de6950077f1cf8f3746f88/data/precise1k/metadata_qc.csv	metadata_qc.csv	GitHub commit 4829b83ace51ee7980de6950077f1cf8f3746f88	metadata	621002	2026-10-07	a1358525a0431ac68b44f85f56169b7e8af4efb9186be6b43ba2cacb7b56e1cf	retrieved	Article licence (Europe PMC PMC10602906 <permissions>): 'This is an Open Access article distributed under the terms of the Creative Commons Attribution-NonCommercial License'; the repository file itself carries no per-file licence statement that was read this session; Zenodo record 8284223 metadata gives license id 'other-open'	Europe PMC fullTextXML PMC10602906 <permissions>; Zenodo API record 8284223 metadata.license	public, no account	none for metadata; the expression matrix (log_tpm_qc.csv) is a separate file not retrieved this session
F02	D01;D02	https://www.ebi.ac.uk/europepmc/webservices/rest/PMC5394689/supplementaryFiles?fileName=srep45303-s2.csv	supplement bundle ZIP (the fileName parameter was ignored; the endpoint returned the full bundle)	as deposited 2017	processed+metadata	23122877	2026-10-07	96578d1ca7d30ed7db2f25da39884070e61eed363967659723bbcd99d17c9993	retrieved	'This work is licensed under a Creative Commons Attribution 4.0 International License.'	Europe PMC fullTextXML PMC5394689 <permissions> block	public, no account	unzip; 14 CSV members
F03	D01;D02	member of F02	srep45303-s2.csv — Supplementary Dataset 1: per-sample condition table (171 rows; columns sampleNum, dataSet=MURI id, RNA_Data_Freq, Protein_Data_Freq, batchNumber, carbonSource, Mg_mM, Na_mM, growthPhase, growthTime_hr, uniqueCondition, doublingTimeMinutes)	as deposited 2017	processed	33095	2026-10-07	1486290bf6a340ae64ee20c915435c0a00ff5eede489de1f56b62733b66f8940	retrieved	inherits the article CC BY 4.0 statement quoted in F02; no separate per-file legend text accompanies the datasets in the XML (the <supplementary-material> captions read only 'Supplementary Dataset N')	Europe PMC fullTextXML PMC5394689 <supplementary-material> captions and <permissions>	public, no account	none to read; joining the two matrices needs the MURI column names (already aligned) and, for a b-number viewer, an REL606->MG1655 crosswalk
F04	D01;D02	member of F02	srep45303-s3.csv — Supplementary Dataset 2: replicate-level mRNA matrix, 4,196 ECB_ gene rows x 152 MURI culture columns	as deposited 2017	processed	11074929	2026-10-07	df3e28237ea8e03c68ec93c577be1b1032ccc2d1f60372f45a72a6107de94d95	retrieved	inherits the article CC BY 4.0 statement quoted in F02; no separate per-file legend text accompanies the datasets in the XML (the <supplementary-material> captions read only 'Supplementary Dataset N')	Europe PMC fullTextXML PMC5394689 <supplementary-material> captions and <permissions>	public, no account	none to read; joining the two matrices needs the MURI column names (already aligned) and, for a b-number viewer, an REL606->MG1655 crosswalk
F05	D01;D02	member of F02	srep45303-s4.csv — Supplementary Dataset 3: replicate-level protein matrix, 4,196 YP_ accession rows x 105 MURI culture columns	as deposited 2017	processed	7732680	2026-10-07	a391afb5784edebf2e44c52d622b868eaf7096258658f7473640090fb1429b11	retrieved	inherits the article CC BY 4.0 statement quoted in F02; no separate per-file legend text accompanies the datasets in the XML (the <supplementary-material> captions read only 'Supplementary Dataset N')	Europe PMC fullTextXML PMC5394689 <supplementary-material> captions and <permissions>	public, no account	none to read; joining the two matrices needs the MURI column names (already aligned) and, for a b-number viewer, an REL606->MG1655 crosswalk
F06	D03	https://ftp.ncbi.nlm.nih.gov/geo/series/GSE67nnn/GSE67402/suppl/GSE67402_counts.csv.gz	GSE67402_counts.csv.gz (gene_id x AG3C-NN sample columns, raw counts)	as deposited	processed	168809	2026-10-07	4d8e8e4bee7cf08dea4247f319403c1399af6c9e4069f40f65f54911b748a688	retrieved	No per-file licence field exists in GEO; NCBI data-use policy at ncbi.nlm.nih.gov/home/about/policies/ applies. Quoted terms: none at artifact level (checked: series record carries no licence field)	GEO series record GSE67402	public, no account	gunzip; sample columns are AG3C-NN ids that map to the MURI ids used by PXD002140
F07	D16	https://ftp.ncbi.nlm.nih.gov/geo/series/GSE205nnn/GSE205717/suppl/GSE205717_Processed_data_Table_S3.xlsx	GSE205717_Processed_data_Table_S3.xlsx	as deposited	processed	2270095	2026-10-07	9d7df03bbbcdf1f92e93027014e746da5bcf42bf4d6b4be9061dd1803f71cc20	retrieved (not inspected)	No per-file licence field exists in GEO; NCBI data-use policy at ncbi.nlm.nih.gov/home/about/policies/ applies. Quoted terms: none at artifact level (checked: series record carries no licence field)	GEO series record GSE205717	public, no account	sheet-level inspection not done this session
F08	D01	https://ftp.ncbi.nlm.nih.gov/geo/series/GSE94nnn/GSE94117/suppl/GSE94117_RAW.tar	GSE94117_RAW.tar — 304 members, per sample GSM*_MURI_NN_raw_rna_count.txt.gz and *_quality_control.txt.gz	current as listed on the retrieval date	raw/processed as named	2560000	2026-10-07		not retrieved (listed only)	No per-file licence field exists in GEO; NCBI data-use policy at ncbi.nlm.nih.gov/home/about/policies/ applies. Quoted terms: none at artifact level (checked: series record carries no licence field)	GEO series record	public, no account	untar; per-sample raw counts keyed by ECB_ locus tag
F09	D06;D07	https://ftp.ncbi.nlm.nih.gov/geo/series/GSE182nnn/GSE182100/suppl/GSE182100_RAW.tar	GSE182100_RAW.tar — 72 members, GSM*_<cond>-{RNA,Ribo}_gene_counts.txt.gz	current as listed on the retrieval date	raw/processed as named	9134080	2026-10-07		not retrieved (listed only)	No per-file licence field exists in GEO; NCBI data-use policy at ncbi.nlm.nih.gov/home/about/policies/ applies. Quoted terms: none at artifact level (checked: series record carries no licence field)	GEO series record	public, no account	untar; per-replicate gene counts for both layers, already on NC_000913.3
F10	D17	https://ftp.ncbi.nlm.nih.gov/geo/series/GSE119nnn/GSE119104/suppl/GSE119104_RAW.tar	GSE119104_RAW.tar — 20 WIG members	current as listed on the retrieval date	raw/processed as named	14428160	2026-10-07		not retrieved (listed only)	No per-file licence field exists in GEO; NCBI data-use policy at ncbi.nlm.nih.gov/home/about/policies/ applies. Quoted terms: none at artifact level (checked: series record carries no licence field)	GEO series record	public, no account	untar; WIG tracks need conversion to per-gene occupancy
F11	D08;D09	https://ftp.ncbi.nlm.nih.gov/geo/series/GSE53nnn/GSE53767/suppl/	GSE53767_{fp_min,fp_rdm,mrna-rdm}_pooled_{f,r}.wig.gz (6 files, 8.4-12 MB each)	current as listed on the retrieval date	raw/processed as named	0	2026-10-07		not retrieved (listed only)	No per-file licence field exists in GEO; NCBI data-use policy at ncbi.nlm.nih.gov/home/about/policies/ applies. Quoted terms: none at artifact level (checked: series record carries no licence field)	GEO series record	public, no account	WIG to per-gene counts; tracks are pooled across replicates, so replicate-level values cannot be recovered from them
F12	D02	https://www.ebi.ac.uk/pride/ws/archive/v3/projects/PXD005721/files	816 files: 15 RAW, 55 SEARCH (.MSGF.tsv, comet.pep.xml, tandemK.out), 30 OTHER per first page; file names carry MURI culture ids	current as listed on the retrieval date	raw/processed as named	0	2026-10-07		not retrieved (listed only)	PRIDE REST v3 'license' field: 'EBI terms of use'	/pride/ws/archive/v3/projects/<PXD> license field	public, no account	re-quantification from search output if the published matrix (F05) is not used
F13	D04	https://www.ebi.ac.uk/pride/ws/archive/v3/projects/PXD002140/files	107 files: .raw and .msf, names carry MURI ids	current as listed on the retrieval date	raw/processed as named	0	2026-10-07		not retrieved (listed only)	PRIDE REST v3 'license' field: 'EBI terms of use'	/pride/ws/archive/v3/projects/<PXD> license field	public, no account	full re-processing; no matrix deposited
F14	D10	https://www.ebi.ac.uk/pride/ws/archive/v3/projects/PXD000498/files	Thermo .raw files (listing paged at 100 in this session: 96 RAW, 1 PEAK, 2 RESULT, 1 OTHER)	current as listed on the retrieval date	raw/processed as named	0	2026-10-07		not retrieved (listed only)	PRIDE REST v3 'license' field: 'EBI terms of use'	/pride/ws/archive/v3/projects/<PXD> license field	public, no account	the usable matrix is the article supplement (F17), not the archive
F15	D11	https://www.ebi.ac.uk/pride/ws/archive/v3/projects/PXD014948/files	SCIEX .wiff/.wiff.scan plus Ecoli_PQP_library_formats.zip and Ecoli_DDA_search_results.zip	current as listed on the retrieval date	raw/processed as named	0	2026-10-07		not retrieved (listed only)	PRIDE REST v3 'license' field: 'Creative Commons Public Domain (CC0)'	/pride/ws/archive/v3/projects/<PXD> license field	public, no account	DIA re-extraction if the corrected EV tables (F16) are not used
F16	D11	https://www.embopress.org / Mol Syst Biol 2024 Author Correction (PMC11535196)	44320_2024_62_MOESM1_ESM.xlsx (EV6), MOESM2 (EV7), MOESM3 (EV8), MOESM4 (EV9), MOESM5 (EV11)	current as listed on the retrieval date	raw/processed as named	0	2026-10-07		not retrieved (listed only)	not retrieved this session	Europe PMC fullTextXML <permissions>	not established this session	use EV6 (unscaled inference methods) for cross-layer work; EV9 is scaled to Li 2014 Ribo-seq
F17	D10	PMC4888949 supplement	NIHMS65833-supplement-Supplementary_tables.xlsx, sheet 'Table S6'	current as listed on the retrieval date	raw/processed as named	17128596	2026-10-07		not retrieved (listed only)	Article licence (PMC4888949 <permissions>): 'Users may view, print, copy, and download text and data-mine the content in such documents, for the purposes of academic research, subject always to the full Conditions of use'	Europe PMC fullTextXML <permissions>	not established this session	read sheet Table S6 for copies per cell
F18	D13	PMC6544118 supplement	'Supplementary table S3 Protein abundances and properties used in this work.xlsx' inside Data_Sheet_1.zip	current as listed on the retrieval date	raw/processed as named	611597	2026-10-07		not retrieved (listed only)	not retrieved this session	Europe PMC fullTextXML <permissions>	not established this session	unzip, read sheet
F19	D14	https://zenodo.org/api/records/8284223	SBRG/precise1k-v1.0.zip (contains data/precise1k/log_tpm_qc.csv)	current as listed on the retrieval date	raw/processed as named	278428285	2026-10-07		not retrieved (listed only)	not retrieved this session	not retrieved	not established this session	download 278 MB archive, or fetch the two CSVs directly from the pinned GitHub commit
F20	D15	https://ftp.ncbi.nlm.nih.gov/geo/series/GSE122nnn/	GSE122211_all_tpm.csv.gz, GSE122295_all_tpm.csv.gz, GSE122296_merged_tpm.csv.gz	current as listed on the retrieval date	raw/processed as named	0	2026-10-07		not retrieved (listed only)	No per-file licence field exists in GEO; NCBI data-use policy at ncbi.nlm.nih.gov/home/about/policies/ applies. Quoted terms: none at artifact level (checked: series record carries no licence field)	GEO series record	public, no account	gunzip; TPM matrices with per-sample columns
F21	D05	https://doi.org/10.18738/T8/UG3TUR	Texas Data Repository Dataverse deposit: raw GC-MS flux data	current as listed on the retrieval date	raw/processed as named	0	2026-10-07		not retrieved (listed only)	not retrieved this session	not retrieved	not established this session	Dataverse host was not probed this session; allowlist status unknown
F22	D19	https://ftp.ncbi.nlm.nih.gov/geo/series/GSE233nnn/GSE233555/suppl/GSE233555_Ribo_Ec.csv.gz	GSE233555_Ribo_Ec.csv.gz	current as listed on the retrieval date	raw/processed as named	0	2026-10-07		not retrieved (listed only)	No per-file licence field exists in GEO; NCBI data-use policy at ncbi.nlm.nih.gov/home/about/policies/ applies. Quoted terms: none at artifact level (checked: series record carries no licence field)	GEO series record	public, no account	gunzip
F23	D01;D02	https://www.ebi.ac.uk/europepmc/webservices/rest/PMC5394689/fullTextXML	Europe PMC fullTextXML PMC5394689 (Caglar 2017)	live record as served on the retrieval date	metadata (quotation source)	140026	2026-10-07	d2578263882d90912bb5e7572bcada9702c79469bb3ac2750ad4db4d85b208ed	retrieved	not a data artifact; terms as recorded for the parent deposit	see the parent dataset row	public, no account	quotation source: Methods>Cell Growth same-batch-of-flasks and three-biological-replicates sentences; Methods>Statistical analysis and data availability accession sentence
F24	D03;D04	https://www.ebi.ac.uk/europepmc/webservices/rest/PMC4537216/fullTextXML	Europe PMC fullTextXML PMC4537216 (Houser 2015)	live record as served on the retrieval date	metadata (quotation source)	186046	2026-10-07	3626090d8c0f4ca8f9258ce47dfdd4104b3b2256c9a69b83552d0bdcfa6ab018	retrieved	not a data artifact; terms as recorded for the parent deposit	see the parent dataset row	public, no account	quotation source: Results replicate-on-separate-days sentence; Methods>Data availability accession sentence
F25	D06;D07	https://www.ebi.ac.uk/europepmc/webservices/rest/PMC9624429/fullTextXML	Europe PMC fullTextXML PMC9624429 (Zhang 2022)	live record as served on the retrieval date	metadata (quotation source)	244916	2026-10-07	d16a34de69e8a2be14ba5820b803e6840694b34e4ca4efe7110e3d1021bb2ba3	retrieved	not a data artifact; terms as recorded for the parent deposit	see the parent dataset row	public, no account	quotation source: Results three-biological-replicates sentence; Methods growth and ribosome-profiling protocol
F26	D10	https://www.ebi.ac.uk/europepmc/webservices/rest/PMC4888949/fullTextXML	Europe PMC fullTextXML PMC4888949 (Schmidt 2016)	live record as served on the retrieval date	metadata (quotation source)	137235	2026-10-07	1e6ba597bcc45356d2e000b4a2483b4a25983e95e991ddb87ce399a6017f0297	retrieved	not a data artifact; terms as recorded for the parent deposit	see the parent dataset row	public, no account	quotation source: Results>Experimental design 22-conditions-in-biological-triplicates sentence; licence permissions block
F27	D08;D09	https://www.ncbi.nlm.nih.gov/geo/query/acc.cgi?acc=GSE53767&targ=all&form=text&view=brief	GEO SOFT brief record GSE53767 (acc.cgi targ=all form=text view=brief)	live record as served on the retrieval date	metadata (quotation source)	102985	2026-10-07	a4ba769d910ca46f1c4ea09f156f37df53a7616177c0ffb627d16eb6042ba491	retrieved	not a data artifact; terms as recorded for the parent deposit	see the parent dataset row	public, no account	quotation source: Series_overall_design '4 samples ... including biological replicates'
F28	D06;D07	https://www.ncbi.nlm.nih.gov/geo/query/acc.cgi?acc=GSE182100&targ=all&form=text&view=brief	GEO SOFT brief record GSE182100	live record as served on the retrieval date	metadata (quotation source)	392118	2026-10-07	4b4093e93c1fb2119231a6be07ee79df7a791dc96044633457b99d98d3dba3f7	retrieved	not a data artifact; terms as recorded for the parent deposit	see the parent dataset row	public, no account	sample-level characteristics used for the 12 x 2 x 3 replicate count
F29	D01	https://www.ncbi.nlm.nih.gov/geo/query/acc.cgi?acc=GSE94117&targ=all&form=text&view=brief	GEO SOFT brief record GSE94117	live record as served on the retrieval date	metadata (quotation source)	456460	2026-10-07	444fe3e3d0338a8a44687e5e6a1283225e497f2fba7742458f272862fb7d5ead	retrieved	not a data artifact; terms as recorded for the parent deposit	see the parent dataset row	public, no account	sample-level characteristics and MURI titles used for the culture-id intersection
F30	D02	https://www.ebi.ac.uk/pride/ws/archive/v3/projects/PXD005721	PRIDE REST v3 project record PXD005721	live record as served on the retrieval date	metadata (quotation source)	3987	2026-10-07	4de05f18c644950ed6bde9394e6209addb3b9080dd092b870c44d3c0f0a8b634	retrieved	not a data artifact; terms as recorded for the parent deposit	see the parent dataset row	public, no account	licence field 'EBI terms of use'
F31	D11	https://www.ebi.ac.uk/pride/ws/archive/v3/projects/PXD014948	PRIDE REST v3 project record PXD014948	live record as served on the retrieval date	metadata (quotation source)	8665	2026-10-07	9893f3517e0e218f5424101ddf24b4947d32c31fdd3ecaf15baaef5fc960c58f	retrieved	not a data artifact; terms as recorded for the parent deposit	see the parent dataset row	public, no account	licence field 'Creative Commons Public Domain (CC0)'
