request_key	role	service	http_method	endpoint	parameters_decoded	request_url	pagination	hit_count_basis	identifier_scheme	first_retrieved_utc	first_http_status	first_hit_count	first_returned	first_bytes	first_sha256	reissue_retrieved_utc	reissue_http_status	reissue_hit_count	reissue_returned	reissue_bytes	reissue_sha256	hit_count_changed	body_comparison	identifiers_only_in_first	identifiers_only_in_reissue	reissue_identifiers	note
cx_epmc_tnseq_mg1655	counter-example query	Europe PMC RESTful search	GET	https://www.ebi.ac.uk/europepmc/webservices/rest/search	resultType=core & pageSize=200 & format=json & query=(TITLE:"MG1655" OR ABSTRACT:"MG1655") AND (ABSTRACT:"Tn-seq" OR ABSTRACT:"TnSeq" OR ABSTRACT:"TraDIS" OR ABSTRACT:"transposon sequencing" OR ABSTRACT:"transposon insertion sequencing" OR ABSTRACT:"transposon-directed insertion" OR ABSTRACT:"RB-TnSeq" OR ABSTRACT:"INSeq")	https://www.ebi.ac.uk/europepmc/webservices/rest/search?resultType=core&pageSize=200&format=json&query=%28TITLE%3A%22MG1655%22%20OR%20ABSTRACT%3A%22MG1655%22%29%20AND%20%28ABSTRACT%3A%22Tn-seq%22%20OR%20ABSTRACT%3A%22TnSeq%22%20OR%20ABSTRACT%3A%22TraDIS%22%20OR%20ABSTRACT%3A%22transposon%20sequencing%22%20OR%20ABSTRACT%3A%22transposon%20insertion%20sequencing%22%20OR%20ABSTRACT%3A%22transposon-directed%20insertion%22%20OR%20ABSTRACT%3A%22RB-TnSeq%22%20OR%20ABSTRACT%3A%22INSeq%22%29	one request; no cursorMark sent; pageSize 200 is not less than the hit count, so the page is the whole result	response field hitCount	Europe PMC source:id (MED is a PubMed PMID, PPR a preprint record, ETH a thesis record)	2026-10-05T18:15:24Z	200	8	8	69003	6d8cd54349489ebd9fe233a035d91cf284e945af28bbc48656773bb544927703	2026-10-05T19:10:07Z	200	8	8	69003	05310266c1c570f8346c0d876898218b0c85e3db4c49a1080304badd25e33298	no	bytes differ; parsed JSON equal (object keys serialised in a different order)	none	none	MED:38940570;PPR:PPR1077458;MED:42523113;MED:38378700;MED:37370312;MED:36507678;MED:35111142;MED:30846555	none
cx_epmc_tnseq_ecoli_essential	counter-example query	Europe PMC RESTful search	GET	https://www.ebi.ac.uk/europepmc/webservices/rest/search	resultType=core & pageSize=200 & format=json & query=(TITLE:"Escherichia coli" OR ABSTRACT:"Escherichia coli K-12") AND (ABSTRACT:"essential genes" OR ABSTRACT:"gene essentiality") AND (ABSTRACT:"Tn-seq" OR ABSTRACT:"TraDIS" OR ABSTRACT:"transposon sequencing" OR ABSTRACT:"transposon insertion sequencing" OR ABSTRACT:"transposon mutagenesis")	https://www.ebi.ac.uk/europepmc/webservices/rest/search?resultType=core&pageSize=200&format=json&query=%28TITLE%3A%22Escherichia%20coli%22%20OR%20ABSTRACT%3A%22Escherichia%20coli%20K-12%22%29%20AND%20%28ABSTRACT%3A%22essential%20genes%22%20OR%20ABSTRACT%3A%22gene%20essentiality%22%29%20AND%20%28ABSTRACT%3A%22Tn-seq%22%20OR%20ABSTRACT%3A%22TraDIS%22%20OR%20ABSTRACT%3A%22transposon%20sequencing%22%20OR%20ABSTRACT%3A%22transposon%20insertion%20sequencing%22%20OR%20ABSTRACT%3A%22transposon%20mutagenesis%22%29	one request; no cursorMark sent; pageSize 200 is not less than the hit count, so the page is the whole result	response field hitCount	Europe PMC source:id (MED is a PubMed PMID, PPR a preprint record, ETH a thesis record)	2026-10-05T18:15:27Z	200	17	17	110015	7ba0e136c72a0936ca5be4ae3461e789e455583c8cb3e93c1d0b724187251cc0	2026-10-05T19:10:09Z	200	17	17	110015	7ba0e136c72a0936ca5be4ae3461e789e455583c8cb3e93c1d0b724187251cc0	no	byte-identical	none	none	PPR:PPR1242058;MED:41979344;MED:36507678;PPR:PPR1095447;MED:38940570;PPR:PPR1077458;MED:34928200;MED:36167007;PPR:PPR15811;ETH:715542;MED:29463657;MED:32756955;MED:28994778;PPR:PPR419374;PPR:PPR107102;MED:31501251;MED:24098145	none
cx_epmc_crispri_mg1655	counter-example query	Europe PMC RESTful search	GET	https://www.ebi.ac.uk/europepmc/webservices/rest/search	resultType=core & pageSize=200 & format=json & query=(TITLE:"MG1655" OR ABSTRACT:"MG1655" OR ABSTRACT:"Escherichia coli K-12") AND (ABSTRACT:"CRISPRi" OR ABSTRACT:"CRISPR interference") AND (ABSTRACT:"genome-wide" OR ABSTRACT:"genome-scale" OR ABSTRACT:"pooled" OR ABSTRACT:"library")	https://www.ebi.ac.uk/europepmc/webservices/rest/search?resultType=core&pageSize=200&format=json&query=%28TITLE%3A%22MG1655%22%20OR%20ABSTRACT%3A%22MG1655%22%20OR%20ABSTRACT%3A%22Escherichia%20coli%20K-12%22%29%20AND%20%28ABSTRACT%3A%22CRISPRi%22%20OR%20ABSTRACT%3A%22CRISPR%20interference%22%29%20AND%20%28ABSTRACT%3A%22genome-wide%22%20OR%20ABSTRACT%3A%22genome-scale%22%20OR%20ABSTRACT%3A%22pooled%22%20OR%20ABSTRACT%3A%22library%22%29	one request; no cursorMark sent; pageSize 200 is not less than the hit count, so the page is the whole result	response field hitCount	Europe PMC source:id (MED is a PubMed PMID, PPR a preprint record, ETH a thesis record)	2026-10-05T18:15:29Z	200	5	5	29064	bdedc7e9a5917f1f3867a34ae1d0281cd4ac305f4338e273e211bedb5b473310	2026-10-05T19:10:11Z	200	5	5	29064	bdedc7e9a5917f1f3867a34ae1d0281cd4ac305f4338e273e211bedb5b473310	no	byte-identical	none	none	MED:41850580;PPR:PPR814041;PPR:PPR116170;MED:32352514;MED:33221881	none
cx_epmc_crispri_ecoli_essential	counter-example query	Europe PMC RESTful search	GET	https://www.ebi.ac.uk/europepmc/webservices/rest/search	resultType=core & pageSize=200 & format=json & query=TITLE:"Escherichia coli" AND (ABSTRACT:"CRISPRi" OR ABSTRACT:"CRISPR interference") AND (ABSTRACT:"essential genes" OR ABSTRACT:"gene essentiality" OR ABSTRACT:"fitness")	https://www.ebi.ac.uk/europepmc/webservices/rest/search?resultType=core&pageSize=200&format=json&query=TITLE%3A%22Escherichia%20coli%22%20AND%20%28ABSTRACT%3A%22CRISPRi%22%20OR%20ABSTRACT%3A%22CRISPR%20interference%22%29%20AND%20%28ABSTRACT%3A%22essential%20genes%22%20OR%20ABSTRACT%3A%22gene%20essentiality%22%20OR%20ABSTRACT%3A%22fitness%22%29	one request; no cursorMark sent; pageSize 200 is not less than the hit count, so the page is the whole result	response field hitCount	Europe PMC source:id (MED is a PubMed PMID, PPR a preprint record, ETH a thesis record)	2026-10-05T18:15:31Z	200	9	9	65464	fcea442361659a13beda0a11fdf71c07344698510d4260346db41f3505690f7d	2026-10-05T19:10:13Z	200	9	9	65464	fcea442361659a13beda0a11fdf71c07344698510d4260346db41f3505690f7d	no	byte-identical	none	none	MED:42754710;PPR:PPR1112236;MED:38262349;PPR:PPR649277;MED:34634934;MED:33462433;MED:33080209;MED:30814571;MED:28618222	none
cx_epmc_proteome_mg1655	counter-example query	Europe PMC RESTful search	GET	https://www.ebi.ac.uk/europepmc/webservices/rest/search	resultType=core & pageSize=200 & format=json & query=(TITLE:"MG1655" OR ABSTRACT:"MG1655") AND (ABSTRACT:"proteome" OR ABSTRACT:"proteomics" OR ABSTRACT:"proteomic") AND (ABSTRACT:"quantitative" OR ABSTRACT:"absolute" OR ABSTRACT:"quantification" OR ABSTRACT:"abundance")	https://www.ebi.ac.uk/europepmc/webservices/rest/search?resultType=core&pageSize=200&format=json&query=%28TITLE%3A%22MG1655%22%20OR%20ABSTRACT%3A%22MG1655%22%29%20AND%20%28ABSTRACT%3A%22proteome%22%20OR%20ABSTRACT%3A%22proteomics%22%20OR%20ABSTRACT%3A%22proteomic%22%29%20AND%20%28ABSTRACT%3A%22quantitative%22%20OR%20ABSTRACT%3A%22absolute%22%20OR%20ABSTRACT%3A%22quantification%22%20OR%20ABSTRACT%3A%22abundance%22%29	one request; no cursorMark sent; pageSize 200 is not less than the hit count, so the page is the whole result	response field hitCount	Europe PMC source:id (MED is a PubMed PMID, PPR a preprint record, ETH a thesis record)	2026-10-05T18:15:33Z	200	15	15	103467	a0f407ee2629fc3caa49c9051e6287015137a0a919d05c2f499440d25bc7efd4	2026-10-05T19:10:16Z	200	15	15	103467	156e0dade89b7a32dbdec9606d0508167c2b1f1f52abe81e113ea2b184f6bc9c	no	bytes differ; parsed JSON equal (object keys serialised in a different order)	none	none	MED:42795500;MED:39641251;PPR:PPR836040;MED:37725887;MED:33630151;MED:39624728;MED:32117137;MED:31158228;MED:21268264;MED:27604403;PPR:PPR55503;MED:25463932;MED:25998438;MED:26143086;MED:18402659	none
cx_epmc_proteome_ecoli_absolute	counter-example query	Europe PMC RESTful search	GET	https://www.ebi.ac.uk/europepmc/webservices/rest/search	resultType=core & pageSize=200 & format=json & query=TITLE:"Escherichia coli" AND (TITLE:"proteome" OR TITLE:"proteomics" OR TITLE:"proteomic") AND (ABSTRACT:"absolute" OR ABSTRACT:"copies per cell" OR ABSTRACT:"copy numbers" OR ABSTRACT:"mass fraction")	https://www.ebi.ac.uk/europepmc/webservices/rest/search?resultType=core&pageSize=200&format=json&query=TITLE%3A%22Escherichia%20coli%22%20AND%20%28TITLE%3A%22proteome%22%20OR%20TITLE%3A%22proteomics%22%20OR%20TITLE%3A%22proteomic%22%29%20AND%20%28ABSTRACT%3A%22absolute%22%20OR%20ABSTRACT%3A%22copies%20per%20cell%22%20OR%20ABSTRACT%3A%22copy%20numbers%22%20OR%20ABSTRACT%3A%22mass%20fraction%22%29	one request; no cursorMark sent; pageSize 200 is not less than the hit count, so the page is the whole result	response field hitCount	Europe PMC source:id (MED is a PubMed PMID, PPR a preprint record, ETH a thesis record)	2026-10-05T18:15:36Z	200	24	24	181868	884863f8058c20d57b41ff75c57e19b44e9d7e928bf228de2e6b1997218263b4	2026-10-05T19:10:18Z	200	24	24	181868	c6b7aecf4fc2f399293d8d0e0879939e3ff5f7b74414086f987c133160dd3ec2	no	bytes differ; parsed JSON equal (object keys serialised in a different order)	none	none	MED:36013250;MED:34032011;MED:35744663;MED:35847082;MED:32622246;MED:31275533;MED:31670254;MED:32146421;MED:25063446;MED:26217677;MED:30630470;MED:30340642;MED:27331106;MED:27157636;MED:29375496;MED:25712329;MED:29090858;MED:25205128;MED:27618897;MED:27135411;MED:19767571;MED:24559513;MED:22771841;MED:24482123	none
cx2_epmc_ft_tnseq	counter-example query	Europe PMC RESTful search	GET	https://www.ebi.ac.uk/europepmc/webservices/rest/search	resultType=lite & pageSize=100 & format=json & query=TITLE:(transposon OR "Tn-seq" OR TraDIS OR essential OR essentiality) AND "MG1655" AND ("essential genes" OR "gene essentiality") AND ("Tn-seq" OR TraDIS OR "transposon sequencing" OR "transposon insertion sequencing") AND OPEN_ACCESS:y	https://www.ebi.ac.uk/europepmc/webservices/rest/search?resultType=lite&pageSize=100&format=json&query=TITLE%3A%28transposon%20OR%20%22Tn-seq%22%20OR%20TraDIS%20OR%20essential%20OR%20essentiality%29%20AND%20%22MG1655%22%20AND%20%28%22essential%20genes%22%20OR%20%22gene%20essentiality%22%29%20AND%20%28%22Tn-seq%22%20OR%20TraDIS%20OR%20%22transposon%20sequencing%22%20OR%20%22transposon%20insertion%20sequencing%22%29%20AND%20OPEN_ACCESS%3Ay	one request; no cursorMark sent; pageSize 100 is not less than the hit count, so the page is the whole result	response field hitCount	Europe PMC source:id (MED is a PubMed PMID, PPR a preprint record, ETH a thesis record)	2026-10-05T18:20:14Z	200	24	24	21918	bdac96127058033735e2a500c85c8e3947faab0f3644cd38a21a201a22b86e3c	2026-10-05T19:10:20Z	200	24	24	21918	bdac96127058033735e2a500c85c8e3947faab0f3644cd38a21a201a22b86e3c	no	byte-identical	none	none	PPR:PPR1227693;MED:41790830;MED:42523113;PPR:PPR1122707;MED:41628264;MED:40148565;MED:36507678;MED:40981419;MED:38019006;MED:34090324;MED:36970845;MED:36290776;MED:35111142;MED:34252089;MED:34870287;MED:29339415;MED:38987999;MED:30403660;MED:28994778;MED:31404118;MED:29463657;MED:31506471;MED:27599549;MED:30464174	none
cx2_epmc_ft_crispri	counter-example query	Europe PMC RESTful search	GET	https://www.ebi.ac.uk/europepmc/webservices/rest/search	resultType=lite & pageSize=100 & format=json & query=TITLE:(CRISPRi OR "CRISPR interference" OR dCas9) AND "MG1655" AND ("genome-wide" OR "genome-scale") AND (fitness OR essential) AND OPEN_ACCESS:y	https://www.ebi.ac.uk/europepmc/webservices/rest/search?resultType=lite&pageSize=100&format=json&query=TITLE%3A%28CRISPRi%20OR%20%22CRISPR%20interference%22%20OR%20dCas9%29%20AND%20%22MG1655%22%20AND%20%28%22genome-wide%22%20OR%20%22genome-scale%22%29%20AND%20%28fitness%20OR%20essential%29%20AND%20OPEN_ACCESS%3Ay	one request; no cursorMark sent; pageSize 100 is not less than the hit count, so the page is the whole result	response field hitCount	Europe PMC source:id (MED is a PubMed PMID, PPR a preprint record, ETH a thesis record)	2026-10-05T18:20:16Z	200	19	19	17338	a1346d296ade40047b9eb72d86fd893a31ed2ab1c1b87eaf41779ad7fa82b983	2026-10-05T19:10:22Z	200	19	19	17338	a1346d296ade40047b9eb72d86fd893a31ed2ab1c1b87eaf41779ad7fa82b983	no	byte-identical	none	none	MED:40352728;MED:40521885;MED:40825783;MED:40157940;MED:41036840;MED:39754035;MED:38909033;MED:38200565;MED:33868193;MED:39420027;MED:36787424;MED:29765036;MED:32352514;MED:29946130;MED:31008359;MED:30403660;MED:32808670;MED:35194207;MED:33332762	none
cx2_epmc_ft_proteome	counter-example query	Europe PMC RESTful search	GET	https://www.ebi.ac.uk/europepmc/webservices/rest/search	resultType=lite & pageSize=100 & format=json & query=TITLE:(proteome OR proteomic OR proteomics) AND "MG1655" AND ("copies per cell" OR "absolute quantification" OR "mass fraction" OR iBAQ OR "absolute protein") AND OPEN_ACCESS:y	https://www.ebi.ac.uk/europepmc/webservices/rest/search?resultType=lite&pageSize=100&format=json&query=TITLE%3A%28proteome%20OR%20proteomic%20OR%20proteomics%29%20AND%20%22MG1655%22%20AND%20%28%22copies%20per%20cell%22%20OR%20%22absolute%20quantification%22%20OR%20%22mass%20fraction%22%20OR%20iBAQ%20OR%20%22absolute%20protein%22%29%20AND%20OPEN_ACCESS%3Ay	one request; no cursorMark sent; pageSize 100 is not less than the hit count, so the page is the whole result	response field hitCount	Europe PMC source:id (MED is a PubMed PMID, PPR a preprint record, ETH a thesis record)	2026-10-05T18:20:17Z	200	21	21	19097	4cc8e478593930dea149fc2288b1ba56b37a9cacca87739a50bf6d2182746f13	2026-10-05T19:10:25Z	200	21	21	19097	4cc8e478593930dea149fc2288b1ba56b37a9cacca87739a50bf6d2182746f13	no	byte-identical	none	none	MED:34032011;PPR:PPR1228798;MED:40133894;MED:34427514;MED:31178895;MED:40136535;MED:35243241;MED:37795991;MED:26641532;MED:34161321;MED:36479616;MED:33465077;MED:27039284;MED:36688801;MED:35963929;MED:34389727;MED:32867221;MED:31781086;MED:28570583;MED:31375721;MED:26632588	none
cx_pride_mg1655_p0	counter-example query, page 0	PRIDE Archive REST v3 project search	GET	https://www.ebi.ac.uk/pride/ws/archive/v3/search/projects	keyword=MG1655 & pageSize=100 & page=0	https://www.ebi.ac.uk/pride/ws/archive/v3/search/projects?keyword=MG1655&pageSize=100&page=0	page 0 of pages 0 to 2 at pageSize 100; page 2 is empty, which ends the listing	sum of returned records over pages 0 to 2 (the response body carries no total)	ProteomeXchange project accession	2026-10-05T18:19:01Z	200	133	100	998627	1b6d1393934ed06a70ccda96c6ef5b2749e9c0da47cfc598a19967a53bf956a5	2026-10-05T19:10:29Z	200	133	100	998627	e6cb2105dffdfa4872c4490298582f9a1c448586f5e4d8ed362267b137a1ed40	no	bytes differ; parsed JSON equal (object keys serialised in a different order)	none	none	PXD081385;PXD081045;PXD080500;PXD080501;PXD079272;PXD076108;PXD075568;PXD075198;PXD071262;PXD071282;PXD068962;PXD068274;PXD067665;PXD065186;PXD064677;PXD063721;PXD063229;PXD062881;PXD062171;PXD061973;PXD061583;PXD061388;PXD060434;PXD059580;PXD058707;PXD057429;PXD056597;PXD055766;PXD055252;PXD055134;PXD054715;PXD053915;PXD053812;PXD051962;PXD051521;PXD049478;PXD048273;PXD048225;PXD048035;PXD047785;PXD047588;PXD047410;PXD047394;PXD047376;PXD046864;PXD046861;PXD046017;PXD045656;PXD044835;PXD041148;PXD040869;PXD040621;PXD039446;PXD039132;PXD037724;PXD037277;PXD036884;PXD036475;PXD036219;PXD035927;PXD035923;PXD035496;PXD035278;PXD035233;PXD033554;PXD032725;PXD030312;PXD030283;PXD029931;PXD028020;PXD027810;PXD027117;PXD026425;PXD026420;PXD026423;PXD026427;PXD026426;PXD026428;PXD026421;PXD026422;PXD026432;PXD026403;PXD026217;PXD025370;PXD023243;PXD022526;PXD022286;PXD022098;PXD021798;PXD021374;PXD020342;PXD020005;PXD019900;PXD019188;PXD019058;PXD018248;PXD018153;PXD017582;PXD017035;PXD016298	A further request of this page at 2026-10-05T19:11:43Z saved the response headers: total_records: 133; its body has the re-issue SHA-256.
cx_pride_mg1655_p1	counter-example query, page 1	PRIDE Archive REST v3 project search	GET	https://www.ebi.ac.uk/pride/ws/archive/v3/search/projects	keyword=MG1655 & pageSize=100 & page=1	https://www.ebi.ac.uk/pride/ws/archive/v3/search/projects?keyword=MG1655&pageSize=100&page=1	page 1 of pages 0 to 2 at pageSize 100; page 2 is empty, which ends the listing	sum of returned records over pages 0 to 2 (the response body carries no total)	ProteomeXchange project accession	2026-10-05T18:19:07Z	200	133	33	402147	60fb9f566d7a95902c8bd9e85cf5b8731c408d8666692e26d7db76be0ddf6081	2026-10-05T19:10:32Z	200	133	33	402147	60fb9f566d7a95902c8bd9e85cf5b8731c408d8666692e26d7db76be0ddf6081	no	byte-identical	none	none	PXD013273;PXD012852;PXD012247;PXD012109;PXD011771;PXD011286;PXD011051;PXD011023;PXD010920;PXD010126;PXD009643;PXD008211;PXD008707;PXD008212;PXD007647;PXD007273;PXD006679;PXD004646;PXD005901;PXD004372;PXD002785;PXD003833;PXD003863;PXD003158;PXD002588;PXD000498;PXD001481;PXD001640;PXD001226;PXD000283;PRD000375;PRD000232;PRD000201	none
cx_pride_mg1655_p2	counter-example query, page 2	PRIDE Archive REST v3 project search	GET	https://www.ebi.ac.uk/pride/ws/archive/v3/search/projects	keyword=MG1655 & pageSize=100 & page=2	https://www.ebi.ac.uk/pride/ws/archive/v3/search/projects?keyword=MG1655&pageSize=100&page=2	page 2 of pages 0 to 2 at pageSize 100; page 2 is empty, which ends the listing	sum of returned records over pages 0 to 2 (the response body carries no total)	ProteomeXchange project accession	2026-10-05T18:19:09Z	200	133	0	3	5984eac0c5c6d947241e29dd5671b81a1546cedf77e08d38438ac47029969afa	2026-10-05T19:10:34Z	200	133	0	3	5984eac0c5c6d947241e29dd5671b81a1546cedf77e08d38438ac47029969afa	no	byte-identical	none	none	none	none
cx_geo_tnseq	counter-example query	NCBI E-utilities esearch, db=gds	GET	https://eutils.ncbi.nlm.nih.gov/entrez/eutils/esearch.fcgi	db=gds & retmode=json & retmax=200 & term=txid511145[Organism:exp] AND gse[ETYP] AND (Tn-seq OR TnSeq OR TraDIS OR transposon)	https://eutils.ncbi.nlm.nih.gov/entrez/eutils/esearch.fcgi?db=gds&retmode=json&retmax=200&term=txid511145%5BOrganism%3Aexp%5D%20AND%20gse%5BETYP%5D%20AND%20(Tn-seq%20OR%20TnSeq%20OR%20TraDIS%20OR%20transposon)	one request; retmax 200 is not less than the count	response field esearchresult.count	GEO DataSets UID; the series accession is GSE followed by the UID minus 200000000 (see cx_geo_summaries)	2026-10-05T18:19:14Z	200	12	12	1244	f91747456929b73282e31c2ed2d771a4d830a5d9762d5d8eb5f0c506288ec0fc	2026-10-05T19:10:35Z	200	12	12	1244	f91747456929b73282e31c2ed2d771a4d830a5d9762d5d8eb5f0c506288ec0fc	no	byte-identical	none	none	200303549;200260455;200165438;200110946;200102386;200102385;200102381;200048807;200048409;200031538;200032022;200017036	none
cx_geo_crispri	counter-example query	NCBI E-utilities esearch, db=gds	GET	https://eutils.ncbi.nlm.nih.gov/entrez/eutils/esearch.fcgi	db=gds & retmode=json & retmax=200 & term=txid511145[Organism:exp] AND gse[ETYP] AND (CRISPRi OR "CRISPR interference" OR dCas9)	https://eutils.ncbi.nlm.nih.gov/entrez/eutils/esearch.fcgi?db=gds&retmode=json&retmax=200&term=txid511145%5BOrganism%3Aexp%5D%20AND%20gse%5BETYP%5D%20AND%20(CRISPRi%20OR%20%22CRISPR%20interference%22%20OR%20dCas9)	one request; retmax 200 is not less than the count	response field esearchresult.count	GEO DataSets UID; the series accession is GSE followed by the UID minus 200000000 (see cx_geo_summaries)	2026-10-05T18:19:15Z	200	3	3	777	1fe96ba59282d0dc8e8dc823cee17959db889b337dbfe9282ba97761ed193be1	2026-10-05T19:10:37Z	200	3	3	777	1fe96ba59282d0dc8e8dc823cee17959db889b337dbfe9282ba97761ed193be1	no	byte-identical	none	none	200267827;200267710;200213624	none
cx_geo_summaries	supporting lookup: records of the fifteen GEO identifiers	NCBI E-utilities esummary, db=gds	GET	https://eutils.ncbi.nlm.nih.gov/entrez/eutils/esummary.fcgi	db=gds & retmode=json & id=200017036,200031538,200032022,200048409,200048807,200102381,200102385,200102386,200110946,200165438,200213624,200260455,200267710,200267827,200303549	https://eutils.ncbi.nlm.nih.gov/entrez/eutils/esummary.fcgi?db=gds&retmode=json&id=200017036,200031538,200032022,200048409,200048807,200102381,200102385,200102386,200110946,200165438,200213624,200260455,200267710,200267827,200303549	one request for fifteen identifiers	number of records returned	GEO DataSets UID	2026-10-05T18:19:26Z	200	15	15	52838	655a16d2df816c7ba428aa4c21c3bfc855e1e8d6b91e3c8e51d7dc00fd8c7583	2026-10-05T19:18:51Z	200	15	15	52838	655a16d2df816c7ba428aa4c21c3bfc855e1e8d6b91e3c8e51d7dc00fd8c7583	no	byte-identical	none	none	200017036;200031538;200032022;200048409;200048807;200102381;200102385;200102386;200110946;200165438;200213624;200260455;200267710;200267827;200303549	Accessions returned: 200017036=GSE17036;200031538=GSE31538;200032022=GSE32022;200048409=GSE48409;200048807=GSE48807;200102381=GSE102381;200102385=GSE102385;200102386=GSE102386;200110946=GSE110946;200165438=GSE165438;200213624=GSE213624;200260455=GSE260455;200267710=GSE267710;200267827=GSE267827;200303549=GSE303549.
cx2_lead_zhao2019	lead lookup	Europe PMC RESTful search	GET	https://www.ebi.ac.uk/europepmc/webservices/rest/search	resultType=lite & pageSize=100 & format=json & query=TITLE:"Multifaceted Stoichiometry Control of Bacterial Operons"	https://www.ebi.ac.uk/europepmc/webservices/rest/search?resultType=lite&pageSize=100&format=json&query=TITLE%3A%22Multifaceted%20Stoichiometry%20Control%20of%20Bacterial%20Operons%22	one request; no cursorMark sent; pageSize 100 is not less than the hit count, so the page is the whole result	response field hitCount	Europe PMC source:id (MED is a PubMed PMID, PPR a preprint record, ETH a thesis record)	2026-10-05T18:20:19Z	200	1	1	1115	cae9a6a6a0dd070af95d4b8a8aa7d7a9efaa2ee50e0aea645f5864e1fb152d38	2026-10-05T19:10:39Z	200	1	1	1115	cae9a6a6a0dd070af95d4b8a8aa7d7a9efaa2ee50e0aea645f5864e1fb152d38	no	byte-identical	none	none	MED:31178895	Resolves to MED:31178895, PMID 31178895, PMCID PMC6544118, DOI 10.3389/fgene.2019.00473 (Zhao J 2019).
cx2_lead_wu2023	lead lookup	Europe PMC RESTful search	GET	https://www.ebi.ac.uk/europepmc/webservices/rest/search	resultType=lite & pageSize=100 & format=json & query=TITLE:"Enzyme expression kinetics by Escherichia coli during transition from rich to minimal media"	https://www.ebi.ac.uk/europepmc/webservices/rest/search?resultType=lite&pageSize=100&format=json&query=TITLE%3A%22Enzyme%20expression%20kinetics%20by%20Escherichia%20coli%20during%20transition%20from%20rich%20to%20minimal%20media%22	one request; no cursorMark sent; pageSize 100 is not less than the hit count, so the page is the whole result	response field hitCount	Europe PMC source:id (MED is a PubMed PMID, PPR a preprint record, ETH a thesis record)	2026-10-05T18:20:20Z	200	1	1	1324	d060baf5f1c22e0c252debe0054ed8f9147dfc94a6ffa5c886238f5762a4b2c4	2026-10-05T19:10:41Z	200	1	1	1324	d060baf5f1c22e0c252debe0054ed8f9147dfc94a6ffa5c886238f5762a4b2c4	no	byte-identical	none	none	MED:36737588	Resolves to MED:36737588, PMID 36737588, PMCID PMC9994330, DOI 10.1038/s41564-022-01310-w (Wu C 2023).
cx2_lead_rishi	lead lookup	Europe PMC RESTful search	GET	https://www.ebi.ac.uk/europepmc/webservices/rest/search	resultType=lite & pageSize=100 & format=json & query=TITLE:"Systematic genome-wide querying of coding and non-coding functional elements"	https://www.ebi.ac.uk/europepmc/webservices/rest/search?resultType=lite&pageSize=100&format=json&query=TITLE%3A%22Systematic%20genome-wide%20querying%20of%20coding%20and%20non-coding%20functional%20elements%22	one request; no cursorMark sent; pageSize 100 is not less than the hit count, so the page is the whole result	response field hitCount	Europe PMC source:id (MED is a PubMed PMID, PPR a preprint record, ETH a thesis record)	2026-10-05T18:20:22Z	200	1	1	901	c80ddf423d5a5312946ce953c8fabf7effe8469b86dafe83f7ebb908ff586701	2026-10-05T19:10:42Z	200	1	1	901	c80ddf423d5a5312946ce953c8fabf7effe8469b86dafe83f7ebb908ff586701	no	byte-identical	none	none	PPR:PPR116170	Resolves to PPR:PPR116170, DOI 10.1101/2020.03.04.975888 (Rishi HS 2020).
cx2_lead_pcnB	lead lookup	Europe PMC RESTful search	GET	https://www.ebi.ac.uk/europepmc/webservices/rest/search	resultType=lite & pageSize=100 & format=json & query=EXT_ID:40157940 AND SRC:MED	https://www.ebi.ac.uk/europepmc/webservices/rest/search?resultType=lite&pageSize=100&format=json&query=EXT_ID%3A40157940%20AND%20SRC%3AMED	one request; no cursorMark sent; pageSize 100 is not less than the hit count, so the page is the whole result	response field hitCount	Europe PMC source:id (MED is a PubMed PMID, PPR a preprint record, ETH a thesis record)	2026-10-05T18:20:24Z	200	1	1	1191	65ecd8264b2ea9226142fdad48777e25eb96deb47c538b66e1f75b1aa21e7f39	2026-10-05T19:10:44Z	200	1	1	1191	65ecd8264b2ea9226142fdad48777e25eb96deb47c538b66e1f75b1aa21e7f39	no	byte-identical	none	none	MED:40157940	Resolves to MED:40157940, PMID 40157940, PMCID PMC11954867, DOI 10.1038/s41467-025-58368-3 (Fang L 2025).
cx2_lead_arike2012	lead lookup	Europe PMC RESTful search	GET	https://www.ebi.ac.uk/europepmc/webservices/rest/search	resultType=lite & pageSize=100 & format=json & query=EXT_ID:22771841 AND SRC:MED	https://www.ebi.ac.uk/europepmc/webservices/rest/search?resultType=lite&pageSize=100&format=json&query=EXT_ID%3A22771841%20AND%20SRC%3AMED	one request; no cursorMark sent; pageSize 100 is not less than the hit count, so the page is the whole result	response field hitCount	Europe PMC source:id (MED is a PubMed PMID, PPR a preprint record, ETH a thesis record)	2026-10-05T18:20:25Z	200	1	1	1069	dc6a1e0f4deb7727e030371538645ba4afd7ec904fd7b0588cf3fbe9ef3abbe6	2026-10-05T19:10:46Z	200	1	1	1069	dc6a1e0f4deb7727e030371538645ba4afd7ec904fd7b0588cf3fbe9ef3abbe6	no	byte-identical	none	none	MED:22771841	Resolves to MED:22771841, PMID 22771841, DOI 10.1016/j.jprot.2012.06.020 (Arike L 2012).
