query_id	date_utc	database	exact_query	hits_returned	ids_retrieved	note	screening_outcome	limits
Q-PM-01	2026-10-07	pubmed	"(""Escherichia coli""[Title/Abstract] OR ""E. coli""[Title/Abstract]) AND (""ribosome profiling""[Title/Abstract] OR ""Ribo-seq""[Title/Abstract] OR ""ribosome footprint*""[Title/Abstract])"	87	87		87 hits screened by title; retained Li 2014, Mohammad 2019, Zhang 2022, Lalanne 2018, Gorochowski 2019; excluded mechanism/toxin/chaperone studies with no condition panel	No date or language limit. PubMed/GEO via NCBI E-utilities, Europe PMC via its REST search; retmax/pageSize as shown in ids_retrieved. Hits beyond the retrieved count were not screened.
Q-PM-02	2026-10-07	pubmed	"(""Escherichia coli""[Title/Abstract] OR ""E. coli""[Title/Abstract]) AND (""ribosome profiling""[Title/Abstract] OR ""Ribo-seq""[Title/Abstract]) AND (proteom*[Title/Abstract] OR ""mass spectrometry""[Title/Abstract])"	19	19		19 hits; retained Li 2014 and Mori 2021; the rest pair Ribo-seq with targeted MS, not a proteome	No date or language limit. PubMed/GEO via NCBI E-utilities, Europe PMC via its REST search; retmax/pageSize as shown in ids_retrieved. Hits beyond the retrieved count were not screened.
Q-PM-03	2026-10-07	pubmed	"(""Escherichia coli""[Title/Abstract] OR ""E. coli""[Title/Abstract]) AND (multi-omic*[Title/Abstract] OR multiomic*[Title/Abstract] OR ""multi-omics""[Title/Abstract]) AND (transcriptom*[Title/Abstract] OR RNA-seq[Title/Abstract]) AND (proteom*[Title/Abstract])"	30	30		30 hits; all reviews or non-E. coli multi-omics except the AG3C line; excluded	No date or language limit. PubMed/GEO via NCBI E-utilities, Europe PMC via its REST search; retmax/pageSize as shown in ids_retrieved. Hits beyond the retrieved count were not screened.
Q-PM-04	2026-10-07	pubmed	"(""Escherichia coli""[Title/Abstract]) AND (transcriptom*[Title/Abstract] AND proteom*[Title/Abstract]) AND (""same samples""[Title/Abstract] OR ""matched""[Title/Abstract] OR ""paired""[Title/Abstract] OR ""parallel""[Title/Abstract])"	5	5		5 hits; none added	No date or language limit. PubMed/GEO via NCBI E-utilities, Europe PMC via its REST search; retmax/pageSize as shown in ids_retrieved. Hits beyond the retrieved count were not screened.
Q-PM-05	2026-10-07	pubmed	"(""Escherichia coli""[Title/Abstract]) AND (absolute[Title/Abstract] AND proteome[Title/Abstract]) AND (quantif*[Title/Abstract] OR copies[Title/Abstract] OR abundance[Title/Abstract])"	23	23		23 hits; retained Schmidt 2016, Mori 2021, Zhao-adjacent absolute-quantification work	No date or language limit. PubMed/GEO via NCBI E-utilities, Europe PMC via its REST search; retmax/pageSize as shown in ids_retrieved. Hits beyond the retrieved count were not screened.
Q-PM-06	2026-10-07	pubmed	"(""Escherichia coli""[Title/Abstract]) AND (""translation efficiency""[Title/Abstract] OR ""protein synthesis rate*""[Title/Abstract]) AND (genome-wide[Title/Abstract] OR transcriptome-wide[Title/Abstract] OR global[Title/Abstract])"	27	27		27 hits; no new datasets	No date or language limit. PubMed/GEO via NCBI E-utilities, Europe PMC via its REST search; retmax/pageSize as shown in ids_retrieved. Hits beyond the retrieved count were not screened.
Q-GEO-01	2026-10-07	gds	"""Escherichia coli""[Organism] AND (""ribosome profiling""[All Fields] OR ""Ribo-seq""[All Fields] OR ""ribosome footprint""[All Fields]) AND gse[ETYP]"	71	71		71 series; the Ribo-seq candidate space for E. coli; shortlisted GSE182100, GSE53767, GSE119104, GSE233555, GSE95211	No date or language limit. PubMed/GEO via NCBI E-utilities, Europe PMC via its REST search; retmax/pageSize as shown in ids_retrieved. Hits beyond the retrieved count were not screened.
Q-GEO-02	2026-10-07	gds	"""Escherichia coli""[Organism] AND (""RNA-seq""[All Fields] OR ""transcriptome""[All Fields]) AND gse[ETYP] AND (""MG1655""[All Fields] OR ""K-12""[All Fields])"	406	300		406 hits, 300 records retrieved (retmax); used for breadth, not for final selection	No date or language limit. PubMed/GEO via NCBI E-utilities, Europe PMC via its REST search; retmax/pageSize as shown in ids_retrieved. Hits beyond the retrieved count were not screened.
Q-GEO-03	2026-10-07	gds	"""Escherichia coli""[Organism] AND (proteom*[All Fields] AND (transcriptom*[All Fields] OR ""RNA-seq""[All Fields])) AND gse[ETYP]"	42	42		42 series; surfaced no same-study RNA+protein deposit beyond the AG3C series	No date or language limit. PubMed/GEO via NCBI E-utilities, Europe PMC via its REST search; retmax/pageSize as shown in ids_retrieved. Hits beyond the retrieved count were not screened.
Q-GEO-04	2026-10-07	gds	"""Escherichia coli""[Organism] AND gse[ETYP] AND ""expression profiling by high throughput sequencing""[DataSet Type] AND 50:2000[Number of Samples]"	86	86		86 series with 50-2000 samples; surfaced GSE94117 (152 samples) and GSE126081	No date or language limit. PubMed/GEO via NCBI E-utilities, Europe PMC via its REST search; retmax/pageSize as shown in ids_retrieved. Hits beyond the retrieved count were not screened.
Q-EPMC-01	2026-10-07	Europe PMC REST search	"((""Escherichia coli"") AND (""ribosome profiling"" OR ""Ribo-seq"") AND (""RNA-seq"") AND (proteomic* OR ""mass spectrometry"")) AND (SRC:""MED"" OR SRC:""PPR"")"	405	100		405 full-text hits, 100 retrieved; screened by title for E. coli dataset papers	No date or language limit. PubMed/GEO via NCBI E-utilities, Europe PMC via its REST search; retmax/pageSize as shown in ids_retrieved. Hits beyond the retrieved count were not screened.
Q-EPMC-02	2026-10-07	Europe PMC REST search	"(""Escherichia coli"") AND (""same culture*"" OR ""same biological replicate*"" OR ""split aliquot*"" OR ""parallel aliquot*"") AND (transcriptom* AND proteom*)"	225	100		225 hits, 100 retrieved; the same-culture phrasing search; AG3C was the only matched-culture multi-omics series found	No date or language limit. PubMed/GEO via NCBI E-utilities, Europe PMC via its REST search; retmax/pageSize as shown in ids_retrieved. Hits beyond the retrieved count were not screened.
Q-EPMC-03	2026-10-07	Europe PMC REST search	"(""Escherichia coli"" AND ""MG1655"") AND (RNA-seq AND proteom*) AND (""biological replicate*"") AND (ACCESSION_TYPE:""geo"" OR ACCESSION_TYPE:""pride"")"	28	28		28 hits; accession-typed search, no new datasets	No date or language limit. PubMed/GEO via NCBI E-utilities, Europe PMC via its REST search; retmax/pageSize as shown in ids_retrieved. Hits beyond the retrieved count were not screened.
Q-EPMC-04	2026-10-07	Europe PMC REST search	"(""Escherichia coli"") AND (""absolute quantification"" OR ""copies per cell"" OR ""protein mass fraction*"") AND (proteome) AND (""growth condition*"" OR ""growth rate*"")"	574	100		574 hits, 100 retrieved; absolute-proteome candidates: Schmidt 2016, Mori 2021, Peebo 2015, Valgepea 2013	No date or language limit. PubMed/GEO via NCBI E-utilities, Europe PMC via its REST search; retmax/pageSize as shown in ids_retrieved. Hits beyond the retrieved count were not screened.
Q-EPMC-05	2026-10-07	Europe PMC REST search	"(""Escherichia coli"") AND (""recoded"" OR ""genome recoding"" OR ""synonymous recoding"") AND (transcriptom* OR proteom* OR ""ribosome profiling"")"	434	100		434 hits, 100 retrieved; recoding-adjacent leads recorded in the review, not screened as datasets	No date or language limit. PubMed/GEO via NCBI E-utilities, Europe PMC via its REST search; retmax/pageSize as shown in ids_retrieved. Hits beyond the retrieved count were not screened.
Q-PM-07	2026-10-07	pubmed	"(""Escherichia coli""[Title/Abstract]) AND (""molecular phenotype""[Title/Abstract] OR ""growth conditions""[Title/Abstract] OR ""nutrient""[Title/Abstract]) AND (RNA-seq[Title/Abstract] AND proteom*[Title/Abstract])"	5	5		5 hits; no new datasets	No date or language limit. PubMed/GEO via NCBI E-utilities, Europe PMC via its REST search; retmax/pageSize as shown in ids_retrieved. Hits beyond the retrieved count were not screened.
Q-PM-08	2026-10-07	pubmed	"(""Escherichia coli""[Title/Abstract]) AND (transcriptom*[Title/Abstract] AND proteom*[Title/Abstract] AND metabolom*[Title/Abstract])"	30	30		30 hits; no new datasets beyond AG3C	No date or language limit. PubMed/GEO via NCBI E-utilities, Europe PMC via its REST search; retmax/pageSize as shown in ids_retrieved. Hits beyond the retrieved count were not screened.
Q-PM-09	2026-10-07	pubmed	"(""Escherichia coli""[Title/Abstract]) AND (""compendium""[Title/Abstract] OR ""atlas""[Title/Abstract] OR ""resource""[Title/Abstract]) AND (RNA-seq[Title/Abstract] OR transcriptom*[Title/Abstract])"	71	71		71 hits; retained PRECISE-1K and Sastry 2019	No date or language limit. PubMed/GEO via NCBI E-utilities, Europe PMC via its REST search; retmax/pageSize as shown in ids_retrieved. Hits beyond the retrieved count were not screened.
Q-GEO-05	2026-10-07	gds	"""Escherichia coli""[Organism] AND gse[ETYP] AND (""ribosome profiling""[All Fields] OR ""Ribo-seq""[All Fields]) AND (""MG1655""[All Fields])"	45	45	MG1655 ribo-seq series	45 MG1655 Ribo-seq series; established that no MG1655 series has 3 replicates per growth condition	No date or language limit. PubMed/GEO via NCBI E-utilities, Europe PMC via its REST search; retmax/pageSize as shown in ids_retrieved. Hits beyond the retrieved count were not screened.
Q-EPMC-06	2026-10-07	Europe PMC REST search	"(AUTH:""Caglar MU"" OR AUTH:""Houser JR"") AND (""Escherichia coli"")"	5	5	MURI project authors	5 hits; established the AG3C publication set (Houser 2015, Caglar 2017, Caglar 2018)	No date or language limit. PubMed/GEO via NCBI E-utilities, Europe PMC via its REST search; retmax/pageSize as shown in ids_retrieved. Hits beyond the retrieved count were not screened.
Q-EPMC-06b	2026-10-07	Europe PMC REST search	"(AUTH:""Caglar MU"" OR AUTH:""Houser JR"") AND (""Escherichia coli"")"	5	5	MURI project authors	repeat of Q-EPMC-06 for printing; same 5 hits	No date or language limit. PubMed/GEO via NCBI E-utilities, Europe PMC via its REST search; retmax/pageSize as shown in ids_retrieved. Hits beyond the retrieved count were not screened.
