feature_index_0	label	segment_number	start_1	end_1	length	strand	coordinate_system
0	seg0	0	1	52072	52072	1	Ec_Syn57 design; 1-based inclusive
926	seg1	1	52073	83667	31595	1	Ec_Syn57 design; 1-based inclusive
1592	seg2	2	83668	128739	45072	1	Ec_Syn57 design; 1-based inclusive
2377	seg3	3	128740	172722	43983	1	Ec_Syn57 design; 1-based inclusive
3317	seg4	4	172723	219471	46749	1	Ec_Syn57 design; 1-based inclusive
4085	seg5_2	5	217576	265780	48205	1	Ec_Syn57 design; 1-based inclusive
5055	seg6	6	265781	311929	46149	1	Ec_Syn57 design; 1-based inclusive
5947	seg7	7	311930	359054	47125	1	Ec_Syn57 design; 1-based inclusive
6880	seg8	8	359055	404327	45273	1	Ec_Syn57 design; 1-based inclusive
7716	seg9	9	404328	451546	47219	1	Ec_Syn57 design; 1-based inclusive
8741	seg10_A	10	451547	472693	21147	1	Ec_Syn57 design; 1-based inclusive
9262	seg10_B	10	472565	496783	24219	1	Ec_Syn57 design; 1-based inclusive
9827	seg11	11	496784	542469	45686	1	Ec_Syn57 design; 1-based inclusive
10727	seg12	12	542470	587443	44974	1	Ec_Syn57 design; 1-based inclusive
11524	seg13	13	587444	633557	46114	1	Ec_Syn57 design; 1-based inclusive
12434	seg14	14	633558	678196	44639	1	Ec_Syn57 design; 1-based inclusive
13292	seg15	15	678197	722769	44573	1	Ec_Syn57 design; 1-based inclusive
14228	seg16	16	722770	767240	44471	1	Ec_Syn57 design; 1-based inclusive
15166	seg17	17	767241	811373	44133	1	Ec_Syn57 design; 1-based inclusive
15968	seg18	18	811374	856008	44635	1	Ec_Syn57 design; 1-based inclusive
16729	seg19	19	856009	900470	44462	1	Ec_Syn57 design; 1-based inclusive
17769	seg20	20	900471	946781	46311	1	Ec_Syn57 design; 1-based inclusive
18773	seg21	21	946782	993330	46549	1	Ec_Syn57 design; 1-based inclusive
19730	seg22_3	22	993231	1038269	45039	1	Ec_Syn57 design; 1-based inclusive
20647	seg23	23	1038270	1083543	45274	1	Ec_Syn57 design; 1-based inclusive
21637	seg24	24	1083544	1127901	44358	1	Ec_Syn57 design; 1-based inclusive
22470	seg25	25	1127902	1172807	44906	1	Ec_Syn57 design; 1-based inclusive
23384	seg26	26	1172808	1218038	45231	1	Ec_Syn57 design; 1-based inclusive
24334	seg27	27	1218039	1263194	45156	1	Ec_Syn57 design; 1-based inclusive
25258	seg28	28	1263195	1315580	52386	1	Ec_Syn57 design; 1-based inclusive
26402	seg29	29	1315581	1360443	44863	1	Ec_Syn57 design; 1-based inclusive
27384	seg30	30	1360444	1406412	45969	1	Ec_Syn57 design; 1-based inclusive
28357	seg31	31	1406413	1451204	44792	1	Ec_Syn57 design; 1-based inclusive
29290	seg32	32	1451205	1495645	44441	1	Ec_Syn57 design; 1-based inclusive
30180	seg33	33	1497051	1545314	48264	1	Ec_Syn57 design; 1-based inclusive
31163	seg34	34	1545315	1590330	45016	1	Ec_Syn57 design; 1-based inclusive
32077	seg35	35	1590331	1634696	44366	1	Ec_Syn57 design; 1-based inclusive
33022	seg36	36	1634697	1681404	46708	1	Ec_Syn57 design; 1-based inclusive
34064	seg37	37	1681405	1726395	44991	1	Ec_Syn57 design; 1-based inclusive
35076	seg38	38	1726396	1770862	44467	1	Ec_Syn57 design; 1-based inclusive
36187	seg39	39	1770863	1817149	46287	1	Ec_Syn57 design; 1-based inclusive
37120	seg40	40	1817150	1863089	45940	1	Ec_Syn57 design; 1-based inclusive
38162	seg41	41	1863090	1909122	46033	1	Ec_Syn57 design; 1-based inclusive
39106	seg42	42	1909123	1953524	44402	1	Ec_Syn57 design; 1-based inclusive
39978	seg43	43	1953525	2000420	46896	1	Ec_Syn57 design; 1-based inclusive
40871	seg44	44	2000421	2046443	46023	1	Ec_Syn57 design; 1-based inclusive
41885	seg45	45	2046444	2090965	44522	1	Ec_Syn57 design; 1-based inclusive
42806	seg46	46	2090966	2135434	44469	1	Ec_Syn57 design; 1-based inclusive
43700	seg47	47	2135435	2182106	46672	1	Ec_Syn57 design; 1-based inclusive
44678	seg48	48	2182107	2227413	45307	1	Ec_Syn57 design; 1-based inclusive
45639	seg49	49	2227415	2272085	44671	1	Ec_Syn57 design; 1-based inclusive
46553	seg50	50	2272086	2317533	45448	1	Ec_Syn57 design; 1-based inclusive
47394	seg51	51	2317534	2363461	45928	1	Ec_Syn57 design; 1-based inclusive
48297	seg52	52	2363462	2407959	44498	1	Ec_Syn57 design; 1-based inclusive
49285	seg53	53	2407960	2454798	46839	1	Ec_Syn57 design; 1-based inclusive
50295	seg54	54	2454799	2498943	44145	1	Ec_Syn57 design; 1-based inclusive
51338	seg55	55	2498944	2548988	50045	1	Ec_Syn57 design; 1-based inclusive
52508	seg56	56	2548989	2594867	45879	1	Ec_Syn57 design; 1-based inclusive
53297	seg57	57	2594868	2639669	44802	1	Ec_Syn57 design; 1-based inclusive
54163	seg58	58	2639670	2685799	46130	1	Ec_Syn57 design; 1-based inclusive
55094	seg59	59	2685800	2730295	44496	1	Ec_Syn57 design; 1-based inclusive
55864	seg60	60	2730296	2774906	44611	1	Ec_Syn57 design; 1-based inclusive
56921	seg61_2	61	2774907	2823455	48549	1	Ec_Syn57 design; 1-based inclusive
57813	seg62	62	2823456	2867709	44254	1	Ec_Syn57 design; 1-based inclusive
58628	seg63	63	2867710	2911945	44236	1	Ec_Syn57 design; 1-based inclusive
59386	seg64_3	64	2908917	2958563	49647	1	Ec_Syn57 design; 1-based inclusive
60191	seg65	65	2958564	3006464	47901	1	Ec_Syn57 design; 1-based inclusive
61133	seg66	66	3006465	3054838	48374	1	Ec_Syn57 design; 1-based inclusive
61999	seg67	67	3054839	3104085	49247	1	Ec_Syn57 design; 1-based inclusive
63135	seg68	68	3104086	3150708	46623	1	Ec_Syn57 design; 1-based inclusive
64028	seg69	69	3150709	3195107	44399	1	Ec_Syn57 design; 1-based inclusive
64981	seg70	70	3195108	3240577	45470	1	Ec_Syn57 design; 1-based inclusive
66267	seg71	71	3240578	3285330	44753	1	Ec_Syn57 design; 1-based inclusive
67254	seg72	72	3285331	3332509	47179	1	Ec_Syn57 design; 1-based inclusive
68218	seg73	73	3332510	3378318	45809	1	Ec_Syn57 design; 1-based inclusive
69037	seg74	74	3378319	3423999	45681	1	Ec_Syn57 design; 1-based inclusive
69931	seg75	75	3424000	3472113	48114	1	Ec_Syn57 design; 1-based inclusive
70769	seg76	76	3472114	3516772	44659	1	Ec_Syn57 design; 1-based inclusive
71601	seg77	77	3516773	3561771	44999	1	Ec_Syn57 design; 1-based inclusive
72520	seg78	78	3561772	3606318	44547	1	Ec_Syn57 design; 1-based inclusive
73325	seg79	79	3606319	3651655	45337	1	Ec_Syn57 design; 1-based inclusive
74057	seg80	80	3651656	3697522	45867	1	Ec_Syn57 design; 1-based inclusive
75034	seg81	81	3697523	3742394	44872	1	Ec_Syn57 design; 1-based inclusive
76019	seg82	82	3742395	3787706	45312	1	Ec_Syn57 design; 1-based inclusive
77002	seg83	83	3787707	3832130	44424	1	Ec_Syn57 design; 1-based inclusive
77927	seg84	84	3832131	3876407	44277	1	Ec_Syn57 design; 1-based inclusive
78894	seg85	85	3876408	3921625	45218	1	Ec_Syn57 design; 1-based inclusive
79838	seg86	86	3921518	3973902	52385	1	Ec_Syn57 design; 1-based inclusive
